Name,Category,Data Collection step,Id
DailyCallerVideo,Alt-lite,2,UCfDdlNLRVb1h3_7Xh-WhL3w
Liberty Machine News,Alt-lite,2,UCso6oQ3qy7z61Fr8b0WNBMw
AIU-Resurrection,Alt-lite,2,UCplXdu0g94UynzYCmO2zOjw
Tree Of Logic,Alt-lite,2,UCl3RCEtooHD5bhPCHJw3btA
DailyKenn,Alt-lite,2,UCbukZErY9SjdGTHabMzY7qg
AltRight Truth,Alt-lite,2,UC7tlcXIInkPG5aCkWB9lZOQ
Luke Ford Livestreams,Alt-lite,2,UCSFVD7Xfhn7sJY8LAIQmH8Q
TheSchillingShow,Alt-lite,2,UCtLAZi2CZmDgwgQ51XpqcDQ
ramzpaul,Alt-lite,2,UCIibK0GTXCaQCAamJAepm1g
Actual Justice Warrior,Alt-lite,4,UCzzLIhDbFYU46T4VFBz_m_g
patcondell,Alt-lite,4,UCWOkEnBl5TO4SCLfSlosjgg
The Hateful Gaels,Alt-lite,2,UCDhuG96y6kUT7tcFgHGj1Ug
TokenLibertarianGirl,Alt-lite,4,UCzIjg5vIfBGcdyLWu6lhXxw
Stefan Molyneux,Alt-lite,1,UCC3L8QaxqEGUiBC252GHy3w
Western Man,Alt-lite,2,UC88rnCuWgaW5KX1zIKr3SUQ
TheIncredibleSaltMine,Alt-lite,4,UCx_SEanFxmYdkylVM1v3RDg
MarkDice,Alt-lite,4,UCzUV5283-l5c0oKRtyenj6Q
Vincent James of The Red Elephants,Alt-lite,4,UCDuIxfEt_VoI1yfARYmfCGA
JustInformed Talk,Alt-lite,4,UCm5CkXzGXb-A2XX0nuTctMQ
6oodfella,Alt-lite,2,UCBVYmXSIzHq_gXMZpsfd9kg
Tommy Robinson,Alt-lite,2,UC6wdP5hTf_phre6Q3kFiV2g
On The Offensive,Alt-lite,2,UCcrgJyI1bSysVE92HPpNNiw
Carpe Donktum,Alt-lite,2,UCgkZARt0VNW7WKS5DOg8sDA
Harrison Hill Smith,Alt-lite,2,UCq44SkRjuB4EOO-1pfOJzzA
Revenge Of The Cis,Alt-lite,2,UC7Ql1bhBYk8LVMpZfkRZJGQ
ProductiehuisEU,Alt-lite,4,UCZO5CoTyLqv72wGluKwBzrA
Luke Ford,Alt-lite,2,UCEYmda1KQTjrhLBeWutKuGA
Lauren Southern,Alt-lite,1,UCla6APLHX6W3FeNLc8PYuvg
Rebel Media,Alt-lite,1,UCGy6uV7yqGWDeUWTZzT3ZEg
Rebel Canada,Alt-lite,1,UCOwtpxZT8kXYfoj0W4XBrjw
Rebel Edge,Alt-lite,1,UCOZN0I173I_3aIDrPw0Irmw
Lauren Chen,Alt-lite,1,UCLUrVTVTA3PnUFpYvpfMcpg
No Bullshit,Alt-lite,1,UCZNk7Jjb2t8EuBdgn4Zj1cw
No Bullshit 2,Alt-lite,1,UCGQHgCgSdUtcWufqzBHDzhA
Laura Loomer,Alt-lite,1,UCsWnDtLWKEMJHKYCc9647yQ
Computing Forever,Alt-lite,1,UCT9D87j5W7PtE7NHOR5DUOQ
Andy Warski,Alt-lite,1,UC2h3yPmh9TfQv2z3aTDTHHA
America First with Nicholas J Fuentes,Alt-lite,1,UCsJ86N5n7fcEC_Ds8dYJKzA
Nick Fuentes Clips,Alt-lite,1,UCrVft1rhiJqIt7USDCwQ9Mg
Paul Joseph Watson,Alt-lite,1,UCittVh8imKanO_5KohzDbpg
Vee,Alt-lite,1,UC8RJExf7iNpV6tp6hvNtwww
Blonde in the Belly of the Beast,Alt-lite,1,UCpbyOgUSjTSPpvVUAT2OyHw
MILO,Alt-lite,1,UC0aVoboXBUx2-tVIWHc3W2Q
Mike Cernovich,Alt-lite,1,UC87YBeLMwXhgaw5tcCxsXgQ
Gavin McInnes,Alt-lite,1,UCPGxwlhPEJE89bT4gB6rzhg
Brittany Pettibone,Alt-lite,1,UCesrUK_dMDBZAf7cnjQPdgQ
Brave New World,Alt-lite,2,UC659f8KdxrINaB3Ta7TEZzg
Oppressed Media,Alt-lite,2,UC6EyGxVgmTGt27_U9c_oz9g
The Iconoclast,Alt-lite,2,UClJ8Z0YvEm-ClFj3fdQgQkw
grapjas60,Alt-lite,2,UCGwD6FIVFso2IJQmFGgDNKA
thkelly67,Alt-lite,2,UCIKAZwaFnH_QX1ddYDQf-lg
Reverend Simon Sideways,Alt-lite,4,UCazjg_kYZHVqscSSB9lmhOA
Semiogogue,Alt-lite,2,UCck4tqn4wHb3jDhUn9dDVMg
Zach Hing,Alt-lite,2,UCKzrGgxorDwLcVKeaB7euvw
Christopher Anderson,Alt-lite,2,UClQkOIf9OfMCQ4CjlSSPvbQ
Tea Clips,Alt-lite,3,UCZMoAfVZKRS2HKA_gTPQY0g
The Fallen State,Alt-lite,2,UCLrVxw4H4ZJ3LovpdbzF7bw
Alt Hype Streams,Alt-lite,3,UCkbPk0OHdeOnjciSgdzxuzQ
Kelly Day,Alt-lite,2,UCmeZAal3f9_0h3LmYiqNCag
ataxin,Alt-lite,3,UClEDJq5JqDRGo8u8_lYO4gw
RobinHoodUKIP,Alt-lite,2,UCn1wSZL86FfGqZ3aDHiERgw
Make Cringe Great Again,Alt-lite,2,UC2nUwy3lWySoH2tWUiSeOgA
theturningpointusa,Alt-lite,2,UCVrK_pMRp_q8IelpfUCTGLQ
SJWCentral,Alt-lite,2,UC-jlxuVAVEl2PXTaGno7gSA
Aydin Paladin,Alt-lite,3,UCUowFWIWGw6Pv2JqfEj8njQ
DoctorRandomercam,Alt-lite,2,UC72vWiZdUN_Y2OC2RgJ-dvA
hOrnsticles3,Alt-lite,2,UCoNGo02Aai6VQotn-MNnbpw
AustralianNeoCon1,Alt-lite,2,UCzRWedsDooc3jEp1TuLjB4g
Sanity 4 Sweden,Alt-lite,3,UCFSx08Ew0iiWKyAz54Opdhw
NateTalksToYou,Alt-lite,3,UCvBSa6Tzhiz7MrVI_DkwvWA
Slightly Offens*ve,Alt-lite,3,UCMRxoFJPZiBcxgFzxN0ao-w
Jericho Green,Alt-lite,3,UCYY-xsfMg0TKz-gwQOMhcWA
brianoflondon,Alt-lite,3,UCu76O9Ye9k633b2VaLg9cPA
Demirep,Alt-lite,4,UCz-y9OLmILUM1HGCE4Ffbkw
MR. OBVIOUS,Alt-lite,4,UCyznn3etx_6fSK7576JSrKg
Leo Stratton,Alt-lite,2,UCdlMSPp9XSTcbJw422zxWCA
Domination Station,Alt-lite,2,UCqxzXCQqNQ9wSwHPtZKHrlQ
SJW CRINGE MACHINE,Alt-lite,2,UC92qENDvlCKpNCkUwJnFdkA
SkidRowRadio,Alt-lite,4,UCrPxYLadOjSyh3iQkvw_SJw
IRmep Stream,Alt-lite,4,UCO7RCW2ep2QtzYGMz6g7Uqw
Toad McKinley,Alt-lite,4,UCDPujMbho9Nq-iB7aTJsMUQ
Mister Metokur,Alt-lite,4,UCfYbb7nga6-icsFWWgS-kWw
A1Cvenom,Alt-lite,2,UCPdJkk0VcWWiIQ1I6UFmV_w
Styxhexenhammer666,Alt-lite,1,UC0rZoXAD5lxgBHMsjrGwWWQ
AllNationsParty,Alt-lite,3,UC2AopvAmRGD2rGjG6PK97Hg
libertydollshouse,Alt-lite,3,UCaEgjV59fLXgnN5BJdLsD3Q
The Weekly Sweat,Alt-lite,3,UC9azT7MBd3jU4DoTt0AW3gw
TheBechtloff,Alt-lite,3,UClQPwGSqpatKM-NZJ_DGfhw
jaydyer,Alt-lite,3,UCnt7Iy8GlmdPwy_Tzyx93bA
MichelleRempel,Alt-lite,3,UCySf1uJJxjMDryRywEzUR2w
The Amazing Lucas,Alt-lite,3,UCIgbxKzg2BpGN_AQ6uarXDw
Bearing,Alt-lite,3,UCwW_vaMPlq8J4weKDsfeJzw
Liberty Hangout,Alt-lite,3,UCQMb7c66tJ7Si8IrWHOgAPg
OneTruth4Life,Alt-lite,3,UC7KZFVVnKjiCzkxWD-Qrakg
Beacom Of Light,Alt-lite,3,UCcdH7Be-X8famDsPVwIKEYA
Undoomed,Alt-lite,3,UCTrecbx23AAYdmFHDkci0aQ
John Ward,Alt-lite,3,UCkeGEMunZIoGUyP7z0pMYmQ
Dangerfield,Alt-lite,3,UCSkC7KNQHSSeOfRGtKgDm4A
Dr. Steve Turley,Alt-lite,3,UCCsiAKRKcgzA_372WbXNBaw
BlazeTV,Alt-lite,2,UCKgJEs_v0JB-6jWb8lIy9Xw
Bull Brand,Alt-lite,2,UCij5BjgH6WjDqOzB6UZZpjA
Tipping Point With Liz Wheeler on OAN,Alt-lite,2,UCMfKNuYXBc9bxb0fg2cGTBg
Jacob Wohl,Alt-lite,2,UCBw4kFsnixcIm3mef2cvfjg
Dinesh D'Souza,Alt-lite,2,UC8GAOCAJxBL4bExaUCvwL4Q
UNITE AMERICA FIRST,Alt-lite,2,UCNohUmuAnQa29YmaxzbaksA
Daily Caller,Alt-lite,2,UCP4BdwPKyYnfRLjSNfGAPRA
AltRight.com,Alt-right,1,UCSTy-H5lSiCcozas32sfJlQ
AmRenVideos,Alt-right,1,UCMLbmp5tcLxzahMLTmeM4lg
AmRen Podcasts,Alt-right,1,UCyZVnp-_owuoPlzNJNtaxZQ
The Reality Calls Show,Alt-right,1,UCmtALVZjXFzb4v3fIXDmDyw
Faith J Goldy,Alt-right,1,UClMWnUHbxJKJLUgloN1mPUA
Traditionalist Worker Party,Alt-right,1,UC4f8Z2XefBDL421pnNEQH0Q
Matt Forney,Alt-right,1,UCFc0stDRUkeBDc36qZeox1g
Red Ice TV,Alt-right,1,UCFUC7NaTxZanB_FVOJN92eg
NPI / Radix,Alt-right,1,UC_NPMpK-gZVIKqvDRljgbBA
Johnny Monoxide,Alt-right,1,UC2JVrseRgh0ccDQ7c8qnXTQ
Baked Alaska 2,Alt-right,1,UCXfJ65sVQ5F3nJsm86yM6jA
CounterCurrentsTV,Alt-right,1,UC94FYUJYBqq4CHPhfJUCxDw
iambakedalaska,Alt-right,1,UCAgBUlIpzlJaE0693J3s97w
Staying Woke,Alt-right,1,UCp-c7UZowNgx_sGtGCI8M1g
Ayla Stewart Wife With A Purpose,Alt-right,1,UCZeP6H2mELnRI9imY5Iga0g
Bre Faucheux,Alt-right,1,UCOtFVJUoek4TKZAaeQVhiLA
James Allsup,Alt-right,1,UCIZBXVGIJoJMXf8giib0IiQ
Jean-François Gariépy,Alt-right,1,UCowcNKm1w2GGw5U_XQeduhg
The Golden One,Alt-right,1,UCN0-RRaxMgh86eOwndAklxw
MillennialWoes,Alt-right,1,UCLfhh63n0fWn0gXXKQ5NWvw
Voxiversity,Alt-right,1,UCutpp9X6rKErxUkv4wKBRPA
MW Live,Alt-right,1,UCNP2yhz10CUEKhzHCUu2r4Q
Darkstream,Alt-right,1,UCGJNdaSwFeP3pLd1MhN0dRg
Black Pigeon Speaks,Alt-right,1,UCmrLCXSDScliR7q8AxxjvXg
augustussolinvictus,Alt-right,1,UCZmn5TswQ0m13ihKsbJ8Wzw
Jason Kessler,Alt-right,1,UC68k9B1W2GTDZv9e10ySrxA
This is Europa,Alt-right,2,UCBceihEYR7elOoeWTuDhAzA
Awakened Saxon,Alt-right,4,UCVyzFlPnWjqrgVljH8QUiCQ
Truth Against The World,Alt-right,2,UCoWQunH1zvFa6u3IoMXQjRw
The Last Stand,Alt-right,2,UCnxxPKzboofuvEjFGofkm9A
OnlineWipe,Alt-right,3,UC7-24nwy8Zg_Yweu6ujnZjA
VertigoPolitix,Alt-right,3,UCP-rwC3mqNH1cVYYVZHziKw
Jan Kerkoff,Alt-right,2,UCK68w5LvF6DIOqZAU0uUqSQ
The Leftovers,Alt-right,3,UCmzjD8K7LfpkYs-hs3fZP1w
jackburton2009,Alt-right,2,UCGUg8tKiuqCM3ZCAy3XdmKA
Matthew North,Alt-right,2,UC66IBH4uFkBTzEh2olFFJSg
nightmarefuel,Alt-right,2,UCyOOQJzQSNMjFJqb3gQENtg
The James Delingpole Channel,Alt-right,2,UCur6nu-T7FilkEztCm_S8yA
Borzoi Boskovic,Alt-right,3,UCao3EH2t9wOFPmu2F4i4bag
The Lion,Alt-right,3,UCRAxuaq1xwUGuQ_KaOYbUXg
Dissident View,Alt-right,2,UCnXCniozJS4YQAM9n0ocKzQ
NeatoBurrito Productions,Alt-right,3,UCZtDKD0pFpPclXA7ZAti90w
Morrakiu,Alt-right,3,UCJpdwEg7vrj_61e0Bfnx02w
Prince of Zimbabwe,Alt-right,3,UCVO8YsD87ibqRGIJ7o8sOzg
Little Revolution,Alt-right,3,UCcAhXQl-YWTU9wzfm5R5t7g
Danny 1488,Alt-right,3,UCWoPKumdlQTSw1M4UPsYXzQ
Oswald Spengler,Alt-right,3,UCIfnKm98q78j2ZNcfSQhhCQ
The Revolutionary Conservative,Alt-right,3,UCRr7mGBwURyRGM2BRPV3hNQ
14 Sacred Words,Alt-right,3,UCQHb0fs5LiCGf8E8o_duxNQ
Laura Towler,Alt-right,3,UCRWRClsBI3p9gnYO8UBst2g
TRS Radio,Alt-right,3,UC9E2GVCdoEQGd1MN-JRkjNw
LibertarianRealist2,Alt-right,3,UC3FqYK9UCKtmcTwSYo7mwpw
Serp Kerp,Alt-right,3,UC0b-vEnPRxtkMJj7xxDnJIA
LaughingMan0X,Alt-right,3,UCr6gdokI-jE_T1b5AmOOdxg
Steve Trueblue,Alt-right,2,UCqDUhDiWJdk3inMxtEPOUWw
Marie Cachet,Alt-right,3,UCLM6JlQkQ9tltBL9Bipci9g
NewEuropeANP,Alt-right,4,UC7FwgvmNdQC_3KJhew7cfNQ
The Rational Rise,Alt-right,2,UCdEfsAy6rUDPnm9HwKA_asg
Traditionalist Youth Network,Alt-right,2,UCKmcfC22VcMbUMJAAWq9zdw
eliharman,Alt-right,2,UCPaDUD522GNh4WqMqTnzO2A
Stand Up Europe,Alt-right,2,UC1B82kNwoGlRwcFt3xWa6Rg
TheArmenianNation,Alt-right,2,UC3eWseER6XOMR6RcwcIJ23A
ThuleanPerspective,Alt-right,2,UChBsOxskMpDmBAsgJ91fKcg
American Pride,Alt-right,2,UCUXTC5yhqkNTKDvK5-lAUJw
Engländer,Alt-right,2,UCg3sDb6KYo-IuU94Ym08H3g
The Alternative Hypothesis,Alt-right,2,UC2w1CQqPli4w94-PCg2UvJQ
Corpus Mentis,Alt-right,2,UCvX0YZy3iET81JImRRKnAfQ
Alt-Right Tankie,Alt-right,2,UCFWmmu2MmGW8Obc5pNDDJmw
Mark Collett,Alt-right,2,UCdf14z6V0MWNeVcbAz0r8wQ
Charles Zeiger,Alt-right,2,UC7zgrGKsGDeeu9xrz2qNTXg
Revcon Media,Alt-right,2,UCc7nGMWfSL48llqTeyQNQ_Q
andy nowicki,Alt-right,2,UCSTp3xBWG5SbMiDwjJQQ0Lg
Real McGoy,Alt-right,2,UCoHbKigbQVbt6mygvfKwgmA
American Pride 2,Alt-right,2,UCxBZXHQ2aTr8Bdw8s5ZY4xQ
AustralianRealist,Alt-right,2,UCHC60upCUfq7EAfw6oDQRDA
Alt Right,Alt-right,2,UChKlct63f5tEY-twY8TKAcg
WhiteRabbitRadioTV,Alt-right,2,UCkXYznmArMELRxH_36uM1lQ
InvincibleNumanist,Alt-right,4,UCI3rQP3WFT_GwNRtnjHHqzw
BigCatKayla Livestreams,Alt-right,2,UCP9oVEmpxbxmHd1_s3w6wTw
Patrick Slattery,Alt-right,2,UCQB3Xg02E0MOlyfitgw2qhg
The Great Dolemite,Alt-right,2,UC2LSaEGBHvAvNf9ufcJfk2w
Nacionalista Blanco del SoCal,Alt-right,2,UCtBv3C8qTj7kaRGVu8UQfLQ
Dismantle The Matrix,Alt-right,2,UCQZdMTHwIw_fZRk0wI8oqkQ
Be Open MInded,Alt-right,2,UCRRiIGO2htEoKTB73q9Mjsw
ArktosOnline,Alt-right,2,UC0h-sR-xyYLX7sSO46ovo2A
Nationalist Media Network,Alt-right,2,UCuVUvrf4H3XnwNa2yvFXxYA
No White Guilt,Alt-right,2,UCkY8CvV8WQFe87CZGmvuYHA
Augustus Invictus for United States Senate,Alt-right,2,UCsdPzJBJYQlsKigw_3XTqJw
Just James,Incel,1,UCOYhgosLesFDd_hUpWGf1iA
Blue Skies Media,Incel,1,UCpFKlATawMhKF5xehVOZLLA
Monday FA Monday,Incel,1,UCTqKAe_hNq-kFp1ss6Lga6g
You wouldn't like me when I get gutta,Incel,1,UCxcVvBUylGdjCS4jz5PVSag
KingOfTFL,Incel,1,UCoExCKBtf2ZsF-nrZqcXQyQ
Link,Incel,1,UCVk0E-MUK5ukPbDfP2QcFYg
Oreoman,Incel,1,UCCo7CvP9sYIWK0B2ihuW2dw
BlackpillMafia,Incel,2,UCd14vyyg49J_ISVHSWEMjsQ
Vav,Incel,2,UCdKUh2i6PBILzqD3rPiS8nw
First Last,Incel,2,UCn1fwrq_QO0WkzBjdIM-8uQ
AsHBoY,Incel,2,UCpDAdprUWs21wyWwbv_Z4pw
Coach Black Pill,Incel,2,UC5m-1lIBZeSSSDDSbl9sNFw
Top Dollar Black Pill Gangster,Incel,2,UCcYXfb3ftov8m-dwcDpO00g
Incel TV,Incel,2,UCV3oX6B8Uq8VMh_L5zStVfg
Incel Uprising,Incel,2,UCnL31BzrmNz8MHwrCLhnjIw
NullCyber,Incel,2,UCdNyLKP5CW9dPQka8SwXHUA
TheUnreal1,Incel,2,UCDp4wd-htp51Ir5aByUN15w
Off Grid Prosperity,Incel,1,UCUcpr6naAk-kCA1L8OOM5Nw
Kenneth The Golden Child,Incel,2,UCDBRuSWtxU8cQeZ-iVd_gvw
RICEPILL,Incel,2,UCocq2LGS2ApHcu3O0PJa2eA
DontPanicTheRapper,Incel,2,UCOaH9Cetw1_eAyUxpl6aqwQ
Blackpill Bishop,Incel,2,UCXHKuD1uuh-jsoh6CmF6rww
Looks Theory,Incel,2,UCGlLEGoGE1ZUAMQcUFNa8QQ
SteveDougson,Incel,1,UCVaWf4IhCjjMHGVeTvXcS1g
The Incel Experience,Incel,2,UCHU64hE5gBhdJk4iqGejHIw
Mainlander,Incel,1,UCG5aDTHFulVQViF9E-FTzNw
GynoPrince,Incel,2,UC7JWVo-MDRhNBiU7Dp8j6kg
Samuel Maxwell,Incel,1,UC1uqC_EGj8qge9msaf699YQ
Jack Peterson,Incel,2,UCoi355TFIZ3nc2ODfE8WGoA
Facehacking: The Science of Attraction,Incel,2,UCa3DmNrFcBTQbtNPkF0iprA
BrendioEEE,Incel,1,UCZjz2s4DyU6TrGzXJQ_VBRw
Kyle H.,Incel,1,UCTWyeeDyUn1GCEzb6XZG7MQ
FACEandLMS,Incel,1,UC41VQF08gjJGz5tYyp5ezfw
Never Give Up,Incel,3,UCh-yZehWlvPds-NewsXpzwg
Virgin Messiah,Incel,1,UCZ5VQ34f6yxjlkLaq8lbgvA
Downhill D Mille,Incel,1,UC3VGE_oMmD3qzI9yEco0I1w
Hell by the Dashboard Light,Incel,1,UCpsuUgmFvHpDXs96pgdrq6g
HeedAndSucceed,Incel,1,UCpk7Ru_tqTSEiKJzlmFxLgw
Rejected-From-Eve .Zero,Incel,1,UCGERZ-3ZyAJqevZtw9PCatQ
TFL at was,Incel,1,UCQgiVTdHRr7NI4xIdJui5Wg
William Lupinacci,Incel,1,UCYQ2gQbvIwIM90N13dnkvwg
BigBOSSCalvin83,Incel,1,UCO01qpeL29tfw4RTwTZv-sw
Savage Facts,Intellectual Dark Web,2,UCPvPtUY5MOoaQqg3i7xeEIw
JRE Clips,Intellectual Dark Web,1,UCnxGkOGNMqQEUMvroOWps6Q
Ben Shapiro Thug Life,Intellectual Dark Web,2,UCiTnIVJLN3wBHM9EQx4kW8g
Social Justice Fails,Alt-lite,2,UClGh7QkXnUikoRUo6RSVlMA
Owen Benjamin,Intellectual Dark Web,1,UCyQsQSKayfcZoHaCjqxxSlg
Rebel Wisdom,Intellectual Dark Web,1,UCFQ6Gptuq-sLflbJ4YY3Umw
Crysta,Intellectual Dark Web,2,UCRa_kxWOnJsSSb7S0ijguBw
SargonofAkkad100,Alt-lite,1,UC-yewGHQbNFpDrGM0diZOLA
The Thinkery,Alt-lite,1,UCpiCH7qvGVlzMOqy3dncA5Q
PowerfulJRE,Intellectual Dark Web,1,UCzQUP1qoWDoEbmsQxvdjxgQ
joerogandotnet,Intellectual Dark Web,1,UCZOEywSEwg8YZcKMoI5mHgA
Owen Benjamin Clips,Intellectual Dark Web,1,UChtQHPkYDY0gQOOMEpVUlNA
Matt Christiansen,Intellectual Dark Web,1,UCxeY-wRrb65Jt37QHa5xMog
Lindsay Shepherd,Intellectual Dark Web,1,UCTjxmzChimJa3X_rAgLAnxg
Gad Saad,Intellectual Dark Web,1,UCLH7qUqM0PLieCVaHA7RegA
Informative,Intellectual Dark Web,2,UC-c75h4LnBiLziZw0nzDm9w
MeaningofLife.tv,Intellectual Dark Web,2,UCyXhXAmTRVfeiD8JkWJ7Tzg
ybrook,Intellectual Dark Web,2,UCabMx-URCjr2toe9wOE3Y-Q
Glenn Beck,Intellectual Dark Web,2,UCEao2vcm4FzkXKJQCH6mvWw
Transliminal,Intellectual Dark Web,2,UC3yl-2o2mOPmsjgxDXTKbCA
YAFTV,Intellectual Dark Web,2,UC4-AGCUwX7C-D4BsBook9fQ
The Heritage Foundation,Intellectual Dark Web,2,UC5bEfSFTYQVfLCwkhBt8NtQ
ZeroFox Given,Intellectual Dark Web,2,UCliHpHuY_aIZ7pGWO9tUx_w
Conversations with Bill Kristol,Intellectual Dark Web,2,UCmA54XhpFJWyw_Bsj1jYsMw
battleofideas,Intellectual Dark Web,2,UCjoF4jS4oR479_Y2y9Oksbg
AynRandInstitute,Intellectual Dark Web,2,UCM6z9wqPxdRHjAC_Pjdp5yQ
Gravitahn,Intellectual Dark Web,2,UCskcws9RtJPRM02UVe43BQA
1791,Intellectual Dark Web,2,UCp4oMaqaY0hIoT9jafj1g8g
The Free Speech Club,Intellectual Dark Web,2,UCioON-JvOyXE-aZ2-UCBqDw
Notes For Space Cadets,Intellectual Dark Web,2,UCFVabwlhdsTGiqOgCEZyUXg
TheAtlasSociety,Intellectual Dark Web,2,UCPLjGLElB8hKpUkiZ1mnxeg
ReasonTV,Intellectual Dark Web,2,UC0uVZd8N7FfIZnPu0y7o95A
American Justice,Intellectual Dark Web,2,UCW5BbfOqiBPIf_SZOe85Wjg
Desi-Rae Thinking,Intellectual Dark Web,2,UC-uP8fChoXf3FTHyttRRkUw
CISAus,Intellectual Dark Web,2,UC5c-JkKHb0YxFZ81XBtFCmw
successcouncil,Intellectual Dark Web,2,UCchU0j9bXOa_E1xbxB5MqbQ
Sam Harris,Intellectual Dark Web,1,UCNAxrHudMfdzNi6NxruKPLw
StevenCrowder,Alt-lite,1,UCIveFvW-ARp_B_RckhweNJw
Bret Weinstein,Intellectual Dark Web,1,UCi5N_uAqApEUIlg32QzkPlg
Jordan B Peterson Clips,Intellectual Dark Web,1,UCodkb-qBktJI5NrUsPYpf7g
JordanPetersonVideos,Intellectual Dark Web,1,UCL_f53ZEJxp8TtlOkHwMV9Q
Ben Shapiro,Intellectual Dark Web,1,UCnQC_G5Xsjhp9fEJKuIcrSw
The Rubin Report,Intellectual Dark Web,1,UCJdKr0Bgd_5saZYqLCa9mng
bloggingheads.tv,Intellectual Dark Web,2,UCeamuoYuBeRnRRbmq5CmjVg
Sinatra_Says,Intellectual Dark Web,4,UCl9s0VpZwQuvTCyZj_VtCwg
MrAndsn,Intellectual Dark Web,2,UC26rydyZRPAr51aJ2k9QHTQ
The Unplugged Observer,Intellectual Dark Web,2,UCOh7DIo6IRIccz6QMkWkWlQ
Washington Watch,Intellectual Dark Web,2,UCWCtoOXSwTcbVjOiK8iFGUg
Sargon of Akkad Live,Alt-lite,3,UC6cMYsKMx6XicFcFm7mTsmA
The Daily Wire,Intellectual Dark Web,3,UCaeO5vkdj5xOQHp4UmIN6dw
PragerUniversity,Intellectual Dark Web,3,UCZWlSUNDvCCS1hBiXV0zKcA
Bite-sized Philosophy,Intellectual Dark Web,3,UCo9QgwWCNEhDxL1gH-jxa8Q
Dose of Truth,Intellectual Dark Web,3,UCNdW82WWvjQEF5tUWVXvdKg
Sorting Myself Out,Intellectual Dark Web,3,UC2i_hx_UfauBFh5DA3YWfDg
ManOfAllCreation,Intellectual Dark Web,3,UC_SD8q_CLdAoeb1_uiJOvmA
HowTheWorldWorks,Intellectual Dark Web,3,UCtD9a-aXIYS6-e-8s7DISiw
AgatanFoundation,Intellectual Dark Web,3,UCb062gdTsC6FPvnzCPVvsTw
The Heartland Institute,Intellectual Dark Web,3,UCzp8QlVd_hDLfK1LMLDu3dQ
Rekt Idiots,Intellectual Dark Web,3,UC2TNY0ME37MkgM15RpORfIw
DronetekPolitics,Intellectual Dark Web,3,UCavk8KLWg5sWuDGrNIiqZ4A
Davie Addison,Intellectual Dark Web,3,UC3EiomuXs-spYm7ZjAdHR6Q
Count Dankula,Alt-lite,4,UC7SeFWZYFmsm1tqWxfuOTPQ
Galactic Bubble Productions,Intellectual Dark Web,4,UC3C9u_BSiOCQQGI4pjey9dQ
The Andrew Klavan Show,Intellectual Dark Web,4,UCyhEZKz-LOwgktptEOh6_Iw
The New Criterion,Intellectual Dark Web,2,UC5eXl6eJPzMavFFwfi8-nIg
CoolHardLogic,Intellectual Dark Web,4,UCx3s3t5kpD4VMfJjDi5keXw
Brother Nathanael,Intellectual Dark Web,2,UCtBqVgzL_cDv_t9o2hFiXXg
The Propertarian Institute,Intellectual Dark Web,3,UCpJykKGRQ4601DzVkkGk7bA
Motte & Bailey,Intellectual Dark Web,2,UCQAX5byYdc8DTauoY0TzxiQ
The Daily Truth,Intellectual Dark Web,2,UCTfTzFsutLOxGtmr5tqeKgA
Douglas Murray Archive,Intellectual Dark Web,2,UCUOn7uOg8vTCufzS9Nc5jFQ
ZIEeICoZ,Intellectual Dark Web,2,UCxnEZ871BO_ONcbJKC1TG7w
Amazing Atheist,NONE,2,UCjNxszyFPasDdRoD9J6X-sw
Liberty us,Intellectual Dark Web,2,UCFIwb4_NANvMLCbdqcOD6Vw
wikileaksplus,Intellectual Dark Web,2,UCAFa0zt3iJtEki2dotOfvrg
Trigger Happy Media,Intellectual Dark Web,2,UC8KbWhBEWVlEdkHmETx8MlA
Benjamin A Boyce,Intellectual Dark Web,2,UCm13xHVNFVwzHzK3QHSaZ3Q
MG,Intellectual Dark Web,2,UCpuA3Aw-71YIVkk2yhV3Jjw
bmdavll,Intellectual Dark Web,2,UCRZsTalc2L7VjRJNzHeN4vg
Enlightainment,Intellectual Dark Web,2,UCJuJlgVsGrHF2713S93UeCQ
Pragmatic Entertainment,Intellectual Dark Web,2,UCtbEiMMo4xyU1hWa3Y5MsAw
Mike Nayna,Intellectual Dark Web,2,UCzk08fzh5c_BhjQa1w35wtA
Freedom Speaks,Intellectual Dark Web,2,UCJY11HEYjxGgXr9O24JzmHg
xUnlimitedMagz,Intellectual Dark Web,2,UCVOpH1nJioh1d7UgTnZ98kg
VikNand,Intellectual Dark Web,2,UCGyBhZvqlWjGZHNHrBzj2vQ
Jordan Peterson Fan Channel,Intellectual Dark Web,2,UCFh3dBRQToGvu8bjr-CdV4Q
Clash of Ideas,Intellectual Dark Web,2,UCzGwq0bZp0echSzCx0rjTFg
WisdomTalks,Intellectual Dark Web,2,UC4GzVIbK8bria6AOy43hY4Q
Essential Truth,Intellectual Dark Web,2,UCFkDAsyfvgxqNyue4F4HHww
theovonk,Alt-lite,2,UC5AQEUAwCh1sGDvkQtkDWUQ
TheArchangel911,Intellectual Dark Web,2,UCt4byS0vUsmAB_hX4NHNUkA
Atheist Foundation of Australia Inc,Intellectual Dark Web,2,UCGMCH9ZQRfLT3qQpZIqGPzg
tmcleanful,Intellectual Dark Web,2,UCQZ1lsBP6eMCQXxk41XpMew
The Pondering Primate,Intellectual Dark Web,2,UCmVzhZ-0vh6sjLKHKGrGMRg
Maximilien Robespierre,Intellectual Dark Web,2,UCSiYkMylC3F_eQfIodMHkOw
PhilosophyInsights,Intellectual Dark Web,2,UCZViJTyN0OXTTuPQ2mimNWw
Pangburn,Intellectual Dark Web,2,UCm5J1Fu_dHgBcMTpXu-NXUw
Free Thinker Silver,MGTOW,2,UCwtGHPbMWBRvfGCyDQ-bNfQ
Howard Dare,MGTOW,1,UCs-brcHDxKqrOGU9cEWuCMQ
Liberation Y,MGTOW,3,UCrBFmNZB-Pwk1n0Bk_Ivwbw
Manosphere Environment,MGTOW,2,UCFlDbTySKx1uRx4R50w-9eA
King Richez On Fire,MGTOW,2,UC-Wz_tOR0ChooAoesAUv4Lw
Alexander Juan Antonio Cortes,MGTOW,2,UCn0ZK0ayG3eJhQC_j90wBmw
Wise2daGame,MGTOW,2,UCU80Ocd--K1vzTGYxMjEiOw
MGTOW Truth,MGTOW,2,UCIC8GH44FjpllvFu5DzO5xw
John Nada,MGTOW,2,UCrBS0YjL5OO8iBnV6f6M-bw
Undead Chronic,MGTOW,2,UCFe3hqzU5BhiKdXlqjc1KtA
MGTOW MANINAZI,MGTOW,2,UCmr4cFcLqeRUk6Km3vaGotA
Marcel Enlightened,MGTOW,2,UCrv0NCiVhht6HfViwlaVJBA
The Mad MGTOW,MGTOW,2,UCzH0b69GmcdQg-ArmrgeNsQ
Johnny MGTOW,MGTOW,2,UC_OGIvbOor3bUybYaUTIo3w
M TMM,MGTOW,2,UCHJRJ0f4qV5eQzH3LerhyJA
fat guy Mgtow,MGTOW,2,UCnN9VhiGlmjCz0JaZi3GnkQ
Cyber Monk,MGTOW,2,UCRiQPLkTbRXwVuoeRNjJohg
JDAWG MGTOW,MGTOW,2,UCWvzoD9t7tIKV3WjOzk-Yfw
Yogi Oabs,MGTOW,2,UCyc9mFN1Gf24xfO0cl8gJug
Alexander Grace,MGTOW,2,UCeY3vg1r0KrvuyPOi7T39eA
Calrisianthagod,MGTOW,2,UCR0srRLH-bri5HPnoaZJclw
HardHittingHealthTruth J,MGTOW,2,UCRboG-2RFSZbOs4LQo6bKOw
The Thinking Man's Templar,MGTOW,2,UCb7fZ328aBqOClRuAOOKjqw
Mr Forma,MGTOW,2,UC4u39IvAzPFPz3K7Nxg2o4g
Kingee Mgtow,MGTOW,2,UCpbACnMmFIaKjCbwrZROXvg
Zangatti,MGTOW,2,UCWrbXJxmAol4DZdfiz2-vIw
Yorkshire MGTOW,MGTOW,2,UCFsAy88-PQxn8NiahfBCwgg
Stephon Clinkscales,MGTOW,2,UC3n-Hywbms82-FPejNPpnEA
College MGTOW,MGTOW,2,UChJNXTQCr7YIziV8d1H6tXw
Sidney MGTOW,MGTOW,2,UCSKhcq_fYLgYMWzVw52GjBg
Southern Male,MGTOW,2,UCVOPAzWt7c7bG1r2WkmV3Jg
EMAN67,MGTOW,2,UCnOofSLpyiDQcThNKf2JJGw
LFA,MGTOW,4,UCkS25_BA441NQMkbJG_k9Kg
Jaye de Black,MGTOW,4,UCXmSzYyPQ6CuCzwitLclnjg
lastsecshot,MGTOW,4,UCM96pu5VCp13f7P8Ar7qUjg
MonsterManTV,MGTOW,4,UCF1F7bQ_7-C8_JMDiIKE6LQ
RPOS,MGTOW,4,UCHwIeue1WcJzfS2dvCVuiWA
EntrepreneursInCars,MGTOW,3,UCuKqtwPO5ci5_KoZGbfl33g
Mountain MGTOW,MGTOW,3,UCoZ_kgm4fIOm3n3EgDbEncw
Hammer Hand,MGTOW,3,UCtCAKno3zALipFdpdY1ZLjA
The Ukrainian Lens,MGTOW,3,UC0qSkLTzo-40rA-WvzjTHDg
TheMABExperience,MGTOW,3,UCyLHoOMy2mcIq7v5BFnNQww
CoachGregAdams,MGTOW,3,UClLNqr9kTEehlf7jSiSLJVg
RF SQUARE,MGTOW,3,UCauYZm2lm1MufqCN9zIrXyA
Sunrise Hoodie,MGTOW,3,UCjVhxbG6CPGw3YP-BpaOIqA
Happy Humble Hermit,MGTOW,3,UCd4xRbTbKS3CI8I17YjTBNQ
The Solitary Wolf,MGTOW,3,UCueXoXyOKbhDfnub_28eC7A
MEN101,MGTOW,2,UCMPAwSx-57jgqImqEYxZiXg
Captain Sinbad,MGTOW,2,UC8XKyvQ5Ne_bvYbgv8LaIeg
The Enlightened Kiwi,MGTOW,2,UCDRhy5G0TGF0nHdMjSH2E6w
Jaded Creep,MGTOW,2,UCjl9iBBVhu4xziXwjgLwqYQ
Jerry Liu,MGTOW,2,UCCIqP2EUeK46bcFuyf8E6dw
L O M,MGTOW,2,UCvGzonGrDIzUQnwJBLe22YQ
Alpha Male Guide,MGTOW,2,UCton5c-eyajfNR_pRcKk86g
Red Pill Mindframe,MGTOW,2,UCH4-z1jU6v1QCZE0hqGcS7Q
MGTOWN,MGTOW,2,UCSGTCm_L2ssNJmScEhJU3og
MGTOW MONEY,MGTOW,2,UC4l_02h-34rlgyUhBaUgcfQ
James Von Maxwell,MGTOW,2,UCezB8ZxKLSmmL2gx8zb4iEw
Coach Red Pill,MGTOW,2,UC5tEELgWBfKbA9fVPRzBzPQ
MrElite O_O,MGTOW,2,UCseRVXO0TkkxjF5Oum6X33A
MGT OW,MGTOW,1,UCKoYrCh8bOYuqAnkXx9Uakw
RazorBladeKandy2,MGTOW,1,UCrSJF7GT6MOm6PxYmv0H3_g
Ronin Man,MGTOW,1,UCj5j4pIgg8gtcRA4iYTWiAg
Sandman,MGTOW,1,UCeCV-XNeZIoHiCGfNYCLh9Q
Turd Flinging Monkey,MGTOW,1,UCbgzmK-mfpjULHZ8SMCuhdg
Bold and Determined,MGTOW,1,UCvM0vwv9wWh13d21f4HdJrw
Redonkulas,MGTOW,1,UCwd_sSDZ8EQt6SEeOO2tBRA
TheALPHACHECK100,MGTOW,2,UC7gAnULJ4WuqXTsIBwAnIBw
Eggy Noggy,MGTOW,2,UCZ9GGHg7ERYgH_pIduMjgdA
bar bar,MGTOW,1,UCDoNFQZqQpd6aL32Ua4JPTQ
RPW,MGTOW,1,UCdGVD4QzNyUrfyX5oiZVtfQ
huMAN,MGTOW,1,UCT2dUsMtd08RfaH12O9DCDg
Thinking-Ape,MGTOW,1,UCo1qRcO1OehgkOD_fHsu_uQ
Misandry Today,MGTOW,1,UCbJx13WCQq8mpbaIwz6Oanw
Jolly Misanthrope,MGTOW,1,UCV8_fJZJe4GXqPq3bS0f6mw
The Stoic MGTOW,MGTOW,1,UCIEO_w-8_voXDymte5KYw_A
Paul Proteus,MGTOW,1,UCk2AXFIEy8Fq-ExkJxhLh_A
John The Other,MGTOW,1,UC255AfKquZnQMO0amxdEGWw
Groundwork For The Metaphysics of MGTOW,MGTOW,1,UCZrMKcDNPruX8ltP0Y0pOTw
Mayor of MGTOW,MGTOW,1,UCdMPdytnpICXabqQE7LG-sQ
Hannah Wallen,MRA,1,UC_7Bt0vnvdJqAwF8Ow8iT0g
girlwriteswhat,MRA,1,UCcmnLu5cGUGeLy744WS-fsg
Feminism Sucks,MRA,2,UC7sjYgQOIDFRMCzt666_dwA
50 Shades,MRA,2,UCa3meRxRwQrXg__x--Goxrg
Barbarsossa Rants,MRA,3,UCGE8W5_PN-bZ71nrVp9Z3FA
Mark Postgate,MRA,2,UCIl-NGN7bGS4UuMc1vJTyoQ
Felfop Returns,MRA,2,UCXWynYLv9kfV_r7FpNTaJaA
bane666au,MRA,2,UClfqxOGWFlOMQWpIhbhzL2w
JerryTheother,MRA,2,UCuUbALqd-qaVTdAYbVyG2Aw
astrokidnj,MRA,2,UCkFWCK3PrJXjo4Uv5_8l1cA
Katy Khaos,MRA,2,UCzzkMOf2bEImOmu8pcXIFHA
Diapers Off,MRA,2,UCSJt8MQ0bqoAbbFIyu8qOXA
Diana Davison,MRA,2,UCVRQqUgDRBevsDGOeE1DL3A
RB_95,MRA,2,UC_QOZpg4t2hf0BCnWhWM27w
Badger Live Streams,MRA,3,UCcOtHMt1S9Nl4Pycp-FWd8Q
Canadian Association for Equality,MRA,3,UCvlBoX4hBrM2yUglBQcYVHg
HoneyBadgerRadio,MRA,1,UC595wqznMGuY2mi6DKx-qnQ
Whitney Dahlin,MRA,2,UCFmGu_0gJFKQWrbBp5N3oqw
Mike Buchanan,MRA,2,UCKhX1c3ow6BrzdzP3ydpeZQ
Messages for Men,MRA,2,UC0msVj8OXmsvWMz8WofDqWg
Cassiejaye,MRA,2,UCW0XocdjHAzMJmTQIboO8qw
drwarrenfarrell,MRA,1,UCcdQla_9PbQb4-FKFxJN2ag
1menaregood1,MRA,1,UCAlVRoYjDbgLx7j6O2N8-2g
An Ear for Men,MRA,1,UCXNNG0ej_6rU9SxCZ4dyq6w
deanesmay,MRA,1,UCKkxuj6Opa-JV3_s6r2CPEQ
Red Pill Awareness,MRA,1,UCBsCsmpR2GN2O8q2J5noFMA
Attila Vinczer,MRA,1,UC89MuToZunfClmUYoS6-Sow
StudioBrule,MRA,1,UC7PfGhJXlJiDs4jvGGGgqsQ
FatherlessAmerica,MRA,1,UCAgb6xVzZ_Xo6EuE3ne86Nw
CoalitionForMen,MRA,1,UCHaKL3tBNNUBp39ZIxox0bA
carnellspeaks,MRA,1,UCbVCEJ93942EpPqN2AzEyBg
Rollo Tomassi,MRA,2,UC8eLDzfH6YfZRDbDuMsNWiA
KristalDGarcia,MRA,1,UCY82s26DcOzvDgwGYXFcYtw
Forgotten Roots,NONE,2,UCJpN-GBTchQaSVwBbefYMNg
Liberty.me,NONE,2,UC9GLI2PKK0SBl4s9TBBmZDw
The Toxic Male Clips,NONE,3,UCfMd9UCvNrwoF9Q90_thPlQ
Kirix,NONE,2,UCPHCKNP3VeIHRIiWQ5612aw
Argent,NONE,2,UC0uWCUBVPIhgsjai2RN1buQ
David Icke,NONE,2,UCAhmDfQ1LfOYECmNNWgXJ7Q
Matrix Wisdom,NONE,3,UCyYocf7ysbu2Fa2PWs3kE0A
nickmon1112,NONE,3,UCzoOMUc5bPOVcCrqyzVfn8Q
Mad at the Internet,NONE,4,UCgpVO5oxAh7oMk3vynU-2Vg
Think Inc.,NONE,2,UCIcG1DFunampyV70gRlfozw
The Daily Braap,NONE,3,UCBzqti45iz4YLZ4z8u1BuOQ
Anti-Social Media,NONE,2,UC2KAZE9bOba6qDxxCMMgzvw
Palmer Eldritch,NONE,2,UCTnN7rhfuycUklcFZCnKKrA
Stream Clips,NONE,2,UCWs35ztZWrw6pKc2dz3s0GA
Inconspicuous Man,NONE,2,UCuf8fpJoQmy2wFb5W1zOWkA
Help Me Believe,NONE,2,UCsHVE2H24t5QKIrwMRylifg
Patriotic Populist,NONE,2,UCFIyHT6yySaDiAUnqx_qNKg
SolidShibe,NONE,4,UCEck8KzJ_vDtrOBHfoT5q4Q
Survive the Jive,NONE,2,UCZAENaOaceQUMd84GDc26EA
The Patriotic Report,NONE,2,UCy-N04M3rGQMznjIv5g2LGQ
A Call For An Uprising,NONE,4,UCp5x5kxCgg_A220jNIsLyfA
Shannon Gibbs,NONE,4,UC5aT3baqQh2eeN_mpVxVicA
Jack Denmo,NONE,4,UCXlnUMmbfvVBmc5NqzlbFVw
pocketsofthefuture,NONE,3,UCTYu3LHeW4GliTc5iBAkX-w
Thunderf00t,NONE,2,UCmb8hO2ilV9vRa8cilis88A
aanghel,NONE,4,UC9459CRFjiCq52yKuiraD4w
Media Buzz,NONE,3,UCpwjYJfgn_Q86MPV2OU264w
MantelligenceStyle,NONE,4,UCBrKVgNgwYrPuqcxzJCbPHg
George Bruno,NONE,3,UCghz8w8iOn3PDpYi9QuC3bQ
TheLanbla,NONE,2,UCa-QpckLkgzFzG00Tqjsbnw
Black Pill Presentations,NONE,2,UCqgRXahIvfmPqzOVfIsXu6g
THE Forbidden Thinker,NONE,2,UCCdhGyttg_U1mIdb3WELe_Q
Stop Being Confused About Health,NONE,2,UCPz82RASOzerCU1MrYm0SSQ
Looksmax,NONE,2,UCeVo455xDqrLsq7vt7NLQ-g
Astro Sky,NONE,2,UCyy_kETc7LrFPjwgVod1_Mw
Orthotropics,NONE,3,UC6eh59CVGAMTjxo6q9gCMZA
Kings Remedies,NONE,4,UCm6hublvFdiwTgq96q9PM5Q
Weaponized Nerd Rage,NONE,4,UCoYT286QDrUp2hQbDb05FvA
TheJoshSpeaks1,PUA,3,UCwX9Rh2T0LiDPqJNvLGpGlg
ABCs of Attraction,PUA,3,UCEjjHEa3xG6W91ZL7_jSYCw
SquattinCassanova,PUA,2,UCNfKp9eXtcCM1-Nz0mTCGTw
KamaTV,PUA,3,UC2onM4kU0ChVbwlYMemRJEg
Appolonia Ponti,PUA,3,UCYqdbnuvx-jJZByotoNW-5Q
Ryan Black,PUA,3,UC1GvdBQyTeP8eCbcqdRWiZA
naturally bubbly,PUA,3,UCNttYr07FLI6jzz_VUMeF6w
MantelligenceDating,PUA,3,UCfMX1py0agQyBcOKjt2VSzA
Todd V Dating,PUA,3,UCo9XJennsRNhyPbXCq6e8aw
Dan Bacon,PUA,3,UCpjFHKuH-BQELT8lj85vmRw
The Dating Wizard,PUA,2,UCCLBZkbVMsDy3T-ErLOkVdw
Kate Spring,PUA,3,UCNpBDi0eHdQ7-vBr_tZ2ksw
Marni Your Personal Wing Girl,PUA,3,UCCgrWW6fsUVdRD7xI52xhnQ
Elliot Hulse,PUA,3,UCLrI-dOLyDbRnPyUeWadsOg
Tripp Advice,PUA,3,UCjTMOi3cpslA7JUmPdfD6MQ
Based Zeus,PUA,3,UC1PkRYud11ogYDqgdqd23Zw
Street Attraction,PUA,3,UCc33T6QinM7wdXBx8eKpikA
Honest Signalz,PUA,3,UC6BLvNM83VFg0Vgh_aCfOGw
TaySocial,PUA,3,UClKa8mrHgQfeeh5EIDqRfAQ
4 Week Natural,PUA,3,UCPcIrG2d96HDzRqCE93K2Eg
Texas Dom,PUA,3,UC0pud8uplkWWp8SYXjS828g
The Red Man Group,PUA,3,UCY0fILilUr601SPy-wc0XUQ
Ollie Pearce,PUA,3,UCwWkbMqbsawHFyfeGEHb8mA
Bradicus,PUA,3,UCNt2iZyQIgkaW0Bcwhw8PLQ
Motivation Specialist,PUA,3,UCzpGSici-H8VtnhCPp_b3Yg
David Bond,PUA,3,UCyKApv3PvaslEzHR9rwK4_w
AlphaMaleSociety,PUA,4,UCSuIAAH09DiO10JXWdsCQEw
Tanner Guzy,PUA,4,UCHfnqyD8fb_rzkRmZSo0Wng
Connor Murphy,PUA,4,UCwNPPl_oX8oUtKVMLxL13jg
Andrew Foraday,PUA,4,UCsspQFcCZ14d5DPMfVbPuuw
LightsCameraNegeen,PUA,4,UCQFmSsxwJwOALJZp3GYf7Cg
JoshTryhane,PUA,4,UCPsp098EE90Gyqgvo0Eazeg
FashionGameTV,PUA,4,UCwwP0UPUoTPHg2nWe4qERbA
Love Advice TV,PUA,4,UClOZ-fMMvom8p2GWZ_ihpfw
BradBrowningExFactor,PUA,4,UChCFbthWQF4MKA-43SCDB9g
The Charisma Matrix,PUA,4,UCs14Smim-bliHN4GBEom-Vg
Daniel Blake,PUA,2,UC2qovl2JjYyMI_cqznjSGWg
AWxInc,PUA,4,UCaaApS4TMI3KueyAkIQv1XQ
Wade Alters,PUA,4,UCxObD2ivFPpq9Akna40s7Fw
SimpleSexyStupid,PUA,4,UCJgVPwzPxklQr6WHwJLPlew
AlphaMaleSecrets,PUA,2,UCPa30Vkk1iM3rahMbjfltjw
Jack Manley TV,PUA,4,UCWYzs-Mi7SM_n1EgvzIOn3w
MontrealRSDCrew,PUA,4,UCts47p-nMPfpG4zZPB3ZfKA
RSD Luke,PUA,4,UC2XMvfBq5w2P4_ZYOsMlxVg
Sam Overton,PUA,4,UCB6Axmo3AK495fsvuDcLkjg
Social Prime,PUA,4,UC-gs1e4-V16TM5mgo5d_xuw
Anthony Hustle,PUA,3,UCGcZSPnN83GbcqzIJauoogA
Rian Stone,PUA,3,UC4ayoBG3GC0TtiOVX9y2_IQ
Matt Eastwood,PUA,3,UCE34NceQJKjipx5CRG8Qi1Q
How to Beast,PUA,3,UCtQEjfEFzba37ozoXK40r3w
AlphaMconsulting,PUA,3,UC1KbedtKa3d5dleFR6OjQMg
Viking Lifestyle,PUA,3,UCRn-wnGsb6DaXdi9U-afAsA
Sasha Second,PUA,3,UCKCWzpfMtsofk8bm80WzwmA
COCO Chanou,PUA,4,UCdGAMy3KL1lCaaH7_JMvUeg
LiamMcRaeRants,PUA,3,UCr4noD5_Hxn6X_qdaQHA6Kw
The Path of the Modern Man,PUA,2,UCm7cF_PSiLUhXPEVyuG25Gw
The Bowl,PUA,2,UCAPZwfAHn51sSZiFHorTxHA
Dave Perrotta,PUA,2,UCl7GLJo420GdYP7mYZh-yEg
Austen Summers,PUA,2,UCaQs5uEGmuNoj8GGVhnB3kA
LetsGetGirls,PUA,2,UC8X33POhYcIN-JwOaxEz2Lw
Evolution Daily,PUA,2,UCp_3ZnE5OjPbQCO_LbhObGA
Moe Abbassi,PUA,2,UCey8aYvvhqRbZCruPdD5caw
Brian Black,PUA,2,UC4py_gZiZJoyThV0Xwxhzug
Johnnyberba,PUA,1,UCSfAjvVM5cqn7DCng0OR-pQ
willy beck,PUA,1,UCQ69s6pIPwV5tioRAGrG0Tw
Coach Corey Wayne,PUA,1,UCQTAVxA4dNBCoPdHhX9nnoQ
Kezia Noble,PUA,1,UC_fiSXsgDVMLDmExLohAYIA
Richard LaRuina,PUA,1,UCsMzMM6gDS8ZiDIPmatGngg
Michael Valmont,PUA,1,UCD-cyDCJUs80NGUCYTCVPDA
Dating Architect,PUA,2,UC52xQhSiQh5zOTJoooIMOsg
MysteryPickUpArtist0,PUA,2,UC0G7RJSfUaWa2Zfw_0Jyoug
Beckster Lifestyle,PUA,2,UCb1pUSilDPgMaf5P3E8ZRvA
Daygame.com,PUA,2,UCqisd7riZrTjKdU0dqpoONw
The Sasha Daygame Podcast,PUA,3,UCgt1Qx_QBSzF9SLMLY2UnNA
SucceedAtDating,PUA,2,UCTvejcHP9cK5XqCIPZvdAbg
Social Daygame Infield,PUA,2,UC4QWILrhh8gQe99Kmdoba4Q
Badboy lifestyle,PUA,2,UCVQlNTd8M5vD-exIpikpvog
FarFromAverage,PUA,2,UC6Iaz96RkYE-MOjnq5NPgqw
Steve Jabba,PUA,2,UCdHHNkBbGj4tuMo6SjEl1dg
TheSingleLife,PUA,2,UCTJuAgxiigm_gg9YDyq9y8A
Michael The Situation,PUA,2,UC_T1In1fbHpXKEuW8a8-2pg
Nick Krauser,PUA,2,UCiChLqJjX4d_Q6X24ryyqXA
JanLifestyle,PUA,2,UCPLa73c0_QQMZipl1HybtHg
ASIAN ROMANCE,PUA,2,UCEHhJ6PAp-BEW2im0SAfK4w
Sol Dating And Lifestyle,PUA,2,UCagHu20Tuj3zElwZj-w2Fqw
Daygame Australia,PUA,2,UCfGxf1tdjIdtpFY2IjggDNw
Beastmode Magazine,PUA,2,UCmDv0nPpc_lum517VF1e8VA
MrBeneification,PUA,2,UC-Or4JV-ikWES6ZwCVN__PA
21 Studios,PUA,1,UCuErSr7xeR763BzTJL7yJ7A
Venusian Arts,PUA,1,UC258xnugPLjXRPO34QACiBw
The Natural Lifestyle,PUA,1,UCk9SqfJYu5HP5e2dfClpr0g
Satory,PUA,2,UCMBL8vkod4OKHgW_QqvfXwA
Sasha Daygame,PUA,1,UClae1uxKkw28rfX20Jm9Qyg
James Tusk,PUA,2,UCxJiYMtouGpvAdeZyZoHGZg
Alpha Male Strategies,PUA,3,UC0it1cu-mt_IcvLTQ4CWcHw
The33Secrets,PUA,3,UCjwD__1zcIfzVL6l2I5uBdg
tomtorerotv,PUA,2,UC-FIowkUpK-L9sfZRCef_iw
Lifestyle mastery,PUA,2,UCM4bEcJjqR7WlrRIfBIkBdQ
Johnny Cassel,PUA,2,UC0-Uk0ex4khy7c-nYy6Ex-Q
RSD Ozzie,PUA,3,UCJjOsobrGr72uABRLPDyaJQ
AskToddV,PUA,3,UCvmKbukYpA8SagnjSHt_NfQ
RSD Motivation,PUA,3,UCFhYciYV6oyqrOfoZoyoYCg
Nick Kho,PUA,3,UCu5vCs-tKoYzPBxnVF8FYGQ
RSD Max,PUA,3,UCmIq20BSpfq7Y5qS-dQudog
Julien Himself,PUA,3,UCaN4Pe5JEsWzAByY2WfxxjQ
RSD Jeffy,PUA,3,UC_1N_NAJv18XOndxdixfW6g
How to approach her,PUA,2,UCkwcu77254CvudmXRfcTaDg
Coach Kay,PUA,2,UC8_LUYv0d5OSl1V94LH-y3Q
The Fearless Man,PUA,2,UCjyn_K6PpnAUh1KKyYAHsBA
RSD Tyler,PUA,1,UCD4xqm6vJ3K4ntppsE1jL4g
RSD Julien,PUA,1,UCTyvDKLQnpIivQzX9qa5sWA
Victor M Paz Jr,PUA,2,UCOTpnM9yWpZkSp6ZX27QwjQ
Loveme.com,PUA,2,UCjCqhc2OU63ygl53UA-iyHQ
naughtynomadtv,PUA,1,UCqdICzheBUg6W7DyOYQamJA
Tariq Radio,PUA,1,UCjH72OaQxPoKgtv56C-4NOA
GoodLookingLoser69,PUA,1,UCFH8kR8gq7nn9GqSpgwu1kQ
rsdfreetour,PUA,1,UCTF6CEoSHHGTuJwk_zppupw
HayleyQuinnXx,PUA,1,UCyA6r3k8zMF2axgxVz-qTMA
DoubleYourDatingDD,PUA,1,UC7XM4gIpmyH1XNTDEVbSS9w
Elisha Long,PUA,4,UCvF7Ll_WOgQWOw0KZJsVNXQ
PickUpArtistPUA,PUA,2,UCi-ZsSk7G8z2G12KgTjKgZw
John Cooper - Art of Social,PUA,2,UCUVCYTauctWL_VgysXmgTaQ
Roosh V,PUA,1,UC16j6EppP0K85CzYMduNCqw
Mindful Attraction,PUA ,4,UCBmkZCMwh-OqGB5eU2W3QXg
big think,center,0,UCvQECJukTDE2i6aCoMnS-Vg
today i found out,center,0,UC64UiPJwM_e9AqAd7RiD7JA
mental floss,center,0,UCpZ5qUqpW4hW4zdfuBxMSJA
the economist,center,0,UC0p5jTq6Xx_DosDFxVXnWaQ
relevant magazine,center,0,UC4WdIJ_D_lJb87uE3JV5SgQ
consumer reports,center,0,UCOClvgLYa7g75eIaTdwj_vg
world economic forum,center,0,UCw-kH-Od73XDAt7qtH9uBYA
c-span,center,0,UCb--64Gl51jIEVE-GLDAVTg
financial times,center,0,UCoUxsWakJucWg46KW5RsvPw
harvard business review,center,0,UCWo4IA01TXzBeGJJKWHOG9g
military.com,center,0,UC7F2QS7wk6Eq9Z4uabl5rmg
vocativ,center,0,UCe2PK9vNxfogdvkx4jqB8uQ
the indian express,center,0,UCJEDFSxHHOW1PpBccdSxOTA
makeuseof,center,0,UCfXdejDvNviqilmJ9DvGuow
recode,center,0,UCMDxbhGcsE7EnknxPEzC_Iw
investopedia,center,0,UCvwFhI0mrIWDiZUabRapS5Q
vox,left,0,UCLXo7UDZvByw2ixzpQCufnA
gq magazine,left,0,UCsEukrAd64fqA7FjwkmZ_Dw
vanity fair,left,0,UCIsbLox_y9dCIMLd8tdC6qg
mashable,left,0,UCL8Nxsa1LB9DrMTHtt3IKiw
cosmopolitan,left,0,UC4LADtN8xwppFydHUB1s5uA
huffington post (huffpost),left,0,UCZfsrIV68Oegr5bJgAMLBDA
elite daily,left,0,UCqLj_VGACwmDa0FZ4UV3j-w
democracy now,left,0,UCzuqE7-t13O4NIDYJfakrhw
people magazine,left,0,UCGbQJy-531_5vfphay-rChQ
new yorker,left,0,UCsD-Qms-AkXDrsU962OicLw
upworthy,left,0,UCswDowOOvJ-fkCgH9YAITjQ
uproxx,left,0,UCueKD4jxzgHvCISK2pBt0cQ
slate,left,0,UCYC4ijpFZY_CtdElWFyy-Gg
merry jane,left,0,UCSecgeLcJ6qXmE-tgOMYM1Q
good magazine,left,0,UCeHHAF22PljrnnjskZeljmg
new york magazine,left,0,UCJNMUA0J-hgaTmiNEYZf2Jw
vice news,left-center,0,UCZaT_X_mc0BI-djXOlfhqWQ
wired magazine,left-center,0,UCftwRNsjfRo08xYE31tkiyw
the verge,left-center,0,UCddiUEpeqJcYeBxX1IVBKvQ
glamour magazine,left-center,0,UCY9eEaH19ulZmdusctU1ejA
scoopwhoop,left-center,0,UCx2HcmpB-UZGkMXOCJ4QIVA
business insider,left-center,0,UCcyq283he07B7_KUX07mmtA
sky news,left-center,0,UCoMdktPbSTixAyNGwb-UYkQ
cbc news,left-center,0,UCuFFtHWoLl5fauMMD5Ww2jA
the guardian,left-center,0,UCHpw8xwDNhU9gdohEcJu4aA
engadget,left-center,0,UC-6OW5aJYBFM33zXQlBKPNA
washington post,left-center,0,UCHd62-u_v4DvJ8TCFtpi4GA
hollywood reporter,left-center,0,UCZ8Sxmkweh65HetaZfR8YuA
techcrunch,left-center,0,UCCjyq_K1Xwfg8Lndy7lKMpA
rolling stone,left-center,0,UC-JblcinswY50lrUdSaRNEg
lifehacker,left-center,0,UCYGnmkFGP4EgAOqu58JA_lg
global news,left-center,0,UChLtXXpo4Ge1ReTEboVvTDg
feminist frequency,left-center,0,UC7Edgk9RxP7Fm7vjQ1d-cDA
global citizen,left-center,0,UCg3_C7BwcV0kBlJbBFHTPJQ
(the)atlantic,left-center,0,UCK0z0_5uL7mb9IjntOKi5XQ
la times,left-center,0,UCw3SYO_euO0TSPC_m_0Pzgw
san francisco globe,left-center,0,UCeFBQmxaVN-grC9sFmz5ucA
yahoo news,left-center,0,UCF7hznHog_lCTbwxjj1jrPg
scroll.in,left-center,0,UCl8zB2LZOiLLV0jYUMpTEgA
new york daily news,left-center,0,UCx-h2AWPCBJEqzH9HXe2ZIA
forbes,right-center,0,UCmh7afBz-uWwOSSNTqUBAhg
russia insider,right-center,0,UCAvBcst08Tfo4VNtIaRPTNw
ntd.tv (new tang dynasty),right-center,0,UC8Ioh4atNDO5a0Vy2qFmauQ
learn liberty,right-center,0,UCFJNcE0iHj7P6dhp5iCZRLg
new york post,right-center,0,UCrvhNP_lWuPIP6QZzJmM-bw
gulf news,right-center,0,UCXTuTQZarVcFR_fgQXvsLpw
pj media,right,0,UCWq53_f3zgMcWuE-XFKSpyQ
national rifle association (nra),right,0,UCZr49eSL2aHQ_41476IrkbA
project veritas,right,0,UCL9PlYkRD3Q-RZca6CCnPKw
american enterprise institute,right,0,UCt8lRYpzb-sSrKFb4DT2ECw
ron paul liberty report,right,0,UCkJ1N-7g9Q6n7KnriGit-Ig
judicial watch,right,0,UCGDaOZg2INC0Qg2Z203F1dA