Submission id,Participant id,Status,Started at,Completed at,Reviewed at,Archived at,Time taken,Completion code,Total approvals,Total rejections,Approval rate,Social-media,Age,Sex,Ethnicity simplified,Country of birth,Country of residence,Nationality,Language,Student status,Employment status
63462e877b9f07bd8e7a1613,610c250a4cf53941b3e3e55d,APPROVED,2022-10-12T03:03:42.840000Z,2022-10-12T03:07:48.887000Z,2022-10-20T16:34:32.591000,2022-10-12T03:07:49.229904Z,247,CA77NV3R,3,0,100,"Facebook, Youtube, Instagram, TikTok, Snapchat",23,Male,Mixed,United States,United States,United States,English,DATA_EXPIRED,DATA_EXPIRED
63462ecad143cda796eb2d69,5ee0554d395f86389a14cc39,APPROVED,2022-10-12T03:04:54.919000Z,2022-10-12T03:13:47.414000Z,2022-10-20T16:34:32.703000,2022-10-12T03:13:47.742693Z,533,CA77NV3R,317,1,100,"Facebook, Youtube, Twitter, Instagram, Reddit",45,Female,White,United States,United States,United States,English,No,DATA_EXPIRED
63462fda1de5684468bc18b8,5f51667a8dff8f39dba7df7f,APPROVED,2022-10-12T03:09:14.575000Z,2022-10-12T03:18:08.168000Z,2022-10-20T16:34:32.806000,2022-10-12T03:18:08.597685Z,534,CA77NV3R,1088,1,100,"Facebook, Youtube, Twitter, Instagram, Reddit",35,Male,White,United States,United States,United States,English,No,DATA_EXPIRED
63462feb8084923f250197ae,61084e45d53567348ae45e57,APPROVED,2022-10-12T03:09:34.644000Z,2022-10-12T03:16:24.259000Z,2022-10-20T16:34:32.905000,2022-10-12T03:16:24.608619Z,410,CA77NV3R,500,2,100,"Facebook, Twitter, Youtube, Reddit, TikTok",46,Female,White,United States,United States,United States,English,DATA_EXPIRED,DATA_EXPIRED
63462ff12fe28d269ce98e37,60032cbd8a28b60ae4455a67,APPROVED,2022-10-12T03:13:19.352000Z,2022-10-12T03:24:43.397000Z,2022-10-20T16:34:33.013000,2022-10-12T03:24:43.765645Z,685,CA77NV3R,503,1,100,"Youtube, Twitter, Instagram, Reddit",21,Male,White,United States,United States,United States,English,DATA_EXPIRED,DATA_EXPIRED
634630a1986c0c6b889b06d4,5ec3884fa0c1ef0009b57549,APPROVED,2022-10-12T03:12:33.072000Z,2022-10-12T03:16:37.994000Z,2022-10-20T16:34:33.123000,2022-10-12T03:16:38.371067Z,245,CA77NV3R,1352,3,100,"Youtube, Twitter, Tumblr, Instagram, Reddit, Snapchat",25,Female,Mixed,United States,United States,United States,English,No,Unemployed (and job seeking)
634630bff39b7a3bb6cd70c8,5f3ae1d68c88967a1d3b86c0,APPROVED,2022-10-12T03:13:05.578000Z,2022-10-12T03:18:19.717000Z,2022-10-20T16:34:33.226000,2022-10-12T03:18:20.103134Z,315,CA77NV3R,865,0,100,"Youtube, Reddit",27,Male,White,United States,United States,United States,English,No,Other
634630ce796b478cc46f6e7d,5ed856ab1f4a23368be98b1a,APPROVED,2022-10-12T03:13:27.632000Z,2022-10-12T03:18:09.160000Z,2022-10-20T16:34:33.333000,2022-10-12T03:18:10.017632Z,282,CA77NV3R,1091,0,100,"Facebook, Twitter, Youtube, Tumblr, Instagram, VK (ВКонтакте), Reddit",21,Female,Mixed,United States,United States,United States,English,No,Part-Time
6346311f9319e0b8d05d100d,5d20189bb34728001a230962,APPROVED,2022-10-12T03:14:44.808000Z,2022-10-12T03:22:33.483000Z,2022-10-20T16:34:33.438000,2022-10-12T03:22:33.769519Z,469,CA77NV3R,1400,5,100,"Linkedin, Youtube, Instagram, Facebook",56,Female,Black,United States,United States,United States,English,No,Full-Time
634631302dbe2571e9ae94e8,634620d2c30352744ca1ae96,APPROVED,2022-10-12T03:15:01.480000Z,2022-10-12T03:20:42.783000Z,2022-10-20T16:34:33.542000,2022-10-12T03:20:43.170354Z,342,CA77NV3R,0,0,100,"Youtube, Facebook, Twitter, Linkedin, Instagram, Reddit, Snapchat",31,Male,White,United States,United States,United States,English,Yes,Full-Time
634631441de5684468bc18c4,623a3d1b72cde1824ccbc6d1,APPROVED,2022-10-12T03:15:34.198000Z,2022-10-12T03:20:57.421000Z,2022-10-20T16:34:33.648000,2022-10-12T03:20:57.797263Z,324,CA77NV3R,646,0,100,"Facebook, Youtube, Twitter, Instagram, Reddit, Snapchat, TikTok",30,Female,White,United States,United States,United States,English,DATA_EXPIRED,DATA_EXPIRED
63463156e934177643009ab9,546e72bafdf99b2b8df98426,APPROVED,2022-10-12T03:15:37.409000Z,2022-10-12T03:20:09.398000Z,2022-10-20T16:34:33.750000,2022-10-12T03:20:09.706782Z,272,CA77NV3R,1214,4,100,"Youtube, Twitter, Pinterest",33,Female,Mixed,United States,United States,United States,English,No,Part-Time
634631c11369415080a56df8,604cf640cc9bedd64ba63711,APPROVED,2022-10-12T03:17:23.875000Z,2022-10-12T03:21:02.685000Z,2022-10-20T16:34:33.853000,2022-10-12T03:21:03.030183Z,219,CA77NV3R,253,0,100,"Facebook, Youtube, Instagram, Reddit",31,Female,White,United States,United States,United States,English,No,Full-Time
634631cdf1e8d291180352fd,6164b50e8241aea60d845af8,APPROVED,2022-10-12T03:17:35.945000Z,2022-10-12T03:26:44.651000Z,2022-10-20T16:34:33.958000,2022-10-12T03:26:44.998214Z,549,CA77NV3R,53,1,98,"Youtube, Twitter, Pinterest, Instagram, Reddit, TikTok, Snapchat",20,Female,White,United States,United States,United States,English,DATA_EXPIRED,DATA_EXPIRED
634631d3f01b1121f04e1f5b,6039b3699649cf4b48cd3d12,APPROVED,2022-10-12T03:17:43.096000Z,2022-10-12T03:22:34.314000Z,2022-10-20T16:34:34.060000,2022-10-12T03:22:34.669091Z,292,NOCODE,1171,2,100,"Youtube, Instagram, Pinterest",19,Female,White,United States,United States,United States,English,DATA_EXPIRED,DATA_EXPIRED
634631e904db4b670a802229,5f473eafdbc4a2121ceae963,APPROVED,2022-10-12T03:18:03.886000Z,2022-10-12T03:24:23.692000Z,2022-10-20T16:34:34.166000,2022-10-12T03:24:23.994069Z,380,CA77NV3R,868,3,100,"Youtube, Twitter, Pinterest, Instagram, Reddit, Tumblr",31,Female,Asian,United States,United States,United States,Chinese,No,DATA_EXPIRED
6346320cd10cc576bbbdd4a3,5e8519a0da382910980598ad,APPROVED,2022-10-12T03:18:44.114000Z,2022-10-12T03:23:14.317000Z,2022-10-20T16:34:34.268000,2022-10-12T03:23:14.708773Z,271,CA77NV3R,971,1,100,"Youtube, Twitter, Linkedin, Pinterest, Instagram, Reddit, Facebook",45,Male,White,United States,United States,United States,English,No,Full-Time
6346321e0b4931d7c91c1160,60cac6e750602e711ed5efc6,APPROVED,2022-10-12T03:18:59.137000Z,2022-10-12T03:24:19.731000Z,2022-10-20T16:34:34.370000,2022-10-12T03:24:20.053601Z,321,CA77NV3R,1894,0,100,"Facebook, Youtube, Reddit",32,Female,Black,United States,United States,United States,English,No,"Not in paid work (e.g. homemaker', 'retired or disabled)"
6346324fc2ec2063aa30e983,6114ba31072fc0bcc226b89d,APPROVED,2022-10-12T03:19:47.515000Z,2022-10-12T03:25:23.847000Z,2022-10-20T16:34:34.471000,2022-10-12T03:25:24.173873Z,337,CA77NV3R,150,1,100,"Facebook, Youtube, Twitter, Instagram",32,Female,White,United States,United States,United States,English,No,Unemployed (and job seeking)
634632a55fc039f59079e58d,631642cc32dcd0f19447027c,APPROVED,2022-10-12T03:21:48.445000Z,2022-10-12T03:26:53.528000Z,2022-10-20T16:34:34.572000,2022-10-12T03:26:54.211698Z,306,CA77NV3R,13,0,100,"Facebook, Youtube, Twitter, Linkedin, Reddit, Snapchat, TikTok",29,Male,White,United States,United States,United States,English,No,Full-Time
634632bb10bd5cea54e47607,5b76d0f5fca8d9000139404c,APPROVED,2022-10-12T03:21:44.233000Z,2022-10-12T03:26:45.243000Z,2022-10-20T16:34:34.675000,2022-10-12T03:26:45.630061Z,302,CA77NV3R,649,2,100,Youtube,32,Male,White,United States,United States,United States,English,DATA_EXPIRED,DATA_EXPIRED
634632c58084923f250197bf,5e901ca73d1b5732010af805,APPROVED,2022-10-12T03:21:45.200000Z,2022-10-12T03:27:23.930000Z,2022-10-20T16:34:34.782000,2022-10-12T03:27:24.240285Z,339,CA77NV3R,354,6,97,"Facebook, Youtube",33,Female,White,United States,United States,United States,English,No,Other
634632e4d10cc576bbbdd4ab,60fceb908212191d4efd354e,APPROVED,2022-10-12T03:22:17.775000Z,2022-10-12T03:27:04.589000Z,2022-10-20T16:34:34.886000,2022-10-12T03:27:04.977885Z,287,CA77NV3R,56,0,100,"Facebook, Youtube, Twitter, Linkedin, Pinterest, Instagram, Snapchat, TikTok",25,Female,White,United States,United States,United States,English,No,Full-Time
63463318424fd63c136c3c9c,5a9c44d2f05361000172055b,APPROVED,2022-10-12T03:23:05.847000Z,2022-10-12T03:27:57.144000Z,2022-10-20T16:34:34.992000,2022-10-12T03:27:57.511342Z,292,CA77NV3R,1936,1,100,"Instagram, Facebook, Youtube, Twitter, Linkedin, Reddit",32,Male,Mixed,United States,United States,United States,English,DATA_EXPIRED,Full-Time
6346331ea183679d67573437,614f0ff6e7ebe684d2697c60,APPROVED,2022-10-12T03:23:13.704000Z,2022-10-12T03:30:01.709000Z,2022-10-20T16:34:35.096000,2022-10-12T03:30:02.122802Z,409,CA77NV3R,900,1,100,"Facebook, Youtube, Twitter, Linkedin, Instagram",43,Male,Asian,Korea,United States,United States,Korean,No,Full-Time
634633300b8deb924af36de0,60bea43aa26919517334ed4a,APPROVED,2022-10-12T03:23:30.733000Z,2022-10-12T03:28:59.307000Z,2022-10-20T16:34:35.200000,2022-10-12T03:28:59.626784Z,329,CA77NV3R,473,0,100,"Youtube, Facebook, Twitter, Instagram, Reddit, Snapchat",20,Female,Asian,United States,United States,United States,English,Yes,DATA_EXPIRED
6346339d127f9d180bde122e,5fd14598fd2de30f5eea2fc4,APPROVED,2022-10-12T03:25:22.861000Z,2022-10-12T03:31:42.976000Z,2022-10-20T16:34:35.303000,2022-10-12T03:31:43.328362Z,381,CA77NV3R,824,3,100,"Facebook, Youtube",69,Female,White,United States,United States,United States,English,DATA_EXPIRED,DATA_EXPIRED
634633b38735423e29f13a18,62b0ad6464a111ff05a05b01,APPROVED,2022-10-12T03:25:42.910000Z,2022-10-12T03:31:35.516000Z,2022-10-20T16:34:35.408000,2022-10-12T03:31:35.960432Z,353,CA77NV3R,317,1,100,"Facebook, Youtube, Linkedin, Instagram, Reddit, TikTok",35,Male,White,United States,United States,United States,English,No,Full-Time
634633cf8735423e29f13a1b,62e7a39873d0acf103782291,APPROVED,2022-10-12T03:26:09.606000Z,2022-10-12T03:35:10.942000Z,2022-10-20T16:34:35.513000,2022-10-12T03:35:11.359423Z,542,CA77NV3R,227,0,100,"Twitter, Youtube, Instagram, Reddit",23,Male,White,United States,United States,United States,English,No,Unemployed (and job seeking)
634633d35fc039f59079e592,61088f102428b60cde829d29,APPROVED,2022-10-12T03:26:14.109000Z,2022-10-12T03:31:15.674000Z,2022-10-20T16:34:35.619000,2022-10-12T03:31:16.052754Z,302,CA77NV3R,540,1,100,"Facebook, Youtube, Twitter, Linkedin, Pinterest, Instagram, TikTok",27,Female,White,United States,United States,United States,English,DATA_EXPIRED,DATA_EXPIRED
6346340592bd961ce8a5151f,58074104c314770001876e7b,APPROVED,2022-10-12T03:27:05.287000Z,2022-10-12T03:45:00.635000Z,2022-10-20T16:34:35.725000,2022-10-12T03:45:00.984992Z,1076,CA77NV3R,825,1,100,"Facebook, Youtube, Twitter, Linkedin, Reddit, Instagram, TikTok",38,Male,Black,United States,United States,United States,English,No,Full-Time
6346343986d09a8c371ec439,61099f0e6ed4b1209619f76c,APPROVED,2022-10-12T03:27:58.424000Z,2022-10-12T03:34:42.137000Z,2022-10-20T16:34:35.829000,2022-10-12T03:34:42.436536Z,404,NOCODE,46,1,99,"Youtube, Facebook, Pinterest, Instagram, Snapchat, TikTok",22,Female,Other,United States,United States,United States,English,DATA_EXPIRED,DATA_EXPIRED
63463463f0abce400fe98e3b,628e0027890e402262ec3e33,APPROVED,2022-10-12T03:28:43.507000Z,2022-10-12T03:36:02.986000Z,2022-10-20T16:34:35.936000,2022-10-12T03:36:03.758730Z,440,CA77NV3R,417,0,100,"Youtube, Reddit, Twitter",21,Male,White,United States,United States,United States,English,No,Part-Time
634634abd568030a7ac6db6f,5dc8c3d5b9d904627249ffbe,APPROVED,2022-10-12T03:29:52.710000Z,2022-10-12T03:35:57.397000Z,2022-10-20T16:34:36.046000,2022-10-12T03:35:57.715078Z,365,CA77NV3R,437,1,100,"Youtube, Reddit, Facebook, Pinterest",27,Female,White,United States,United States,United States,English,Yes,Full-Time
634634c570639f946c1c1132,5623f187ed6e5a0011c81083,APPROVED,2022-10-12T03:30:49.925000Z,2022-10-12T03:35:50.129000Z,2022-10-20T16:34:36.159000,2022-10-12T03:35:50.502935Z,301,CA77NV3R,2483,4,100,"Facebook, Youtube, Reddit",37,Male,White,United States,United States,United States,English,No,Full-Time
6346350892128245807a0e66,60c453bcaa4c869173561045,APPROVED,2022-10-12T03:31:42.091000Z,2022-10-12T03:35:04.709000Z,2022-10-20T16:34:36.624000,2022-10-12T03:35:05.045658Z,203,CA77NV3R,737,3,99,"Youtube, Facebook, Instagram, Reddit, Twitter, Linkedin, TikTok",20,Male,Asian,United States,United States,United States,Tagalog-Filipino,Yes,Unemployed (and job seeking)
63463509ae2d6317e3eb2d52,611ab9f643ec1cea26df2ea1,APPROVED,2022-10-12T03:31:32.133000Z,2022-10-12T03:35:47.615000Z,2022-10-20T16:34:36.727000,2022-10-12T03:35:47.990227Z,256,CA77NV3R,1308,0,100,"Facebook, Youtube, Linkedin, Instagram, TikTok, Snapchat",23,Female,White,United States,United States,United States,English,No,DATA_EXPIRED
63463560df860f1bfc78e158,5c11e1f0aa52ac000106ab81,APPROVED,2022-10-12T03:32:52.377000Z,2022-10-12T03:41:00.273000Z,2022-10-20T16:34:36.837000,2022-10-12T03:41:00.590947Z,488,CA77NV3R,152,0,100,"Youtube, Twitter, Instagram, Reddit",26,Male,Black,United States,United States,United States,English,No,Due to start a new job within the next month
6346356331dc3cfc97009a7d,5e574f393e26c90f2b47b96c,APPROVED,2022-10-12T03:32:51.845000Z,2022-10-12T03:40:23.971000Z,2022-10-20T16:34:36.946000,2022-10-12T03:40:24.305350Z,453,CA77NV3R,219,0,100,"Instagram, Youtube, Twitter",23,Female,Asian,United States,United States,United States,English,Yes,Unemployed (and job seeking)
634635832dbe2571e9ae9500,60f5d68c9b6838e7659f53af,APPROVED,2022-10-12T03:33:29.067000Z,2022-10-12T03:40:10.497000Z,2022-10-20T16:34:37.055000,2022-10-12T03:40:10.863198Z,402,CA77NV3R,552,1,100,"Reddit, Youtube",26,Male,Black,United States,United States,United States,English,DATA_EXPIRED,DATA_EXPIRED
6346358fabc9853659ae9515,5fc54a4839204604d13affd5,APPROVED,2022-10-12T03:33:48.027000Z,2022-10-12T03:44:11.101000Z,2022-10-20T16:34:37.169000,2022-10-12T03:44:18.112231Z,624,CA77NV3R,1511,1,100,"Facebook, Youtube, Twitter, Instagram",42,Female,White,United States,United States,United States,English,No,Full-Time
634635aad16eca2ada1c1134,60c42cd5efeaf497de6e57b0,APPROVED,2022-10-12T03:34:05.547000Z,2022-10-12T03:45:54.146000Z,2022-10-20T16:34:37.281000,2022-10-12T03:45:54.531269Z,709,CA77NV3R,153,1,100,"Twitter, TikTok, Snapchat, Youtube",19,Female,Mixed,United States,United States,United States,English,Yes,Unemployed (and job seeking)
634635c88f64960f92035306,6116b1860a4c099ceac9d82b,APPROVED,2022-10-12T03:34:34.939000Z,2022-10-12T03:39:37.749000Z,2022-10-20T16:34:37.388000,2022-10-12T03:39:39.370159Z,303,CA77NV3R,295,1,100,"Youtube, Instagram",24,Male,Black,United States,United States,United States,English,No,Unemployed (and job seeking)
634635d559a49346e8ea45a9,5c969ae779a68c0001a16a72,APPROVED,2022-10-12T03:34:49.817000Z,2022-10-12T03:44:52.928000Z,2022-10-20T16:34:37.492000,2022-10-12T03:44:53.284703Z,604,CA77NV3R,210,1,100,"Instagram, Twitter, Facebook, Youtube",33,Female,Black,United States,United States,United States,English,No,Full-Time
63463614abc9853659ae951d,5c67d039755ed2000170a774,APPROVED,2022-10-12T03:35:53.882000Z,2022-10-12T03:41:58.634000Z,2022-10-20T16:34:37.598000,2022-10-12T03:41:59.030305Z,365,CA77NV3R,563,3,99,"Linkedin, Instagram, Youtube, Tumblr, Twitter, Reddit, Facebook",37,Female,Asian,United States,United States,United States,DATA_EXPIRED,DATA_EXPIRED,DATA_EXPIRED
63463626f01b1121f04e1f83,62d5dd5dc11b253b5adcd544,APPROVED,2022-10-12T03:36:09.919000Z,2022-10-12T03:43:36.687000Z,2022-10-20T16:34:37.713000,2022-10-12T03:43:37.059216Z,447,CA77NV3R,247,0,100,"Facebook, Youtube, Instagram, Reddit",35,Female,White,United States,United States,United States,English,No,"Not in paid work (e.g. homemaker', 'retired or disabled)"
6346362ec029bcc69bd7b524,6100a281782ca857e97f7a1f,APPROVED,2022-10-12T03:36:21.667000Z,2022-10-12T03:52:35.251000Z,2022-10-20T16:34:37.820000,2022-10-12T03:52:35.598527Z,974,CA77NV3R,540,1,100,"Youtube, Twitter, Instagram, Reddit, TikTok",71,Female,White,United States,United States,United States,English,No,"Not in paid work (e.g. homemaker', 'retired or disabled)"
6346364a19252a5998162f5d,58d9a79c33fef3000118abdf,APPROVED,2022-10-12T03:37:04.013000Z,2022-10-12T03:44:06.353000Z,2022-10-20T16:34:37.931000,2022-10-12T03:44:09.255341Z,423,CA77NV3R,1977,2,100,Youtube,33,Male,White,United States,United States,United States,English,No,DATA_EXPIRED
63463674010f033fedc6db70,622ab357bb3af819f2e5df3b,APPROVED,2022-10-12T03:37:28.948000Z,2022-10-12T03:45:44.522000Z,2022-10-20T16:34:38.043000,2022-10-12T03:45:44.888980Z,496,CA77NV3R,1189,2,100,"Facebook, Youtube, Linkedin, Reddit",58,Male,White,United States,United States,United States,English,DATA_EXPIRED,Part-Time
6346367af0b3524dfd80221c,55d60948db6a810013fa0d8e,APPROVED,2022-10-12T03:39:47.151000Z,2022-10-12T03:50:18.569000Z,2022-10-20T16:34:38.147000,2022-10-12T03:50:18.863663Z,632,CA77NV3R,2286,3,100,"Facebook, Youtube, Twitter, Tumblr, Instagram",48,Female,White,United States,United States,United States,English,No,Unemployed (and job seeking)
6346369e77f60d500ca5156d,5c6f00110b99a000018cc3c1,APPROVED,2022-10-12T03:38:08.602000Z,2022-10-12T03:45:32.738000Z,2022-10-20T16:34:38.255000,2022-10-12T03:45:33.139864Z,445,CA77NV3R,2330,13,99,"Reddit, Facebook, Pinterest, Youtube, Twitter, Tumblr, Instagram",24,Female,White,United States,United States,United States,English,No,Full-Time
634636ad1369415080a56e13,6314071bdf9a000f574ef600,APPROVED,2022-10-12T03:38:40.405000Z,2022-10-12T03:58:01.154000Z,2022-10-20T16:34:38.374000,2022-10-12T03:58:01.512793Z,1161,CA77NV3R,47,1,99,"Facebook, Youtube, Snapchat, TikTok, Reddit, Instagram",33,Male,White,United States,United States,United States,English,No,Full-Time
634636b436b5245eef7b7234,6104d3fb963cc35cce54f983,APPROVED,2022-10-12T03:38:36.686000Z,2022-10-12T03:46:37.218000Z,2022-10-20T16:34:38.494000,2022-10-12T03:46:37.540217Z,481,CA77NV3R,391,5,97,"Facebook, Youtube, Twitter, Instagram, Reddit",69,Male,White,United States,United States,United States,English,No,"Not in paid work (e.g. homemaker', 'retired or disabled)"
634636c0d98323fda25e084e,60fdafa351f69e971e2e8d41,APPROVED,2022-10-12T03:38:44.580000Z,2022-10-12T03:45:14.802000Z,2022-10-20T16:34:38.599000,2022-10-12T03:45:15.815294Z,391,CA77NV3R,94,0,100,"Youtube, Twitter, Instagram, Snapchat, TikTok",25,Female,White,United States,United States,United States,English,No,Unemployed (and job seeking)
634636c9be1357ed82573437,61077f900efcda0962649f9e,APPROVED,2022-10-12T03:42:46.760000Z,2022-10-12T03:47:44.579000Z,2022-10-20T16:34:38.705000,2022-10-12T03:47:44.956429Z,298,CA77NV3R,939,10,97,"Facebook, Youtube, Twitter, Linkedin, Google Plus, Instagram, TikTok, Medium",27,Female,White,DATA_EXPIRED,United States,United States,English,DATA_EXPIRED,DATA_EXPIRED
634636e04f1f1c0af25d0feb,61005f9d9c8f86e0a548b11f,APPROVED,2022-10-12T03:39:15.062000Z,2022-10-12T03:44:01.394000Z,2022-10-20T16:34:38.814000,2022-10-12T03:44:03.748958Z,287,CA77NV3R,136,2,99,"Facebook, Youtube, Twitter, Pinterest, Instagram, Reddit, TikTok, Snapchat",24,Female,White,United States,United States,United States,English,No,Full-Time
634636e05261e44d63ea45b6,61bb396e40db417c1a138e49,APPROVED,2022-10-12T03:48:33.157000Z,2022-10-12T03:56:10.346000Z,2022-10-20T16:34:38.919000,2022-10-12T03:56:10.716190Z,458,CA77NV3R,217,0,100,"Facebook, Youtube, Twitter, Instagram",19,Female,Asian,China,United States,United States,Chinese,Yes,DATA_EXPIRED
6346370599c487bbe7a5154e,5f8bd2547e304030e36ecdb1,APPROVED,2022-10-12T03:40:08.205000Z,2022-10-12T03:49:53.889000Z,2022-10-20T16:34:39.030000,2022-10-12T03:49:54.267914Z,586,CA77NV3R,119,0,100,"Twitter, Linkedin, Reddit, Facebook, Youtube",55,Male,White,United States,United States,United States,English,No,DATA_EXPIRED
6346371bf824f3ace324dd29,60fce0e83002bd32a1a4cfa3,APPROVED,2022-10-12T03:40:14.663000Z,2022-10-12T03:45:38.128000Z,2022-10-20T16:34:39.137000,2022-10-12T03:45:38.451867Z,324,CA77NV3R,298,0,100,"Facebook, Youtube, Google Plus, Tumblr, Instagram, Snapchat, TikTok",23,Female,White,United States,United States,United States,English,No,Unemployed (and job seeking)
634637225ed87c79b6f13a4f,5d89c4dd68f9d60001a21500,APPROVED,2022-10-12T03:40:22.710000Z,2022-10-12T03:45:52.854000Z,2022-10-20T16:34:39.245000,2022-10-12T03:45:53.192003Z,331,CA77NV3R,1732,2,100,"Youtube, Reddit",25,Female,White,United States,United States,United States,English,No,"Not in paid work (e.g. homemaker', 'retired or disabled)"
63463724a183679d6757346f,62733b8ee687326d23d970ea,APPROVED,2022-10-12T03:40:23.790000Z,2022-10-12T03:49:20.440000Z,2022-10-20T16:34:39.351000,2022-10-12T03:49:20.935384Z,537,CA77NV3R,201,0,100,Youtube,46,Male,White,United States,United States,United States,English,No,Full-Time
6346374231dc3cfc97009a92,5ed59cc9cd38db128b0aaed4,APPROVED,2022-10-12T03:40:55.481000Z,2022-10-12T03:46:04.509000Z,2022-10-20T16:34:39.455000,2022-10-12T03:46:04.831462Z,310,CA77NV3R,285,0,100,"Facebook, Youtube, Twitter, Linkedin, Instagram, Reddit, TikTok, Snapchat",32,Male,White,United States,United States,United States,English,No,Unemployed (and job seeking)
6346374492bd961ce8a51547,5cf21b7b2456d90001ee8e40,APPROVED,2022-10-12T03:40:58.438000Z,2022-10-12T03:45:39.576000Z,2022-10-20T16:34:39.560000,2022-10-12T03:45:39.959447Z,282,CA77NV3R,1218,11,98,"Facebook, Youtube",27,Male,Other,United States,United States,United States,Arabic,DATA_EXPIRED,Unemployed (and job seeking)
63463767d568030a7ac6db86,601228de8f04be234171ca8f,APPROVED,2022-10-12T03:41:27.620000Z,2022-10-12T03:56:10.334000Z,2022-10-20T16:34:39.667000,2022-10-12T03:56:10.674266Z,883,CA77NV3R,989,0,100,"Facebook, Youtube, Linkedin, Twitter, Instagram, Reddit",30,Prefer not to say,Black,United States,United States,United States,English,No,Full-Time
63463786e92565d40d6c3c69,60fcd60d78bd8e443ad7b4eb,APPROVED,2022-10-12T03:42:02.864000Z,2022-10-12T03:46:24.292000Z,2022-10-20T16:34:39.775000,2022-10-12T03:46:24.631214Z,262,CA77NV3R,310,3,99,"Facebook, Youtube, Pinterest, Instagram, Reddit, Snapchat, TikTok",22,Female,White,United States,United States,United States,English,Yes,"Not in paid work (e.g. homemaker', 'retired or disabled)"
6346379029747ec7dfe67b80,5c8d20607d2bbd0018884394,APPROVED,2022-10-12T03:42:12.073000Z,2022-10-12T03:46:56.430000Z,2022-10-20T16:34:39.882000,2022-10-12T03:46:56.825611Z,285,CA77NV3R,173,1,100,"Facebook, Youtube, Instagram, Twitter",29,Female,White,United States,United States,United States,English,No,Unemployed (and job seeking)
634637a283b962808f78e19d,612be52c615057eb7b5f243c,APPROVED,2022-10-12T03:42:29.654000Z,2022-10-12T03:51:06.182000Z,2022-10-20T16:34:39.985000,2022-10-12T03:51:06.529086Z,517,CA77NV3R,321,1,100,"Facebook, Youtube, Pinterest, Instagram, Snapchat",32,Female,White,United States,United States,United States,English,No,"Not in paid work (e.g. homemaker', 'retired or disabled)"
634637a9d98323fda25e0856,6088f60b89868db524fe69e8,APPROVED,2022-10-12T03:42:35.902000Z,2022-10-12T03:55:43.206000Z,2022-10-20T16:34:40.093000,2022-10-12T03:55:43.594678Z,788,CA77NV3R,236,3,99,"Youtube, Twitter, Pinterest, Tumblr",21,Female,White,United States,United States,United States,English,Yes,Other
634637af7482057ebec6db8f,5fe50b8a3ce8063168469233,APPROVED,2022-10-12T03:42:44.077000Z,2022-10-12T03:57:58.635000Z,2022-10-20T16:34:40.200000,2022-10-12T03:57:58.962804Z,915,CA77NV3R,1647,14,98,"Facebook, Youtube, Twitter",62,Male,White,United States,United States,United States,English,No,Full-Time
634637c3071e8d05fb7b7247,61672728d4ad3f70cc6a0199,APPROVED,2022-10-12T03:43:02.385000Z,2022-10-12T03:47:53.560000Z,2022-10-20T16:34:40.308000,2022-10-12T03:47:53.943201Z,292,CA77NV3R,578,3,100,"Youtube, Twitter, Pinterest, Tumblr, Instagram, Reddit, TikTok",20,Female,Asian,United States,United States,United States,English,No,Part-Time
634637c515305d5138799022,62ad31a360f86efd289103ec,APPROVED,2022-10-12T03:43:04.479000Z,2022-10-12T03:51:39.680000Z,2022-10-20T16:34:40.412000,2022-10-12T03:51:40.003028Z,516,CA77NV3R,681,0,100,"Facebook, Youtube, Twitter, Reddit",34,Male,White,United States,United States,United States,English,No,Part-Time
634637d41b08a0f1f70352da,60fe4903e5256605511c0df8,APPROVED,2022-10-12T03:43:22.350000Z,2022-10-12T03:51:26.959000Z,2022-10-20T16:34:40.514000,2022-10-12T03:51:27.327276Z,485,CA77NV3R,142,0,100,"Youtube, Linkedin, Pinterest, Google Plus, Instagram, Twitter, TikTok, Snapchat",27,Female,Other,United States,United States,United States,English,Yes,DATA_EXPIRED
634637e636b5245eef7b723f,5e651a304eb006294c9164ea,APPROVED,2022-10-12T03:43:37.544000Z,2022-10-12T03:47:01.234000Z,2022-10-20T16:34:40.620000,2022-10-12T03:47:01.568385Z,204,CA77NV3R,240,2,100,"Facebook, Youtube, Instagram",27,Male,White,United States,United States,United States,English,No,Full-Time
634637f677f60d500ca51578,610a52093d19617ffeb7d888,APPROVED,2022-10-12T03:43:52.305000Z,2022-10-12T03:48:52.874000Z,2022-10-20T16:34:40.724000,2022-10-12T03:48:53.271531Z,301,NOCODE,186,1,100,"Facebook, Youtube, Twitter, Reddit, Snapchat, TikTok",31,Male,Mixed,United States,United States,United States,English,DATA_EXPIRED,DATA_EXPIRED
6346380cc11bbae1c169b0e2,591d369e88bbb500013a8517,APPROVED,2022-10-12T03:44:15.865000Z,2022-10-12T04:00:43.630000Z,2022-10-20T16:34:40.845000,2022-10-12T04:00:43.996712Z,988,CA77NV3R,3008,1,100,"Youtube, Twitter, Reddit",51,Male,White,United States,United States,United States,English,No,Full-Time
634638179669a6263cdbd1d6,5f4d0dea00dba59727e12865,APPROVED,2022-10-12T03:44:26.243000Z,2022-10-12T03:48:06.867000Z,2022-10-20T16:34:40.950000,2022-10-12T03:48:07.234384Z,221,CA77NV3R,733,0,100,"Facebook, Youtube, TikTok",37,Male,White,United States,United States,United States,English,No,Full-Time
6346381d36b5245eef7b7242,616fa4b1aadde65d486940fd,APPROVED,2022-10-12T03:44:31.928000Z,2022-10-12T03:55:33.890000Z,2022-10-20T16:34:41.059000,2022-10-12T03:55:34.228387Z,662,CA77NV3R,372,4,98,"Facebook, Youtube, Pinterest, Instagram",27,Female,Other,United States,United States,United States,Spanish,No,DATA_EXPIRED
634638384bb909e727a1a1e0,5f9712fcce960e085a40cffa,APPROVED,2022-10-12T03:44:59.212000Z,2022-10-12T03:47:38.697000Z,2022-10-20T16:34:41.163000,2022-10-12T03:47:39.083255Z,160,CA77NV3R,604,1,100,"Youtube, Twitter, Tumblr, Instagram",22,Female,Asian,United States,United States,United States,English,Yes,Part-Time
6346383d4cf5831e96009a79,5f77de1d0b747236fdedafc5,APPROVED,2022-10-12T03:45:09.425000Z,2022-10-12T03:52:40.200000Z,2022-10-20T16:34:41.269000,2022-10-12T03:52:40.573047Z,451,CA77NV3R,335,1,100,"Facebook, Youtube, Linkedin, Google Plus, Reddit",36,Male,White,United States,United States,United States,English,No,Full-Time
634638743e40f9cd28802232,596fc4717008ef000109703d,APPROVED,2022-10-12T03:46:00.925000Z,2022-10-12T03:53:57.623000Z,2022-10-20T16:34:41.380000,2022-10-12T03:53:58.002068Z,477,CA77NV3R,2641,4,100,"Youtube, Linkedin, Twitter, Reddit",30,Male,Asian,United States,United States,United States,English,Yes,"Not in paid work (e.g. homemaker', 'retired or disabled)"
634638869811d3cb4c1ec3fc,60fd255a4f192c33c52c4f74,APPROVED,2022-10-12T03:46:17.739000Z,2022-10-12T03:49:33.607000Z,2022-10-20T16:34:41.483000,2022-10-12T03:49:33.961294Z,196,CA77NV3R,362,3,99,"Youtube, Twitter, Tumblr, Reddit, Instagram, Snapchat, TikTok",22,Prefer not to say,White,United States,United States,United States,English,DATA_EXPIRED,DATA_EXPIRED
634638a2aa93540bcba56e2a,5abbe11368b65b00018cf945,APPROVED,2022-10-12T03:46:46.019000Z,2022-10-12T03:53:25.731000Z,2022-10-20T16:34:41.585000,2022-10-12T03:53:26.075689Z,400,CA77NV3R,497,0,100,"Reddit, Youtube, Twitter, Google Plus, Pinterest, Facebook, Instagram",35,Female,White,United States,United States,United States,English,Yes,DATA_EXPIRED
634638b2d568030a7ac6db9e,6108af4b2826f18b966a2780,APPROVED,2022-10-12T03:47:02.217000Z,2022-10-12T03:51:22.679000Z,2022-10-20T16:34:41.695000,2022-10-12T03:51:23.000100Z,261,CA77NV3R,108,1,100,"Facebook, Youtube, Twitter, Linkedin, Instagram, Snapchat, TikTok",24,Female,Mixed,United States,United States,United States,English,DATA_EXPIRED,Full-Time
634638b5df860f1bfc78e183,6150b3ad38e1899971cf7205,APPROVED,2022-10-12T03:47:52.590000Z,2022-10-12T03:54:23.321000Z,2022-10-20T16:34:41.806000,2022-10-12T03:54:23.697342Z,391,CA77NV3R,664,3,100,"Facebook, Youtube, TikTok",24,Female,White,United States,United States,United States,English,No,Full-Time
634638bc36a127b1497e93e4,633e1191e31f9614a215a6fc,APPROVED,2022-10-12T03:47:15.356000Z,2022-10-12T03:53:18.031000Z,2022-10-20T16:34:41.912000,2022-10-12T03:53:18.422228Z,363,CA77NV3R,4,0,100,"Youtube, Reddit, Snapchat, TikTok",23,Male,White,United States,United States,United States,English,No,Full-Time
634638cc90c513776d1ec3fa,60015f803919e70009ef8dc5,APPROVED,2022-10-12T03:47:29.813000Z,2022-10-12T03:54:33.098000Z,2022-10-20T16:34:42.019000,2022-10-12T03:54:33.489498Z,424,CA77NV3R,537,2,100,"Facebook, Youtube, Twitter, Instagram, Reddit",26,Male,White,United States,United States,United States,English,No,"Not in paid work (e.g. homemaker', 'retired or disabled)"
634638d936b5245eef7b7244,60fcd35b87f5e52100483eef,APPROVED,2022-10-12T03:47:48.422000Z,2022-10-12T03:52:36.325000Z,2022-10-20T16:34:42.125000,2022-10-12T03:52:36.675121Z,288,CA77NV3R,144,2,99,"Youtube, Instagram, TikTok",20,Female,White,United States,United States,United States,English,Yes,Part-Time
634638e8010f033fedc6db87,608a51c4f7ad9ed67d5c2aa5,APPROVED,2022-10-12T03:47:56.123000Z,2022-10-12T03:51:01.152000Z,2022-10-20T16:34:42.231000,2022-10-12T03:51:01.520456Z,186,CA77NV3R,165,1,100,"Facebook, Youtube, Twitter, Snapchat",29,Male,White,United States,United States,United States,English,No,Full-Time
634638f69811d3cb4c1ec3ff,60a2fae17fe95f27ca52e424,APPROVED,2022-10-12T03:48:09.752000Z,2022-10-12T03:58:32.704000Z,2022-10-20T16:34:42.339000,2022-10-12T03:58:33.053864Z,623,CA77NV3R,222,0,100,"Youtube, Facebook, Pinterest, Tumblr, Instagram, Snapchat, TikTok",21,Female,Black,United States,United States,United States,English,DATA_EXPIRED,DATA_EXPIRED
63463900a08dfa322a7a160d,6136c93fb606f28f56edc299,APPROVED,2022-10-12T03:48:18.698000Z,2022-10-12T03:53:16.292000Z,2022-10-20T16:34:42.443000,2022-10-12T03:53:16.660575Z,298,CA77NV3R,1720,0,100,"Facebook, Youtube, Twitter, Reddit, Instagram, Snapchat",26,Female,Asian,United States,United States,United States,English,DATA_EXPIRED,DATA_EXPIRED
6346390d8084923f250197db,6329bc8f80d4501faf9bbdc6,APPROVED,2022-10-12T03:48:33.133000Z,2022-10-12T03:52:35.552000Z,2022-10-20T16:34:42.558000,2022-10-12T03:52:35.850701Z,243,CA77NV3R,19,0,100,"Youtube, Twitter, Pinterest, Tumblr, Instagram, Reddit, TikTok",20,Male,Mixed,United States,United States,United States,English,Yes,Part-Time
63463923a08dfa322a7a1610,5c51074f7a16450001502f83,APPROVED,2022-10-12T03:48:56.480000Z,2022-10-12T03:55:01.928000Z,2022-10-20T16:34:42.663000,2022-10-12T03:55:02.231563Z,366,CA77NV3R,517,0,100,"Reddit, Youtube, Facebook, Pinterest, Instagram",41,Female,White,United States,United States,United States,English,No,"Not in paid work (e.g. homemaker', 'retired or disabled)"
6346392fd16eca2ada1c114b,616720a07d4d2d6729abadc0,APPROVED,2022-10-12T03:49:05.632000Z,2022-10-12T03:52:40.897000Z,2022-10-20T16:34:42.772000,2022-10-12T03:52:41.192311Z,216,CA77NV3R,469,2,100,"Youtube, Twitter, Linkedin, Pinterest, Instagram, Reddit, TikTok, Snapchat",24,Female,Asian,United States,United States,United States,English,No,Full-Time
63463943127f9d180bde1274,5a198755f2e3460001edc5c9,APPROVED,2022-10-12T03:49:25.646000Z,2022-10-12T04:26:53.169000Z,2022-10-20T16:34:42.884000,2022-10-12T04:26:53.555765Z,2248,CA77NV3R,914,5,100,"Youtube, Reddit, Facebook",34,Male,White,United States,United States,United States,English,DATA_EXPIRED,DATA_EXPIRED
634639579669a6263cdbd1e1,5f178176fd9dc510cad21a86,APPROVED,2022-10-12T03:49:46.606000Z,2022-10-12T03:56:01.588000Z,2022-10-20T16:34:42.992000,2022-10-12T03:56:01.941880Z,375,CA77NV3R,1201,0,100,"Facebook, Youtube, Reddit",28,Male,Mixed,United States,United States,United States,English,No,"Not in paid work (e.g. homemaker', 'retired or disabled)"
6346395b9c07859bc7f36df6,5ea10f22d1d921114bdc2230,APPROVED,2022-10-12T03:49:50.147000Z,2022-10-12T03:55:47.996000Z,2022-10-20T16:34:43.100000,2022-10-12T03:55:48.348514Z,358,CA77NV3R,185,1,100,"Youtube, Tumblr, Instagram",20,Female,Asian,United States,United States,United States,Vietnamese,Yes,DATA_EXPIRED
6346395d8e3cdc0a54e67b99,611144542cf9d49b089b7d55,APPROVED,2022-10-12T03:49:52.601000Z,2022-10-12T04:13:21.695000Z,2022-10-20T16:34:43.208000,2022-10-12T04:13:21.998281Z,1410,NOCODE,1265,8,99,"Facebook, Youtube",44,Female,Black,United States,United States,United States,English,No,Unemployed (and job seeking)
63463966545be3998924dd1a,5dea5ba4446c901777bde897,APPROVED,2022-10-12T03:50:01.986000Z,2022-10-12T03:54:46.006000Z,2022-10-20T16:34:43.318000,2022-10-12T03:54:46.369261Z,285,CA77NV3R,2464,3,100,"Facebook, Youtube, Twitter, Instagram, Reddit",43,Female,White,United States,United States,United States,English,No,Full-Time
6346397ef62b7ddaa6009a9f,5b62ab4bdb56360001f55336,APPROVED,2022-10-12T03:50:27.828000Z,2022-10-12T03:59:29.923000Z,2022-10-20T16:34:43.422000,2022-10-12T03:59:30.303501Z,543,CA77NV3R,330,0,100,"Twitter, Reddit, Facebook, Linkedin, Pinterest, Youtube",35,Male,White,United States,United States,United States,Spanish,No,Full-Time
634639992fe28d269ce98e95,59e833e72f63d30001c8fb86,APPROVED,2022-10-12T03:50:52.139000Z,2022-10-12T03:56:44.028000Z,2022-10-20T16:34:43.524000,2022-10-12T03:56:44.356186Z,352,CA77NV3R,3022,1,100,"Youtube, Reddit, Instagram, Twitter",35,Male,Asian,United States,United States,United States,English,DATA_EXPIRED,DATA_EXPIRED
634639ba98afd55ad80352f4,62b4adff784482cca3e0e67c,APPROVED,2022-10-12T03:51:24.999000Z,2022-10-12T03:53:48.358000Z,2022-10-20T16:34:43.633000,2022-10-12T03:53:48.741768Z,144,CA77NV3R,362,4,98,"Facebook, Youtube, Twitter, Instagram, Reddit, Snapchat",27,Male,White,United States,United States,United States,English,Yes,Other
634639ef4ecb184cd8a1ae8c,6110ae0070c014a099ee9d25,APPROVED,2022-10-12T03:52:18.544000Z,2022-10-12T03:57:01.055000Z,2022-10-20T16:34:43.740000,2022-10-12T03:57:01.436947Z,283,CA77NV3R,788,5,99,"Facebook, Youtube, Linkedin, TikTok",28,Female,White,United States,United States,United States,English,No,Full-Time
634639f4265c47e6c1822f1c,5beca802fcb5fe0001259b62,APPROVED,2022-10-12T03:52:24.941000Z,2022-10-12T03:58:26.326000Z,2022-10-20T16:34:43.841000,2022-10-12T03:58:26.628963Z,362,CA77NV3R,45,0,100,"Facebook, Youtube, Pinterest, Instagram, Reddit, Snapchat",30,Female,White,United States,United States,United States,English,No,"Not in paid work (e.g. homemaker', 'retired or disabled)"
63463a0a010f033fedc6db91,5f94a8e7fa8c422fc88940b0,APPROVED,2022-10-12T03:52:42.364000Z,2022-10-12T03:58:31.380000Z,2022-10-20T16:34:43.944000,2022-10-12T03:58:31.749083Z,350,CA77NV3R,1112,3,100,"Twitter, Youtube, Instagram, Reddit",30,Male,White,United States,United States,United States,English,DATA_EXPIRED,DATA_EXPIRED
63463a1e5d46a0439fd7b4fb,5bcc1fce4249b20001bc99f1,APPROVED,2022-10-12T03:53:15.558000Z,2022-10-12T04:22:08.967000Z,2022-10-20T16:34:44.051000,2022-10-12T04:22:09.325255Z,1734,CA77NV3R,2600,4,100,"Pinterest, Tumblr, Reddit, Facebook, Instagram, Google Plus, Linkedin, Twitter, Youtube",40,Female,White,United States,United States,United States,English,No,Full-Time
63463a337ea73c8ad0cd70ce,5e683c4d6ca0f9000d3f35fe,APPROVED,2022-10-12T03:53:23.834000Z,2022-10-12T03:58:51.361000Z,2022-10-20T16:34:44.155000,2022-10-12T03:58:51.723469Z,328,CA77NV3R,2774,7,100,"Facebook, Youtube, Twitter, Linkedin, Pinterest, Google Plus, Instagram, Reddit, Meetup",34,Male,White,United States,United States,United States,English,DATA_EXPIRED,DATA_EXPIRED
63463a481f7a5bd1ab39a243,5e33194f7d541f035c91e3b4,APPROVED,2022-10-12T03:53:59.758000Z,2022-10-12T04:02:32.044000Z,2022-10-20T16:34:44.258000,2022-10-12T04:02:32.401561Z,513,CA77NV3R,395,3,99,"Twitter, Facebook, Youtube, Tumblr, Reddit, Pinterest, Instagram",39,Female,White,United States,United States,United States,English,No,Unemployed (and job seeking)
63463a5e4f1f1c0af25d1018,60ed200c728ab881912aac11,APPROVED,2022-10-12T03:54:12.370000Z,2022-10-12T04:01:56.477000Z,2022-10-20T16:34:44.360000,2022-10-12T04:01:56.851318Z,465,CA77NV3R,216,0,100,"Facebook, Youtube, Twitter, Pinterest, TikTok",32,Female,White,United States,United States,United States,English,No,DATA_EXPIRED
63463a6a8154714f7beb2d81,60204dc20bebf462370504bf,APPROVED,2022-10-12T03:54:22.022000Z,2022-10-12T03:59:08.588000Z,2022-10-20T16:34:44.469000,2022-10-12T03:59:08.922961Z,287,CA77NV3R,901,3,99,"Facebook, Youtube, Linkedin, Pinterest, Reddit, Instagram",33,Male,White,United States,United States,United States,English,Yes,Unemployed (and job seeking)
63463a7220dd66f2e0bc18ad,5f0eb946d1dcf121645216d6,APPROVED,2022-10-12T03:54:29.673000Z,2022-10-12T03:58:10.072000Z,2022-10-20T16:34:44.575000,2022-10-12T03:58:10.459021Z,221,CA77NV3R,493,3,100,"Facebook, Youtube, Instagram",38,Female,White,United States,United States,United States,English,Yes,DATA_EXPIRED
63463a744ecb184cd8a1ae92,5c0ef15265217a00014ef2bd,APPROVED,2022-10-12T03:54:47.329000Z,2022-10-12T04:03:00.090000Z,2022-10-20T16:34:44.679000,2022-10-12T04:03:00.447691Z,493,CA77NV3R,247,0,100,"Facebook, Reddit, Youtube",27,Male,White,United States,United States,United States,English,DATA_EXPIRED,Full-Time
63463aa3fceda57b4bbc18a9,616cd7d2ade7fb7148eeed39,APPROVED,2022-10-12T03:55:32.976000Z,2022-10-12T04:01:49.973000Z,2022-10-20T16:34:45.013000,2022-10-12T04:01:50.377951Z,377,CA77NV3R,341,1,100,"Youtube, Twitter, Pinterest, Instagram, Snapchat, TikTok",19,Male,White,United States,United States,United States,English,Yes,Other
63463ac106b20db7b724dd47,62d7858e9d0bb849183e1500,APPROVED,2022-10-12T03:55:45.288000Z,2022-10-12T04:00:13.367000Z,2022-10-20T16:34:45.121000,2022-10-12T04:00:13.711195Z,269,CA77NV3R,167,0,100,"Facebook, Youtube, Twitter, Linkedin, Reddit, Snapchat, Vine.co",26,Male,White,United States,United States,United States,English,Yes,DATA_EXPIRED
63463add027616c81b4e1f95,60bc18bb8b971280ef13060c,APPROVED,2022-10-12T03:57:34.656000Z,2022-10-12T04:19:41.927000Z,2022-10-20T16:34:45.228000,2022-10-12T04:19:42.256184Z,1328,CA77NV3R,1552,10,98,"Facebook, Youtube, Instagram",44,Female,Black,United States,United States,United States,English,No,Part-Time
63463af5f0b3524dfd802268,5dceeba4144b510411fb4566,APPROVED,2022-10-12T03:56:45.243000Z,2022-10-12T04:14:04.178000Z,2022-10-20T16:34:45.333000,2022-10-12T04:14:04.520961Z,1039,CA77NV3R,1238,1,100,"Youtube, Reddit, Instagram",36,Female,White,United States,United States,United States,English,No,Full-Time
63463b05d7a0f90fbdbc189d,60867728bc9f530e7afdd83a,APPROVED,2022-10-12T03:56:56.231000Z,2022-10-12T04:01:10.100000Z,2022-10-20T16:34:45.443000,2022-10-12T04:01:10.407262Z,254,CA77NV3R,617,6,98,"Facebook, Youtube, Instagram",21,Female,White,United States,United States,United States,English,DATA_EXPIRED,Unemployed (and job seeking)
63463b11be1f41856cea456b,628804d2d0584458ddaafc0c,APPROVED,2022-10-12T03:57:11.958000Z,2022-10-12T04:05:56.682000Z,2022-10-20T16:34:45.548000,2022-10-12T04:05:57.058354Z,525,CA77NV3R,125,0,100,"Youtube, Twitter, Reddit, Instagram",34,Male,Black,United States,United States,United States,English,No,Full-Time
63463b122826dce16ba1aea7,6003e9ce384e6a1d56dc4f3d,APPROVED,2022-10-12T03:57:08.715000Z,2022-10-12T04:01:15.563000Z,2022-10-20T16:34:45.657000,2022-10-12T04:01:15.842067Z,247,CA77NV3R,118,0,100,"Facebook, Youtube, Twitter, Tumblr, Instagram, Reddit",20,Male,Asian,United States,United States,United States,Hindi,Yes,Unemployed (and job seeking)
63463b1a4ec8976d3ebdd45f,60ffa8b8baf716d020c22954,APPROVED,2022-10-12T03:57:18.486000Z,2022-10-12T04:23:34.604000Z,2022-10-20T16:34:45.768000,2022-10-12T04:23:34.908922Z,1577,CA77NV3R,1091,3,100,"Youtube, Twitter, Pinterest, Linkedin, Instagram, Reddit, Snapchat, TikTok",27,Female,Other,United States,United States,United States,English,DATA_EXPIRED,Full-Time
63463b1f2c44efd63d1315a3,631eb1955b112910ec9b0c1e,APPROVED,2022-10-12T03:57:22.535000Z,2022-10-12T04:03:57.142000Z,2022-10-20T16:34:45.878000,2022-10-12T04:03:57.525783Z,395,CA77NV3R,104,1,100,"Facebook, Youtube, Twitter, Linkedin, Instagram, Reddit, Snapchat, TikTok",25,Male,Mixed,United States,United States,United States,English,No,Unemployed (and job seeking)
63463b22fbb694f54bf139eb,628c26cb11e2b7dff1d001b5,APPROVED,2022-10-12T03:57:26.789000Z,2022-10-12T04:02:46.268000Z,2022-10-20T16:34:45.989000,2022-10-12T04:02:46.647746Z,320,CA77NV3R,152,0,100,"Facebook, Youtube, Twitter, Linkedin, Instagram, Reddit, Snapchat, TikTok",20,Male,White,United States,United States,United States,English,Yes,Other
63463b340b8f903e045e085d,6171125c1d572c106f10824e,APPROVED,2022-10-12T03:57:55.356000Z,2022-10-12T04:02:39.170000Z,2022-10-20T16:34:46.101000,2022-10-12T04:02:39.550801Z,284,CA77NV3R,1195,7,99,"Facebook, Youtube, Twitter, Pinterest, Instagram, Reddit, TikTok",38,Female,White,United States,United States,United States,English,No,"Not in paid work (e.g. homemaker', 'retired or disabled)"
63463b3bfbb694f54bf139ed,5c57631a47a04100010da795,APPROVED,2022-10-12T03:57:50.344000Z,2022-10-12T04:01:26.036000Z,2022-10-20T16:34:46.210000,2022-10-12T04:01:26.434471Z,216,CA77NV3R,3351,1,100,"Youtube, Instagram, Reddit",33,Male,White,United States,United States,United States,English,No,DATA_EXPIRED
63463b405f11b1c5a05e0862,5dd693079b66eb6239a03163,APPROVED,2022-10-12T03:57:57.721000Z,2022-10-12T04:06:46.689000Z,2022-10-20T16:34:46.313000,2022-10-12T04:06:47.048079Z,529,CA77NV3R,297,0,100,"Twitter, Instagram, Facebook, Reddit, Youtube",53,Male,White,United States,United States,United States,English,No,DATA_EXPIRED
63463b4198afd55ad80352fc,610821aa6d9ac4dc36298a6b,APPROVED,2022-10-12T03:57:58.077000Z,2022-10-12T04:08:06.266000Z,2022-10-20T16:34:46.421000,2022-10-12T04:08:06.629157Z,609,CA77NV3R,178,0,100,"Facebook, Youtube, Twitter, Instagram, Snapchat, TikTok",19,Female,White,United States,United States,United States,English,Yes,Other
63463b487a279a7859c6dbb5,610b106e804a9d189f4a0ba0,APPROVED,2022-10-12T03:58:03.437000Z,2022-10-12T04:09:28.722000Z,2022-10-20T16:34:46.528000,2022-10-12T04:09:29.057834Z,686,CA77NV3R,114,2,97,"Youtube, Twitter, Linkedin, Pinterest, Instagram, Snapchat, TikTok",24,Female,White,United States,United States,United States,Spanish,No,Unemployed (and job seeking)
63463b58df860f1bfc78e1a1,616326a20970334859e5230d,APPROVED,2022-10-12T03:58:20.338000Z,2022-10-12T04:05:07.813000Z,2022-10-20T16:34:46.635000,2022-10-12T04:05:08.213775Z,408,CA77NV3R,517,9,96,"Youtube, Pinterest, Tumblr, Instagram, TikTok, Snapchat",22,Female,Black,United States,United States,United States,English,No,Other
63463b722b665e11bea1a1bf,5e8a5f27f35994098ee9a4aa,APPROVED,2022-10-12T03:58:46.540000Z,2022-10-12T04:03:55.155000Z,2022-10-20T16:34:46.742000,2022-10-12T04:03:55.537949Z,309,CA77NV3R,971,4,100,"Facebook, Youtube, Twitter, Pinterest, Tumblr, Instagram",23,Female,White,United States,United States,United States,English,DATA_EXPIRED,DATA_EXPIRED
63463b80f46c5fb621cd70ae,5c1b06d9a329230001ecc39c,APPROVED,2022-10-12T03:59:07.798000Z,2022-10-12T04:07:04.875000Z,2022-10-20T16:34:46.850000,2022-10-12T04:07:05.261083Z,478,CA77NV3R,1882,1,100,"Twitter, Reddit, Youtube",28,Male,Asian,United States,United States,United States,English,No,Unemployed (and job seeking)
63463baeae2d6317e3eb2d73,5ec81f94ce3f412db210602c,APPROVED,2022-10-12T03:59:49.156000Z,2022-10-12T04:08:41.693000Z,2022-10-20T16:34:46.952000,2022-10-12T04:08:42.090301Z,533,CA77NV3R,1991,22,96,"Facebook, Youtube",34,Female,White,United States,United States,United States,English,No,Full-Time
63463bb41f7a5bd1ab39a24a,62e397e59834233da4970831,APPROVED,2022-10-12T03:59:55.450000Z,2022-10-12T04:09:06.760000Z,2022-10-20T16:34:47.061000,2022-10-12T04:09:07.102345Z,552,CA77NV3R,361,0,100,"Facebook, Youtube, Twitter",31,Male,White,United States,United States,United States,English,No,Full-Time
63463bb58e3cdc0a54e67ba6,5aef97b09516fe00010959f4,APPROVED,2022-10-12T03:59:52.665000Z,2022-10-12T04:05:31.141000Z,2022-10-20T16:34:47.168000,2022-10-12T04:05:31.485779Z,339,CA77NV3R,1525,1,100,"Facebook, Tumblr, Youtube, Instagram, Twitter",29,Female,White,United States,United States,United States,English,No,Full-Time
63463bd004db4b670a802255,63175b1f5dac9572061af0ae,APPROVED,2022-10-12T04:00:20.767000Z,2022-10-12T04:05:25.154000Z,2022-10-20T16:34:47.277000,2022-10-12T04:05:25.550771Z,305,NOCODE,75,1,100,"Facebook, Youtube, Twitter, Instagram, Reddit, TikTok, Medium",57,Female,White,United States,United States,United States,English,No,Other
63463c02bc73728a78bdd47f,5eb17f08f6e7c307eb99095d,APPROVED,2022-10-12T04:01:08.711000Z,2022-10-12T04:12:40.763000Z,2022-10-20T16:34:47.391000,2022-10-12T04:12:41.068609Z,693,CA77NV3R,976,8,98,"Youtube, Twitter, Reddit",21,Male,White,United States,United States,United States,English,Yes,Part-Time
63463c0915305d5138799048,5b91f3f9d99ca20001ef6d8b,APPROVED,2022-10-12T04:03:14.407000Z,2022-10-12T04:16:10.417000Z,2022-10-20T16:34:47.506000,2022-10-12T04:16:10.756164Z,777,CA77NV3R,2751,0,100,"Twitter, Youtube, Facebook, Pinterest, Reddit",61,Female,White,United States,United States,United States,English,No,Part-Time
63463c13224f174384822f12,5fa9dab94f9d9c26d3db5226,APPROVED,2022-10-12T04:01:24.835000Z,2022-10-12T04:05:07.302000Z,2022-10-20T16:34:47.619000,2022-10-12T04:05:07.672669Z,223,CA77NV3R,970,1,100,"Facebook, Youtube, Twitter, Linkedin, Instagram, Reddit",30,Male,White,United States,United States,United States,English,No,Part-Time
63463c234ecb184cd8a1aea9,59a88f5b321f870001d16d68,APPROVED,2022-10-12T04:01:39.006000Z,2022-10-12T04:12:59.283000Z,2022-10-20T16:34:47.726000,2022-10-12T04:12:59.715320Z,681,CA77NV3R,2687,11,99,"Youtube, Instagram, Reddit, Facebook, Twitter, Pinterest",58,Male,White,United States,United States,United States,English,No,"Not in paid work (e.g. homemaker', 'retired or disabled)"
63463c2612ebba0d73de122a,5f5629abb985cf0008e213c6,APPROVED,2022-10-12T04:01:45.936000Z,2022-10-12T04:07:38.367000Z,2022-10-20T16:34:47.831000,2022-10-12T04:07:38.737349Z,353,CA77NV3R,1022,2,100,"Facebook, Youtube, Pinterest, Tumblr, Reddit",57,Female,White,United States,United States,United States,English,No,Full-Time
63463c30375d720ad07b729f,5e643d29df313c1ced363682,APPROVED,2022-10-12T04:01:55.965000Z,2022-10-12T04:08:13.414000Z,2022-10-20T16:34:47.937000,2022-10-12T04:08:13.770112Z,378,CA77NV3R,993,6,99,"Facebook, Youtube, Instagram, Reddit",39,Male,White,United States,United States,United States,English,No,Full-Time
63463c334622661cab69b0f5,630ab689392291ba70d7fd3d,APPROVED,2022-10-12T04:02:01.410000Z,2022-10-12T04:11:10.924000Z,2022-10-20T16:34:48.042000,2022-10-12T04:11:11.275678Z,550,CA77NV3R,121,0,100,"Youtube, Facebook, Twitter, Reddit",21,Male,White,United States,United States,United States,English,No,Part-Time
63463c476ff834c69ce47627,5fd66c567c02cb55e42e937c,APPROVED,2022-10-12T04:02:18.455000Z,2022-10-12T04:09:14.500000Z,2022-10-20T16:34:48.145000,2022-10-12T04:09:14.881204Z,417,CA77NV3R,276,1,100,"Facebook, Youtube, Pinterest, Instagram, Reddit",21,Female,Asian,United States,United States,United States,English,Yes,Part-Time
63463c6bab9324fbafe67b7a,5c16087a1f6f15000149a167,APPROVED,2022-10-12T04:02:53.964000Z,2022-10-12T04:07:14.597000Z,2022-10-20T16:34:48.246000,2022-10-12T04:07:14.982676Z,261,CA77NV3R,1481,8,99,"Youtube, Linkedin, Instagram, Facebook, Twitter",25,Male,White,United States,United States,United States,English,DATA_EXPIRED,DATA_EXPIRED
63463c6c62c41a895239a20a,5cef74ad08c94d0001d73778,APPROVED,2022-10-12T04:02:56.839000Z,2022-10-12T04:06:48.379000Z,2022-10-20T16:34:48.350000,2022-10-12T04:06:48.694356Z,232,CA77NV3R,200,1,100,Youtube,21,Male,White,United States,United States,United States,English,No,Full-Time
63463c8118c1efebbcf53b53,5e180c7fb287dc0fbf18414f,APPROVED,2022-10-12T04:03:19.308000Z,2022-10-12T04:14:59.504000Z,2022-10-20T16:34:48.456000,2022-10-12T04:14:59.882058Z,701,CA77NV3R,249,1,100,"Youtube, Facebook",74,Male,White,United States,United States,United States,English,DATA_EXPIRED,DATA_EXPIRED
63463c82aa183113e2e98e67,615dfbb483f8480303655714,APPROVED,2022-10-12T04:03:30.423000Z,2022-10-12T04:09:40.442000Z,2022-10-20T16:34:48.568000,2022-10-12T04:09:40.836840Z,371,CA77NV3R,1462,4,100,"Youtube, TikTok",39,Male,White,United States,United States,United States,English,No,Full-Time
63463c8a1c3fbc3e3569b0e3,5d5e4baff521f100166c5d3a,APPROVED,2022-10-12T04:03:22Z,2022-10-12T04:41:45.317000Z,2022-10-20T16:34:48.673000,2022-10-12T04:41:45.696802Z,2304,CA77NV3R,2055,5,100,"Tumblr, Twitter, Youtube, Reddit, Instagram, Facebook",25,Male,Black,United States,United States,United States,English,DATA_EXPIRED,Full-Time
63463c93c11bbae1c169b106,5d62886927a84f00010fbbb4,APPROVED,2022-10-12T04:03:31.542000Z,2022-10-12T04:08:29.276000Z,2022-10-20T16:34:48.775000,2022-10-12T04:08:29.585889Z,298,CA77NV3R,2889,0,100,"Youtube, Twitter, Instagram, Reddit",36,Male,White,United States,United States,United States,English,No,DATA_EXPIRED
63463c9b36b5245eef7b725c,6293e6c41fde6ff01b69760b,APPROVED,2022-10-12T04:03:42.048000Z,2022-10-12T04:22:23.269000Z,2022-10-20T16:34:48.882000,2022-10-12T04:22:23.647267Z,1122,CA77NV3R,563,8,96,"Facebook, Youtube, Twitter, Instagram, Reddit, Snapchat, TikTok",23,Male,Black,United States,United States,United States,English,No,Unemployed (and job seeking)
63463ca75383f9e6a978e19c,5de6eca0a91be366cbb5ffe2,APPROVED,2022-10-12T04:03:57.593000Z,2022-10-12T04:14:06.313000Z,2022-10-20T16:34:48.994000,2022-10-12T04:14:06.806381Z,609,CA77NV3R,1027,2,100,"Twitter, Youtube",37,Female,White,United States,United States,United States,English,DATA_EXPIRED,DATA_EXPIRED
63463cc00b3acfae01f36e22,58e9538908dc910001901f6b,APPROVED,2022-10-12T04:04:22.614000Z,2022-10-12T04:14:53.414000Z,2022-10-20T16:34:49.097000,2022-10-12T04:14:53.722568Z,631,CA77NV3R,3700,22,98,"Facebook, Youtube, Reddit",59,Female,White,United States,United States,United States,English,No,Other
63463cc6ea3efdc21de67b7d,5e095685ae7b30245cc82780,APPROVED,2022-10-12T04:04:22.328000Z,2022-10-12T04:09:21.854000Z,2022-10-20T16:34:49.200000,2022-10-12T04:09:22.173002Z,300,CA77NV3R,943,1,100,"Twitter, Instagram, Facebook, Youtube, Reddit, Pinterest, Tumblr",26,Female,Black,United States,United States,United States,English,No,Part-Time
63463ccd2fe28d269ce98ea1,600c3219a434df2de6427feb,APPROVED,2022-10-12T04:04:33.903000Z,2022-10-12T04:09:33.589000Z,2022-10-20T16:34:49.304000,2022-10-12T04:09:33.899075Z,300,CA77NV3R,847,2,100,"Reddit, Youtube, Twitter",38,Male,White,United States,United States,United States,English,No,Full-Time
63463cd8c029bcc69bd7b552,61087501fcd2e262d8a6621a,APPROVED,2022-10-12T04:04:43.212000Z,2022-10-12T04:08:46.894000Z,2022-10-20T16:34:49.409000,2022-10-12T04:08:47.204240Z,244,CA77NV3R,285,1,100,"Youtube, Instagram, Reddit, Snapchat, TikTok",21,Female,White,United States,United States,United States,English,DATA_EXPIRED,DATA_EXPIRED
63463ce0710806509dd7b4f5,63176b4a24d850c547110ad3,APPROVED,2022-10-12T04:05:13.853000Z,2022-10-12T04:10:28.351000Z,2022-10-20T16:34:49.515000,2022-10-12T04:10:28.663653Z,315,CA77NV3R,54,1,99,"Facebook, Youtube, Twitter, Instagram, Reddit, Snapchat, TikTok",29,Male,Mixed,Korea,United States,United States,English,No,Full-Time
63463d0092128245807a0eb0,5ec0ba1bfa01894cceaa1b8e,APPROVED,2022-10-12T04:05:22.562000Z,2022-10-12T04:16:50.082000Z,2022-10-20T16:34:49.624000,2022-10-12T04:16:50.426735Z,688,CA77NV3R,2340,9,100,"Tumblr, Reddit, Youtube, Twitter, Pinterest",33,Female,White,United States,United States,United States,English,No,Full-Time
63463d34629c7178d0162f63,60b88feb0b0e8546cfeae3a1,APPROVED,2022-10-12T04:06:15.112000Z,2022-10-12T04:11:31.698000Z,2022-10-20T16:34:49.733000,2022-10-12T04:11:32.086224Z,317,CA77NV3R,175,1,100,"Youtube, Facebook, Twitter, Instagram, Reddit, Snapchat, TikTok",31,Male,White,United States,United States,United States,English,No,Full-Time
63463d5203ad07ae22ae94de,59daff10e776fd00015ec7ec,APPROVED,2022-10-12T04:06:58.729000Z,2022-10-12T04:13:33.654000Z,2022-10-20T16:34:49.841000,2022-10-12T04:13:34.042760Z,395,CA77NV3R,1844,1,100,"Youtube, Tumblr, Reddit, Instagram, Twitter, Facebook",32,Male,Black,United States,United States,United States,English,No,Full-Time
63463d8990c513776d1ec42b,60fefa8d26f46e84a295b223,APPROVED,2022-10-12T04:07:40.715000Z,2022-10-12T04:14:00.108000Z,2022-10-20T16:34:49.945000,2022-10-12T04:14:00.919011Z,380,NOCODE,1058,1,100,"Facebook, Youtube, Twitter, Linkedin, Pinterest, Instagram, Reddit, Snapchat, TikTok",21,Female,White,United States,United States,United States,English,Yes,Unemployed (and job seeking)
63463da1a183679d67573494,5ed2958cf3d85d0880db5011,APPROVED,2022-10-12T04:08:05.302000Z,2022-10-12T04:11:13.008000Z,2022-10-20T16:34:50.052000,2022-10-12T04:11:13.338784Z,188,CA77NV3R,2090,9,99,"Facebook, Youtube, Pinterest, Linkedin, Instagram, Reddit",38,Female,White,Germany,United States,United States,English,DATA_EXPIRED,Part-Time
63463da69e1e1e41a8f13a1a,61018f595798ed7d1df1222b,APPROVED,2022-10-12T04:08:08.643000Z,2022-10-12T04:12:16.129000Z,2022-10-20T16:34:50.155000,2022-10-12T04:12:16.445632Z,248,CA77NV3R,1364,1,100,"Youtube, Twitter, Pinterest, Tumblr, Instagram, Snapchat, TikTok",20,Female,White,United States,United States,United States,English,No,Unemployed (and job seeking)
63463da84b59f661259b0726,54ea5b40fdf99b768609982f,APPROVED,2022-10-12T04:08:10.823000Z,2022-10-12T04:13:51.102000Z,2022-10-20T16:34:50.258000,2022-10-12T04:13:51.415425Z,341,CA77NV3R,1924,2,100,"Facebook, Youtube, Twitter, Instagram, Reddit",34,Male,Asian,United States,United States,United States,English,DATA_EXPIRED,DATA_EXPIRED
63463dab390c1cb9db7e93e1,610e1134a43a2988a958b500,APPROVED,2022-10-12T04:08:15.516000Z,2022-10-12T04:17:45.906000Z,2022-10-20T16:34:50.366000,2022-10-12T04:17:46.302825Z,571,CA77NV3R,468,1,100,"Facebook, Youtube, Twitter, Pinterest, Tumblr, Instagram, Reddit",41,Female,White,United States,United States,United States,English,No,"Not in paid work (e.g. homemaker', 'retired or disabled)"
63463db6a08dfa322a7a163c,5eace152e25d6800091dd418,APPROVED,2022-10-12T04:08:29.638000Z,2022-10-12T04:48:26.733000Z,2022-10-20T16:34:50.470000,2022-10-12T04:48:27.111197Z,2398,CA77NV3R,1775,11,98,"Youtube, Twitter, Pinterest, Facebook, Reddit, ask.fm",43,Female,Black,United States,United States,United States,English,No,DATA_EXPIRED
63463db6d7a0f90fbdbc18b3,59f224ce40333e00017edfe8,APPROVED,2022-10-12T04:08:26.188000Z,2022-10-12T04:14:24.242000Z,2022-10-20T16:34:50.575000,2022-10-12T04:14:24.588468Z,359,CA77NV3R,3035,7,100,"Instagram, Tumblr, Facebook, Youtube, Twitter, Reddit, Pinterest",37,Female,White,United States,United States,United States,English,No,Full-Time
63463db6eeedcbabfda56de6,5cf83d28310c7a0001a9cf2e,APPROVED,2022-10-12T04:08:26.990000Z,2022-10-12T04:21:38.063000Z,2022-10-20T16:34:50.677000,2022-10-12T04:21:38.372000Z,792,CA77NV3R,138,1,100,"Youtube, Reddit",24,Male,White,United States,United States,United States,English,No,Unemployed (and job seeking)
63463dc20b8deb924af36e30,629f7118ea1b5e22a22a6b39,APPROVED,2022-10-12T04:08:39.427000Z,2022-10-12T04:13:36.173000Z,2022-10-20T16:34:50.781000,2022-10-12T04:13:36.466657Z,297,CA77NV3R,150,0,100,"Facebook, Twitter, Linkedin, Pinterest, Instagram, Youtube",29,Male,White,United States,United States,United States,English,No,Full-Time
63463dc7280ba19d4f799026,6149527a450140c071bd5c2e,APPROVED,2022-10-12T04:08:43.033000Z,2022-10-12T04:11:34.541000Z,2022-10-20T16:34:50.887000,2022-10-12T04:11:34.872234Z,172,CA77NV3R,1116,6,99,"Facebook, Youtube, Linkedin, Instagram",47,Male,White,United States,United States,United States,English,No,Full-Time
63463dde6e458fcb3503532a,56875435369319000c26947d,APPROVED,2022-10-12T04:09:05.539000Z,2022-10-12T04:13:57.317000Z,2022-10-20T16:34:50.995000,2022-10-12T04:13:57.666465Z,292,CA77NV3R,2911,28,97,"Facebook, Youtube, Linkedin, Reddit",35,Male,White,United States,United States,United States,English,No,Full-Time
63463de4be1357ed82573482,5be94f66a169160001dafb9d,APPROVED,2022-10-12T04:09:08.316000Z,2022-10-12T04:15:32.672000Z,2022-10-20T16:34:51.105000,2022-10-12T04:15:33.013062Z,385,CA77NV3R,394,1,100,"Instagram, Youtube, Reddit, Pinterest, Twitter",32,Male,Black,United States,United States,United States,English,No,Part-Time
63463ded0b3acfae01f36e28,60ef75e98194ebdf7e440783,APPROVED,2022-10-12T04:09:21.874000Z,2022-10-12T04:16:59.426000Z,2022-10-20T16:34:51.207000,2022-10-12T04:16:59.843925Z,458,CA77NV3R,1246,1,100,"Youtube, Twitter, Tumblr, Instagram, Reddit, TikTok",27,DATA_EXPIRED,Mixed,United States,United States,United States,English,No,DATA_EXPIRED
63463df48a4b0d22b31315ca,5f11e883afd70a0d94572e6a,APPROVED,2022-10-12T04:09:28.957000Z,2022-10-12T04:13:17.999000Z,2022-10-20T16:34:51.308000,2022-10-12T04:13:18.362778Z,230,CA77NV3R,1262,5,100,"Facebook, Youtube, Twitter, Linkedin, Pinterest, Instagram, Reddit",43,Male,White,United States,United States,United States,English,DATA_EXPIRED,DATA_EXPIRED
63463dfa9321aa5cc2799046,620297d1ef1cb18a1337c19a,APPROVED,2022-10-12T04:09:33.749000Z,2022-10-12T04:15:15.597000Z,2022-10-20T16:34:51.412000,2022-10-12T04:15:15.917824Z,342,CA77NV3R,395,1,100,"Facebook, Youtube, Pinterest, Instagram, Reddit",29,Female,White,United States,United States,United States,English,No,DATA_EXPIRED
63463dfbba6e2c2b161ec411,5c395df5f5ebd50001850900,APPROVED,2022-10-12T04:10:45.535000Z,2022-10-12T04:15:15.252000Z,2022-10-20T16:34:51.512000,2022-10-12T04:15:15.532283Z,270,CA77NV3R,3154,1,100,"Reddit, Twitter, Instagram, Youtube",27,Male,Asian,United States,United States,United States,Chinese,Yes,Part-Time
63463dfeab9324fbafe67b8a,5e46f51bc3298c1bf813a984,APPROVED,2022-10-12T04:09:37.270000Z,2022-10-12T04:14:31.629000Z,2022-10-20T16:34:51.616000,2022-10-12T04:14:32.010660Z,295,CA77NV3R,1926,20,97,"Youtube, Twitter, Facebook, Vine.co, Instagram",25,Male,Asian,United States,United States,United States,English,Yes,Other
63463e05897e85d4eba56de0,5f47f49560be64128162a5f4,APPROVED,2022-10-12T04:09:43.979000Z,2022-10-12T04:15:56.950000Z,2022-10-20T16:34:51.719000,2022-10-12T04:15:57.339076Z,373,CA77NV3R,2696,7,100,"Facebook, Youtube, Pinterest, Reddit",40,Female,Black,United States,United States,United States,English,No,Part-Time
63463e0ca6667594cc24dd00,627a949111093bf6cf062f93,APPROVED,2022-10-12T04:09:52.091000Z,2022-10-12T04:20:02.325000Z,2022-10-20T16:34:51.825000,2022-10-12T04:20:02.629809Z,611,CA77NV3R,820,2,100,"Facebook, Youtube, Twitter, Linkedin, Instagram, Reddit, TikTok, Snapchat",34,Female,White,United States,United States,United States,English,Yes,Part-Time
63463e2f048fb8c700ea4582,559fa17cfdf99b69c369d364,APPROVED,2022-10-12T04:10:26.051000Z,2022-10-12T04:36:05.403000Z,2022-10-20T16:34:51.935000,2022-10-12T04:36:05.700231Z,1540,CA77NV3R,2504,6,100,"Facebook, Youtube, Twitter, Google Plus, Instagram",51,Male,White,United States,United States,United States,English,No,Full-Time
63463e2f8a4b0d22b31315cd,60a2c2ea04fc6b2de2f14da9,APPROVED,2022-10-12T04:10:27.022000Z,2022-10-12T04:23:19.508000Z,2022-10-20T16:34:52.042000,2022-10-12T04:23:19.816665Z,773,CA77NV3R,739,0,100,"Facebook, Youtube, Twitter, Reddit, Instagram, TikTok",58,Female,White,United States,United States,United States,English,No,"Not in paid work (e.g. homemaker', 'retired or disabled)"
63463e31a08dfa322a7a1642,5a01a0fd728b1b0001ad89f8,APPROVED,2022-10-12T04:12:57.721000Z,2022-10-12T04:18:27.940000Z,2022-10-20T16:34:52.145000,2022-10-12T04:18:28.271301Z,331,CA77NV3R,2263,2,100,"Youtube, Reddit, Twitter, Tumblr",34,Female,White,United States,United States,United States,English,DATA_EXPIRED,DATA_EXPIRED
63463e4d5de8cf964a5d0fe3,5fed6c9c0d786daf31f29f3d,APPROVED,2022-10-12T04:11:00.604000Z,2022-10-12T04:16:45.650000Z,2022-10-20T16:34:52.255000,2022-10-12T04:16:46.027094Z,346,CA77NV3R,1870,0,100,"Facebook, Youtube, Twitter, Linkedin, Pinterest, Instagram, Reddit, Flickr",35,Female,Asian,Vietnam,United States,United States,Vietnamese,No,"Not in paid work (e.g. homemaker', 'retired or disabled)"
63463e73714b9e24e77a1648,5743c964eb8ed0000ff798ac,APPROVED,2022-10-12T04:11:34.622000Z,2022-10-12T04:16:51.635000Z,2022-10-20T16:34:52.360000,2022-10-12T04:16:52.015187Z,318,NOCODE,766,4,100,"Youtube, Twitter, Pinterest, Linkedin, Reddit, Medium",32,Male,Black,United States,United States,United States,English,Yes,Full-Time
63463e839669a6263cdbd212,6147970dcfd3a1be94292adb,APPROVED,2022-10-12T04:11:50.804000Z,2022-10-12T04:15:49.486000Z,2022-10-20T16:34:52.468000,2022-10-12T04:15:49.906636Z,239,CA77NV3R,695,2,100,"Facebook, Youtube, Twitter, Pinterest, Instagram, Reddit, TikTok",23,Female,White,United States,United States,United States,English,DATA_EXPIRED,Part-Time
63463e877b9f07bd8e7a1680,60fdd750288be5b77bcaa334,APPROVED,2022-10-12T04:11:57.081000Z,2022-10-12T04:18:34.670000Z,2022-10-20T16:34:52.573000,2022-10-12T04:18:35.037628Z,398,CA77NV3R,77,1,100,"Facebook, Youtube, Pinterest, Instagram, TikTok",24,Female,White,United States,United States,United States,English,No,Part-Time
63463e8e280ba19d4f79902b,615c777509f34c8977bc45a7,APPROVED,2022-10-12T04:12:01.378000Z,2022-10-12T04:16:01.740000Z,2022-10-20T16:34:52.677000,2022-10-12T04:16:02.131768Z,241,CA77NV3R,2535,1,100,"Facebook, Youtube, Twitter, Instagram, Reddit, Snapchat",33,Male,White,United States,United States,United States,English,No,Full-Time
63463ea350cfbcfe22eb2db2,60a48fd2c46d793c5340f03e,APPROVED,2022-10-12T04:12:24.649000Z,2022-10-12T04:16:01.369000Z,2022-10-20T16:34:52.783000,2022-10-12T04:16:01.666802Z,217,CA77NV3R,1481,5,100,"Facebook, Linkedin, Pinterest, Youtube, Twitter, Instagram, Reddit, TikTok, Medium",29,Female,Asian,United States,United States,United States,English,DATA_EXPIRED,DATA_EXPIRED
63463ea55de8cf964a5d0fe7,6324d57e16793f135c502936,APPROVED,2022-10-12T04:12:25.364000Z,2022-10-12T04:19:06.565000Z,2022-10-20T16:34:52.889000,2022-10-12T04:19:06.966854Z,402,CA77NV3R,40,1,98,"Facebook, Youtube, Instagram, Snapchat, TikTok",44,Male,Black,United States,United States,United States,English,No,Unemployed (and job seeking)
63463ea64ea81f1c0b009ac5,5d570f14979c820001bedc88,APPROVED,2022-10-12T04:12:27.309000Z,2022-10-12T04:18:07.485000Z,2022-10-20T16:34:52.998000,2022-10-12T04:18:07.883215Z,341,CA77NV3R,610,0,100,"Youtube, Facebook, Reddit, Pinterest",28,Female,Mixed,United States,United States,United States,English,No,Part-Time
63463ea73e40f9cd28802258,5aed49c2aa05510001ff8131,APPROVED,2022-10-12T04:12:23.154000Z,2022-10-12T04:18:05.063000Z,2022-10-20T16:34:53.105000,2022-10-12T04:18:05.360037Z,342,CA77NV3R,1548,4,100,"Reddit, Youtube",37,Male,White,United States,United States,United States,English,No,Full-Time
63463eb098342d9d3edbd1fa,5c0f1cf4f3027300014b606f,APPROVED,2022-10-12T04:12:37.018000Z,2022-10-12T04:21:04.462000Z,2022-10-20T16:34:53.209000,2022-10-12T04:21:04.810990Z,508,CA77NV3R,3907,0,100,"Reddit, Youtube",40,Male,White,United States,United States,United States,English,No,Full-Time
63463eb51cf6e468f39198d4,6318f71ece2f523f840e1eee,APPROVED,2022-10-12T04:12:40.652000Z,2022-10-12T04:17:56.068000Z,2022-10-20T16:34:53.319000,2022-10-12T04:17:57.018451Z,316,CA77NV3R,50,0,100,"Facebook, Youtube, Twitter, Linkedin, Instagram, Reddit",24,Male,White,DATA_EXPIRED,United States,United States,English,DATA_EXPIRED,DATA_EXPIRED
63463ebb897e85d4eba56de7,5eed8bec94fa2f1be77c189a,APPROVED,2022-10-12T04:12:49.308000Z,2022-10-12T04:15:12.608000Z,2022-10-20T16:34:53.425000,2022-10-12T04:15:12.992632Z,144,CA77NV3R,587,3,100,"Facebook, Youtube, Pinterest, Instagram, Reddit",26,Female,White,United States,United States,United States,English,No,DATA_EXPIRED
63463ebdc28659840e7b7242,5c5404c24831db000161c5e8,APPROVED,2022-10-12T04:12:49.812000Z,2022-10-12T04:19:59.954000Z,2022-10-20T16:34:53.534000,2022-10-12T04:20:00.263333Z,431,CA77NV3R,494,0,100,"Youtube, Instagram, Reddit, Pinterest, Facebook",33,Female,White,United States,United States,United States,English,No,Part-Time
63463ec946fbfcc103a5151b,63129dd30887fb3d46640f2b,APPROVED,2022-10-12T04:13:04.171000Z,2022-10-12T04:17:28.844000Z,2022-10-20T16:34:53.649000,2022-10-12T04:17:29.146804Z,265,CA77NV3R,11,0,100,"Facebook, Youtube, Twitter, Reddit, TikTok",29,Male,Mixed,United States,United States,United States,English,No,Other
63463ee2df0e5a719130e970,60fdf71f6ae2ee3ba2f6f747,APPROVED,2022-10-12T04:13:26.792000Z,2022-10-12T04:17:51.059000Z,2022-10-20T16:34:53.757000,2022-10-12T04:17:51.380062Z,265,CA77NV3R,242,2,100,"Youtube, Facebook, Linkedin, Instagram, Snapchat, TikTok",26,Female,White,United States,United States,United States,English,DATA_EXPIRED,DATA_EXPIRED
63463ef1d8e77adec4822f27,6323c66923b89b0a73b205c7,APPROVED,2022-10-12T04:13:43.175000Z,2022-10-12T04:20:10.741000Z,2022-10-20T16:34:53.863000,2022-10-12T04:20:11.851287Z,388,CA77NV3R,34,0,100,"Facebook, Youtube",35,Prefer not to say,White,United States,United States,United States,English,No,"Not in paid work (e.g. homemaker', 'retired or disabled)"
63463ef61d548bdc6c79e58a,6068f6b46ca5311c045943f9,APPROVED,2022-10-12T04:14:06.497000Z,2022-10-12T04:18:33.911000Z,2022-10-20T16:34:57.791000,2022-10-12T04:18:34.217738Z,268,CA77NV3R,434,3,99,"Facebook, Youtube, Twitter, Linkedin, Pinterest",32,Female,Black,United States,United States,United States,English,No,Part-Time
63463efa32b5dc2b169b06d8,56dfb1516b4093000dd8ca21,APPROVED,2022-10-12T04:13:52.219000Z,2022-10-12T04:18:48.116000Z,2022-10-20T16:34:57.912000,2022-10-12T04:18:48.462827Z,296,CA77NV3R,1452,22,95,"Facebook, Youtube, Linkedin, Pinterest, Instagram, Reddit, Snapchat",30,Male,Black,United States,United States,United States,English,No,Unemployed (and job seeking)
63463efdaee0f440bcbdd490,6234bc20474f603b10a66d77,APPROVED,2022-10-12T04:13:52.501000Z,2022-10-12T04:20:17.767000Z,2022-10-20T16:34:58.048000,2022-10-12T04:20:18.351539Z,386,CA77NV3R,1168,4,100,"Youtube, Twitter, Instagram, Reddit",49,Male,White,United States,United States,United States,English,DATA_EXPIRED,DATA_EXPIRED
63463f016e458fcb3503532d,62ef8372cd41d2893d237b6b,APPROVED,2022-10-12T04:13:56.686000Z,2022-10-12T04:18:06.255000Z,2022-10-20T16:34:58.183000,2022-10-12T04:18:06.851693Z,250,CA77NV3R,381,3,99,"Facebook, Youtube, Instagram, Reddit, Snapchat, TikTok",25,Male,Mixed,United States,United States,United States,English,Yes,Full-Time
63463f02984d319de0f13a55,628fa9e1afc3de7797cb6e2f,APPROVED,2022-10-12T04:18:28.271000Z,2022-10-12T04:32:08.260000Z,2022-10-20T16:34:58.306000,2022-10-12T04:32:09.057930Z,820,CA77NV3R,448,1,100,"Twitter, Youtube, Reddit",24,Male,Black,United States,United States,United States,English,No,Full-Time
63463f099e5e6a659adbd1f5,629e3f2e7aa7065ffef94278,APPROVED,2022-10-12T04:14:11.816000Z,2022-10-12T04:20:11.461000Z,2022-10-20T16:34:58.435000,2022-10-12T04:20:11.814451Z,360,CA77NV3R,529,0,100,"Snapchat, TikTok, Reddit, Pinterest, Youtube, Instagram",23,Female,Mixed,United States,United States,United States,English,No,Part-Time
63463f32a1229c5fddbb303a,62f57348a415c4424d6a9006,APPROVED,2022-10-12T04:14:46.043000Z,2022-10-12T04:18:09.415000Z,2022-10-20T16:34:58.554000,2022-10-12T04:18:09.777669Z,204,CA77NV3R,173,6,94,Youtube,44,Male,Mixed,United States,United States,United States,English,No,Full-Time
63463f37921fb78559d7b4ea,6164f968bc130e92452ae058,APPROVED,2022-10-12T04:16:51.476000Z,2022-10-12T04:23:03.300000Z,2022-10-20T16:34:58.679000,2022-10-12T04:23:03.647619Z,372,CA77NV3R,138,2,99,"Facebook, Youtube, Twitter, Instagram, Snapchat, TikTok",20,Female,White,United States,United States,United States,English,DATA_EXPIRED,DATA_EXPIRED
63463f39a18bb8be1d7e9400,614e497939b9b53a6013f7b0,APPROVED,2022-10-12T04:14:51.709000Z,2022-10-12T04:18:08.615000Z,2022-10-20T16:34:58.805000,2022-10-12T04:18:08.964852Z,197,CA77NV3R,983,3,100,"Facebook, Youtube, Twitter, Linkedin, Google Plus, Instagram, Reddit, TikTok, Snapchat",24,Male,White,United States,United States,United States,English,DATA_EXPIRED,Full-Time
63463f3ca08dfa322a7a1647,5dd3bfcd8b8df139ce007928,APPROVED,2022-10-12T04:14:52.423000Z,2022-10-12T04:33:23.705000Z,2022-10-20T16:34:58.922000,2022-10-12T04:33:24.010396Z,1112,CA77NV3R,3064,5,100,"Reddit, Twitter, Youtube",54,Male,White,United States,United States,United States,English,No,Full-Time
63463f3fe76ba0198bde124e,59a4b7e0c9281e0001c1bc8f,APPROVED,2022-10-12T04:15:01.912000Z,2022-10-12T04:19:36.901000Z,2022-10-20T16:34:59.054000,2022-10-12T04:19:37.270776Z,275,CA77NV3R,1031,2,100,"Tumblr, Twitter, Facebook, Youtube",28,Male,White,United States,United States,United States,English,No,DATA_EXPIRED
63463f42e92dbc4a3dc6db4d,5dcf34f64fee9907fc626f0f,APPROVED,2022-10-12T04:15:03.370000Z,2022-10-12T04:21:30.259000Z,2022-10-20T16:34:59.179000,2022-10-12T04:21:30.640860Z,387,CA77NV3R,2932,13,99,"Meetup, Pinterest, Facebook, Youtube",74,Female,White,United States,United States,United States,English,DATA_EXPIRED,DATA_EXPIRED
63463f45103de59ddd24dd0f,5d8186b89d5990001958d771,APPROVED,2022-10-12T04:15:04.726000Z,2022-10-12T04:26:35.856000Z,2022-10-20T16:34:59.306000,2022-10-12T04:26:36.153709Z,692,CA77NV3R,153,0,100,"Reddit, Instagram, Youtube, Pinterest, Linkedin",30,Female,White,United States,United States,United States,English,No,Full-Time
63463f45a08dfa322a7a1648,5bb7d8139b5f7e0001d43a6c,APPROVED,2022-10-12T04:15:01.294000Z,2022-10-12T04:22:52.589000Z,2022-10-20T16:34:59.428000,2022-10-12T04:22:52.908624Z,472,CA77NV3R,1705,4,100,"Pinterest, Youtube, Instagram, Reddit, Twitter, Tumblr",32,Female,Mixed,United States,United States,United States,English,No,Full-Time
63463f63c7176e94c7bb3095,5da8e16357b45000179c94b2,APPROVED,2022-10-12T04:15:34.113000Z,2022-10-12T04:18:36.062000Z,2022-10-20T16:34:59.548000,2022-10-12T04:18:36.390517Z,182,CA77NV3R,731,4,99,"Youtube, Twitter, Facebook, Pinterest, Reddit, Instagram, TikTok",32,Female,Asian,United States,United States,United States,Korean,DATA_EXPIRED,DATA_EXPIRED
63463f728919fc0b05162f60,61010400617800821cac834e,APPROVED,2022-10-12T04:15:48.535000Z,2022-10-12T04:23:32.630000Z,2022-10-20T16:34:59.671000,2022-10-12T04:23:32.958990Z,465,CA77NV3R,1033,3,100,"TikTok, Instagram, Youtube",22,Female,Other,United States,United States,United States,Spanish,Yes,Full-Time
63463f824a7f1aede830e98e,5d6141608a11df001a477fbe,APPROVED,2022-10-12T04:16:47.462000Z,2022-10-12T04:29:22.271000Z,2022-10-20T16:34:59.799000,2022-10-12T04:29:22.613570Z,755,CA77NV3R,3185,27,98,"Twitter, Facebook, Youtube, Reddit, Linkedin, Pinterest, Tumblr",45,Male,White,United States,United States,United States,English,No,DATA_EXPIRED
63463f9a280ba19d4f799037,5f13b237c08bc13e4ef2e760,APPROVED,2022-10-12T04:16:30.020000Z,2022-10-12T04:20:37.329000Z,2022-10-20T16:34:59.926000,2022-10-12T04:20:37.706613Z,248,CA77NV3R,1492,4,100,"Facebook, Youtube, Twitter, Pinterest, Instagram, Reddit",32,Female,White,United States,United States,United States,English,No,Other
63463fa4aa183113e2e98e8e,62bd42b72c2ccddf753b655b,APPROVED,2022-10-12T04:16:44.397000Z,2022-10-12T04:27:50.363000Z,2022-10-20T16:35:00.042000,2022-10-12T04:27:50.680518Z,666,NOCODE,312,4,98,"Facebook, Youtube, Pinterest, Twitter, Instagram, Reddit, Snapchat, Medium",59,Female,White,United States,United States,United States,English,No,"Not in paid work (e.g. homemaker', 'retired or disabled)"
63463fa57c86cfb47dde122a,61562037d8d42a74687762c6,APPROVED,2022-10-12T04:16:42.259000Z,2022-10-12T04:22:27.937000Z,2022-10-20T16:35:00.167000,2022-10-12T04:22:28.295112Z,346,CA77NV3R,1099,4,100,"Facebook, Youtube, Twitter, Instagram, Reddit, TikTok",31,Prefer not to say,White,United States,United States,United States,English,Yes,Full-Time
63463fb070639f946c1c1158,5f3153a6180dcf0d8dd72a45,APPROVED,2022-10-12T04:16:51.755000Z,2022-10-12T04:27:33.941000Z,2022-10-20T16:35:00.299000,2022-10-12T04:27:34.321394Z,643,CA77NV3R,2326,1,100,"Twitter, Youtube, Facebook, Instagram, Reddit",39,Male,White,United States,United States,United States,English,No,Full-Time
63463fb3ba6e2c2b161ec41b,620bde00a922fc3f247f6d88,APPROVED,2022-10-12T04:16:54.322000Z,2022-10-12T04:21:58.896000Z,2022-10-20T16:35:00.434000,2022-10-12T04:21:59.230557Z,305,CA77NV3R,92,2,99,"Youtube, Facebook, Twitter, Reddit",29,Male,Black,United States,United States,United States,English,DATA_EXPIRED,DATA_EXPIRED
63463fb4071e8d05fb7b727b,5f5023517ef2f019cf3ebb57,APPROVED,2022-10-12T04:16:56.797000Z,2022-10-12T04:27:27.680000Z,2022-10-20T16:35:00.550000,2022-10-12T04:27:28.053315Z,631,CA77NV3R,934,2,100,Youtube,69,Female,Black,United States,United States,United States,English,No,"Not in paid work (e.g. homemaker', 'retired or disabled)"
63463fcea61e54fc020352d2,5fb47b35d6da7d1a6ae54f08,APPROVED,2022-10-12T04:17:22.631000Z,2022-10-12T04:27:32.407000Z,2022-10-20T16:35:00.662000,2022-10-12T04:27:32.808340Z,610,CA77NV3R,931,2,100,"Facebook, Youtube, Twitter, Linkedin, Pinterest, Instagram, Reddit",32,Female,Mixed,United States,United States,United States,English,No,Full-Time
63463fcf154c85f11c78e155,5ecbecaf5d5a2e797beced09,APPROVED,2022-10-12T04:17:22.277000Z,2022-10-12T04:23:36.135000Z,2022-10-20T16:35:00.775000,2022-10-12T04:23:36.486805Z,374,CA77NV3R,198,0,100,"Twitter, Youtube, Reddit",24,Male,Black,United States,United States,United States,English,No,Unemployed (and job seeking)
63463fd7d8e77adec4822f2f,5dce3ccc32ccbf0cd54263db,APPROVED,2022-10-12T04:17:29.300000Z,2022-10-12T04:47:38.309000Z,2022-10-20T16:35:00.909000,2022-10-12T04:47:38.641966Z,1810,CA77NV3R,1235,14,97,"Pinterest, Linkedin, Instagram, Reddit, Twitter, Facebook, Youtube",23,Female,Other,United States,United States,United States,Spanish,DATA_EXPIRED,DATA_EXPIRED
63463fdadf0e5a719130e976,5e050a93130644f507aa9661,APPROVED,2022-10-12T04:17:33.521000Z,2022-10-12T04:20:47.331000Z,2022-10-20T16:35:01.042000,2022-10-12T04:20:47.699925Z,194,CA77NV3R,511,7,97,"Youtube, Facebook, Instagram",28,Male,White,United States,United States,United States,English,Yes,DATA_EXPIRED
63464002103de59ddd24dd15,5ee8200262b1cc12348550e3,APPROVED,2022-10-12T04:18:12.578000Z,2022-10-12T04:50:18.701000Z,2022-10-20T16:35:01.170000,2022-10-12T04:50:19.095892Z,1927,CA77NV3R,1361,8,99,"Facebook, Youtube, Linkedin, Instagram, Reddit",28,Female,Asian,United States,United States,United States,Malayalam,Yes,Other
63464007d41e19a62fcd70b2,58cefdb030c4cf0001ceb3ac,APPROVED,2022-10-12T04:18:18.675000Z,2022-10-12T04:26:52.507000Z,2022-10-20T16:35:01.295000,2022-10-12T04:26:52.838726Z,514,CA77NV3R,3572,5,100,"Facebook, Youtube, Twitter, Instagram, Reddit, Snapchat",67,Female,White,United States,United States,United States,English,No,"Not in paid work (e.g. homemaker', 'retired or disabled)"
63464009169000af76cd70c8,5f309da05b67075083772c0b,APPROVED,2022-10-12T04:18:20.761000Z,2022-10-12T04:25:29.668000Z,2022-10-20T16:35:01.417000,2022-10-12T04:25:29.983933Z,429,CA77NV3R,316,0,100,"Facebook, Youtube, Reddit",21,Male,Mixed,United States,United States,United States,English,Yes,Other
6346401417adc235a01315bd,6331833c4f06e9f9e4839390,APPROVED,2022-10-12T04:18:32.386000Z,2022-10-12T04:26:15.811000Z,2022-10-20T16:35:01.543000,2022-10-12T04:26:16.217392Z,464,CA77NV3R,25,0,100,"Facebook, Youtube, Twitter, Linkedin, Instagram, Reddit, Snapchat, TikTok",26,Male,White,United States,United States,United States,English,Yes,Full-Time
634640211b08a0f1f703532d,5d946449f5241f0018fe2af2,APPROVED,2022-10-12T04:18:44.716000Z,2022-10-12T04:25:52.689000Z,2022-10-20T16:35:01.666000,2022-10-12T04:25:53.011928Z,428,CA77NV3R,1797,1,100,"Facebook, Youtube, Pinterest, Tumblr, Reddit",43,Female,White,United States,United States,United States,English,No,Full-Time
6346402cc28659840e7b724d,5c5676fd9fcbc40001dc603b,APPROVED,2022-10-12T04:18:55.011000Z,2022-10-12T04:26:08.656000Z,2022-10-20T16:35:01.790000,2022-10-12T04:26:08.985731Z,434,CA77NV3R,1054,1,100,"Facebook, Youtube, Twitter, Linkedin, Instagram, Reddit, TikTok",46,Male,White,United States,United States,United States,English,No,DATA_EXPIRED
6346403320871a24a35e0863,5d94d7d77587a900150ac8d0,APPROVED,2022-10-12T04:19:02.337000Z,2022-10-12T04:24:23.222000Z,2022-10-20T16:35:02.290000,2022-10-12T04:24:23.512744Z,321,CA77NV3R,960,11,97,"Pinterest, Tumblr, Instagram, Reddit, Linkedin, Youtube",23,Female,White,United States,United States,United States,English,No,DATA_EXPIRED
6346404695d63b5453f36de8,61042c227fcf24751acd9a28,APPROVED,2022-10-12T04:19:21.083000Z,2022-10-12T04:24:57.180000Z,2022-10-20T16:35:02.424000,2022-10-12T04:24:57.515468Z,337,CA77NV3R,274,2,100,"Reddit, Youtube",33,Male,Mixed,United States,United States,United States,English,No,Other
6346404903ad07ae22ae94ee,6101e01b5fe9ba60b9c1c4c4,APPROVED,2022-10-12T04:19:25.078000Z,2022-10-12T04:28:57.743000Z,2022-10-20T16:35:02.549000,2022-10-12T04:28:58.059582Z,573,CA77NV3R,465,3,99,"Facebook, Youtube, Linkedin, Instagram, Reddit, Snapchat, TikTok",28,Female,White,United States,United States,United States,English,Yes,Full-Time
6346405e5383f9e6a978e1aa,5e4915503f7dd939f72a73f8,APPROVED,2022-10-12T04:19:44.886000Z,2022-10-12T04:25:28.947000Z,2022-10-20T16:35:02.683000,2022-10-12T04:25:29.334853Z,345,CA77NV3R,578,3,100,"Twitter, Instagram, Facebook, Youtube, Pinterest",65,Female,White,United States,United States,United States,English,DATA_EXPIRED,DATA_EXPIRED
63464076a6667594cc24dd14,58be2fc3bfc0f4000179f3c5,APPROVED,2022-10-12T04:20:06.461000Z,2022-10-12T04:29:38.369000Z,2022-10-20T16:35:02.810000,2022-10-12T04:29:38.724607Z,572,CA77NV3R,2321,0,100,"Youtube, Twitter",51,Male,White,United States,United States,United States,English,No,Unemployed (and job seeking)
63464077d8e77adec4822f35,617531b45568af8db14c3a1f,APPROVED,2022-10-12T04:20:12.566000Z,2022-10-12T04:27:33.483000Z,2022-10-20T16:35:02.942000,2022-10-12T04:27:33.851213Z,441,CA77NV3R,878,2,100,"Facebook, Youtube, Twitter, Linkedin, Pinterest",61,Female,White,United States,United States,United States,English,No,"Not in paid work (e.g. homemaker', 'retired or disabled)"
63464082c99d8dbbcfa51522,5e8caf1b063693041f6ac524,APPROVED,2022-10-12T04:20:26.744000Z,2022-10-12T04:28:41.772000Z,2022-10-20T16:35:03.070000,2022-10-12T04:28:42.108734Z,496,CA77NV3R,1752,9,99,"Instagram, Youtube",39,Male,White,United States,United States,United States,English,No,Full-Time
6346409632b5dc2b169b06ec,614e8729fb12a3f553e70066,APPROVED,2022-10-12T04:20:48.482000Z,2022-10-12T04:36:44.911000Z,2022-10-20T16:35:03.222000,2022-10-12T04:36:45.187602Z,957,CA77NV3R,166,2,99,"Facebook, Youtube, Twitter, Instagram",50,Female,White,United States,United States,United States,English,No,Full-Time
634640a092128245807a0eb9,62bb5f8e69db3057664fbed3,APPROVED,2022-10-12T04:20:53.050000Z,2022-10-12T04:27:00.999000Z,2022-10-20T16:35:03.348000,2022-10-12T04:27:01.315721Z,368,CA77NV3R,269,4,97,"Facebook, Youtube, Pinterest, Reddit",45,Male,White,United States,United States,United States,English,No,"Not in paid work (e.g. homemaker', 'retired or disabled)"
634640b6f208e39952822f65,5f9fb315ae6f085ff96c0cac,APPROVED,2022-10-12T04:21:16.023000Z,2022-10-12T04:27:19.817000Z,2022-10-20T16:35:03.472000,2022-10-12T04:27:20.150072Z,364,CA77NV3R,803,1,100,"Facebook, Youtube, Twitter, Instagram, Reddit",31,Male,White,United States,United States,United States,English,No,Full-Time
634640d5db37b61b1f79e568,5e801ffa2b3c3870ecdf7865,APPROVED,2022-10-12T04:21:45.651000Z,2022-10-12T04:28:56.839000Z,2022-10-20T16:35:03.600000,2022-10-12T04:28:57.141491Z,432,CA77NV3R,2248,8,99,"Facebook, Youtube, Linkedin, Reddit, Medium",50,Male,Asian,United States,United States,United States,DATA_EXPIRED,No,DATA_EXPIRED
634640db4ec8976d3ebdd492,60ba9b1108f554e36941c2b4,APPROVED,2022-10-12T04:21:55.245000Z,2022-10-12T04:29:49.820000Z,2022-10-20T16:35:03.729000,2022-10-12T04:29:50.147654Z,475,CA77NV3R,1261,3,100,"Facebook, Youtube, Twitter, Linkedin, Reddit, Meetup, Snapchat, TikTok",54,Male,Black,United States,United States,United States,English,No,DATA_EXPIRED
634640dd1cf6e468f39198d9,5fd5b5a8c19e0c41af96b96e,APPROVED,2022-10-12T04:21:52.117000Z,2022-10-12T04:33:54.818000Z,2022-10-20T16:35:03.844000,2022-10-12T04:33:55.129489Z,723,CA77NV3R,951,10,96,"Facebook, Youtube, Pinterest, Instagram, Reddit",29,Female,White,United States,United States,United States,English,No,Full-Time
634640df4a8b067488f53b61,6298eed2bfd985c0011572c5,APPROVED,2022-10-12T04:21:59.465000Z,2022-10-12T04:30:17.853000Z,2022-10-20T16:35:03.969000,2022-10-12T04:30:18.188510Z,499,CA77NV3R,234,1,100,"Facebook, Youtube, Twitter, Linkedin, Instagram",29,Female,Black,United States,United States,United States,English,No,Full-Time
634640e565e8543596c6db51,5d230365b7ca9a00017d8919,APPROVED,2022-10-12T04:22:02.505000Z,2022-10-12T04:37:53.938000Z,2022-10-20T16:35:04.099000,2022-10-12T04:37:55.712055Z,952,NOCODE,141,0,100,"Facebook, Youtube, Reddit, Pinterest",47,Female,White,United States,United States,United States,English,No,Part-Time
634640eed2ff1deb647a160a,614f571879ee135c5a579e08,APPROVED,2022-10-12T04:22:10.560000Z,2022-10-12T04:29:22.796000Z,2022-10-20T16:35:04.234000,2022-10-12T04:29:23.159482Z,433,CA77NV3R,227,1,100,"Facebook, Youtube, Twitter, Instagram, Reddit, Snapchat",27,Male,Black,United States,United States,United States,English,No,Unemployed (and job seeking)
634640f16e63c94a98e47610,5ee2e7bf21501a83d55642cd,APPROVED,2022-10-12T04:23:38.049000Z,2022-10-12T04:33:49.009000Z,2022-10-20T16:35:04.370000,2022-10-12T04:33:49.335931Z,611,CA77NV3R,2051,6,100,"Youtube, Twitter, Pinterest, Tumblr",55,Female,White,United States,United States,United States,English,No,"Not in paid work (e.g. homemaker', 'retired or disabled)"
634640f8a62c1d7ab3e47610,5f6eb18408ed4c3fa68fbf8a,APPROVED,2022-10-12T04:22:20.239000Z,2022-10-12T04:26:56.815000Z,2022-10-20T16:35:04.494000,2022-10-12T04:26:57.159389Z,277,CA77NV3R,1723,1,100,"Youtube, Linkedin, Reddit, Meetup",40,Female,Asian,United States,United States,United States,English,No,DATA_EXPIRED
634640fb714b9e24e77a1651,61501967e49a3d7e1977e4b4,APPROVED,2022-10-12T04:22:23.713000Z,2022-10-12T04:31:24.163000Z,2022-10-20T16:35:04.632000,2022-10-12T04:31:24.510250Z,541,NOCODE,1297,1,100,"Facebook, Youtube, Twitter, Instagram, TikTok",74,Female,White,United States,United States,United States,English,No,Part-Time
634640fc4a7f1aede830e994,602aaad0543ec50f6af5cc79,APPROVED,2022-10-12T04:22:22.382000Z,2022-10-12T04:27:18.773000Z,2022-10-20T16:35:04.768000,2022-10-12T04:27:19.098669Z,297,CA77NV3R,1825,6,99,"Youtube, Reddit, Tumblr, Instagram",22,Male,Other,United States,United States,United States,English,No,Other
63464100390c1cb9db7e93fc,60fc7d423aa600bbb01b7813,APPROVED,2022-10-12T04:22:46.269000Z,2022-10-12T04:29:44.422000Z,2022-10-20T16:35:04.904000,2022-10-12T04:29:44.800542Z,419,CA77NV3R,834,0,100,"Youtube, Twitter, Pinterest, Tumblr, Instagram, TikTok",23,Female,Mixed,United States,United States,United States,English,No,Part-Time
6346410ec28659840e7b7255,62ce05ec438b3fe762926ba8,APPROVED,2022-10-12T04:22:45.833000Z,2022-10-12T04:34:33.913000Z,2022-10-20T16:35:05.036000,2022-10-12T04:34:34.257853Z,709,CA77NV3R,28,1,99,"Facebook, Youtube, TikTok, Instagram",35,Male,White,United States,United States,United States,English,No,Full-Time
6346411262c41a895239a22e,594a964c215cbd000146de75,APPROVED,2022-10-12T04:22:46.121000Z,2022-10-12T04:28:26.414000Z,2022-10-20T16:35:05.174000,2022-10-12T04:28:26.757723Z,341,CA77NV3R,2160,0,100,"Facebook, Youtube, Instagram, Reddit",33,Female,Mixed,United States,United States,United States,Spanish,No,"Not in paid work (e.g. homemaker', 'retired or disabled)"
63464112e92565d40d6c3ca4,55b508f4fdf99b1c26c21c69,APPROVED,2022-10-12T04:22:48.067000Z,2022-10-12T04:36:22.936000Z,2022-10-20T16:35:05.300000,2022-10-12T04:36:23.327945Z,815,CA77NV3R,1173,0,100,Youtube,34,Female,Mixed,United States,United States,United States,English,No,Full-Time
63464119eca55198d69198c4,6108d6efa698e3dbe3b313d3,APPROVED,2022-10-12T04:22:53.915000Z,2022-10-12T04:58:58.302000Z,2022-10-20T16:35:05.420000,2022-10-12T04:58:58.803148Z,2165,CA77NV3R,1388,4,100,"Youtube, Twitter, Facebook, Linkedin, Instagram",30,Male,Black,United States,United States,United States,English,DATA_EXPIRED,DATA_EXPIRED
6346411b4ecb184cd8a1aedb,5af1ce2686e4d20001a015ea,APPROVED,2022-10-12T04:23:35.278000Z,2022-10-12T04:29:18.417000Z,2022-10-20T16:35:05.541000,2022-10-12T04:29:18.762099Z,344,CA77NV3R,878,1,100,"Google Plus, Reddit, Youtube, Linkedin",27,Male,White,United States,United States,United States,English,No,Full-Time
6346413d20871a24a35e0869,5e79352ea4d7d30d65532c51,APPROVED,2022-10-12T04:23:30.053000Z,2022-10-12T04:27:35.573000Z,2022-10-20T16:35:05.660000,2022-10-12T04:27:35.879296Z,246,CA77NV3R,2741,0,100,"Facebook, Youtube, Twitter, Linkedin, Tumblr, Pinterest, Instagram, Reddit",29,Female,White,United States,United States,United States,English,No,Full-Time
6346414b0aaadcadcd6c3ca9,5a78dbb9ae9a0b0001a97212,APPROVED,2022-10-12T04:23:49.107000Z,2022-10-12T04:28:06.267000Z,2022-10-20T16:35:05.783000,2022-10-12T04:28:06.607935Z,258,CA77NV3R,2317,2,100,"Reddit, Linkedin, Facebook, Youtube",35,Male,White,United States,United States,United States,English,DATA_EXPIRED,DATA_EXPIRED
6346414e7c86cfb47dde123a,583d5dd49c5f2a0001b85f40,APPROVED,2022-10-12T04:23:44.532000Z,2022-10-12T04:29:39.263000Z,2022-10-20T16:35:05.903000,2022-10-12T04:29:39.656482Z,355,CA77NV3R,159,0,100,"Youtube, Twitter, Instagram, Reddit, Snapchat",26,Female,Asian,United States,United States,United States,Chinese,No,DATA_EXPIRED
634641524bb909e727a1a1ef,6006f8b3977ac90f0e81d37d,APPROVED,2022-10-12T04:23:51.359000Z,2022-10-12T04:28:02.071000Z,2022-10-20T16:35:06.031000,2022-10-12T04:28:02.457413Z,251,CA77NV3R,888,5,99,"Youtube, Instagram, Reddit",20,Female,Asian,United States,United States,United States,Chinese,Yes,Part-Time
63464153be1f41856cea4591,6283c36ad3efe29ccf3d414e,APPROVED,2022-10-12T04:23:50.012000Z,2022-10-12T04:30:26.662000Z,2022-10-20T16:35:06.172000,2022-10-12T04:30:27.002572Z,397,CA77NV3R,669,2,100,"Facebook, Youtube, Instagram, Reddit",25,Male,White,United States,United States,United States,English,No,Unemployed (and job seeking)
63464159cdfc9d0a2ff53b94,5e1a7114a90da52e206de7ea,APPROVED,2022-10-12T04:23:55.414000Z,2022-10-12T04:28:57.979000Z,2022-10-20T16:35:06.307000,2022-10-12T04:28:58.314887Z,303,CA77NV3R,2343,0,100,"Youtube, Instagram, Reddit, Twitter",34,Male,White,United States,United States,United States,English,No,"Not in paid work (e.g. homemaker', 'retired or disabled)"
6346416d4cd7ac1cf40352d4,5ef2d7247fab4b18187eb534,APPROVED,2022-10-12T04:24:14.707000Z,2022-10-12T04:28:35.662000Z,2022-10-20T16:35:06.428000,2022-10-12T04:28:36.011850Z,261,CA77NV3R,2459,10,99,"Facebook, Youtube, Twitter, Linkedin, Reddit, Instagram",24,Male,Asian,United States,United States,United States,English,No,Full-Time
6346417470639f946c1c115b,576704bffdff7a0001c12890,APPROVED,2022-10-12T04:24:20.414000Z,2022-10-12T04:28:20.240000Z,2022-10-20T16:35:06.558000,2022-10-12T04:28:20.593641Z,240,CA77NV3R,2892,3,100,"Facebook, Twitter, Youtube, Instagram, Reddit",40,Male,Mixed,United States,United States,United States,English,No,Full-Time
63464175d2ff1deb647a160d,6337a6aad56b4264062d27ef,APPROVED,2022-10-12T04:24:26.537000Z,2022-10-12T04:32:43.252000Z,2022-10-20T16:35:06.683000,2022-10-12T04:32:43.644755Z,497,NOCODE,23,0,100,"Twitter, Facebook, Instagram, Youtube, Reddit, Meetup",39,Male,White,United States,United States,United States,English,No,Full-Time
63464190c11bbae1c169b124,5ed2f6cb0777090009f71d01,APPROVED,2022-10-12T04:24:51.372000Z,2022-10-12T04:28:24Z,2022-10-20T16:35:06.814000,2022-10-12T04:28:24.379681Z,213,CA77NV3R,935,0,100,"Facebook, Youtube, Linkedin, Pinterest, Tumblr, Instagram, Reddit",49,Female,Other,United States,United States,United States,English,Yes,DATA_EXPIRED
6346419144be096499573461,610466e3fb619bdbdf8eb32d,APPROVED,2022-10-12T04:24:53.050000Z,2022-10-12T04:44:43.196000Z,2022-10-20T16:35:06.945000,2022-10-12T04:44:43.555803Z,1191,CA77NV3R,379,3,99,"Youtube, Twitter, Instagram, TikTok",21,Female,Black,United States,United States,United States,English,Yes,Other
634641a320dd66f2e0bc18bf,60da85dbae74ca4d3619b17c,APPROVED,2022-10-12T04:25:11.923000Z,2022-10-12T04:31:33.298000Z,2022-10-20T16:35:07.082000,2022-10-12T04:31:33.993808Z,382,CA77NV3R,454,5,98,"Facebook, Youtube, Pinterest",46,Male,White,United States,United States,United States,English,Yes,Unemployed (and job seeking)
634641a734bc2a11afd7b508,6078f1064408615b66a38f93,APPROVED,2022-10-12T04:25:15.765000Z,2022-10-12T04:31:02.042000Z,2022-10-20T16:35:07.232000,2022-10-12T04:31:02.380368Z,347,CA77NV3R,234,0,100,"Facebook, Youtube, Pinterest, Instagram, Reddit",32,Female,White,United States,United States,United States,English,No,"Not in paid work (e.g. homemaker', 'retired or disabled)"
634641a8169000af76cd70dc,5d134be5269dd500012b15fd,APPROVED,2022-10-12T04:25:26.926000Z,2022-10-12T04:44:48.537000Z,2022-10-20T16:35:07.366000,2022-10-12T04:44:48.945175Z,1162,CA77NV3R,787,5,99,"Youtube, Twitter, Reddit",29,Male,Black,United States,United States,United States,English,No,Unemployed (and job seeking)
634641ae1d548bdc6c79e595,5e7f12f57ef97e5e3ba73087,APPROVED,2022-10-12T04:25:22.648000Z,2022-10-12T04:30:32.878000Z,2022-10-20T16:35:07.503000,2022-10-12T04:30:33.212210Z,311,CA77NV3R,1516,0,100,"Facebook, Youtube, Twitter, Linkedin, Instagram, Reddit",32,Female,Asian,United States,United States,United States,English,No,Full-Time
634641af4a7f1aede830e99a,60ce9821c5f9fb4cc8cd1bbd,APPROVED,2022-10-12T04:25:23.079000Z,2022-10-12T04:30:39.347000Z,2022-10-20T16:35:07.637000,2022-10-12T04:30:39.642468Z,317,CA77NV3R,167,0,100,"Twitter, Youtube, Instagram, Reddit, Medium",38,Male,White,United States,United States,United States,English,No,Full-Time
634641bea992b4d56b57343b,5e45ebd018bf820d2cb9ebab,APPROVED,2022-10-12T04:25:38.214000Z,2022-10-12T04:30:36.199000Z,2022-10-20T16:35:07.765000,2022-10-12T04:30:36.538264Z,298,CA77NV3R,1187,1,100,"Reddit, Youtube, Facebook",39,Female,White,United States,United States,United States,English,DATA_EXPIRED,DATA_EXPIRED
634641c734bc2a11afd7b50a,61451e21a303bee08cbb86ea,APPROVED,2022-10-12T04:25:45.704000Z,2022-10-12T04:29:55.473000Z,2022-10-20T16:35:07.890000,2022-10-12T04:29:55.849378Z,250,CA77NV3R,307,2,99,"Facebook, Youtube, Twitter, Instagram, Snapchat",21,Male,White,United States,United States,United States,English,No,Unemployed (and job seeking)
634641c8f77938894d30e999,5962ceff8474920001bd266e,APPROVED,2022-10-12T04:25:52.436000Z,2022-10-12T04:34:45.268000Z,2022-10-20T16:35:08.015000,2022-10-12T04:34:45.586952Z,533,CA77NV3R,1520,0,100,"Facebook, Youtube, Twitter",31,Male,White,United States,United States,United States,English,DATA_EXPIRED,DATA_EXPIRED
634641d2a6ad4ffc027a1607,62b9ab25a08359b247574a20,APPROVED,2022-10-12T04:25:56.550000Z,2022-10-12T04:29:49.971000Z,2022-10-20T16:35:08.146000,2022-10-12T04:29:50.327290Z,234,CA77NV3R,361,1,100,"Youtube, Twitter, Reddit, Medium",21,Male,Asian,United States,United States,United States,English,No,Other
634641d3fa2fef4aaba1a1af,5fcf286268f4c722183af975,APPROVED,2022-10-12T04:25:59.226000Z,2022-10-12T04:32:12.038000Z,2022-10-20T16:35:08.273000,2022-10-12T04:32:12.405941Z,373,CA77NV3R,398,0,100,"Facebook, Youtube, Twitter, Pinterest, Instagram, Reddit, Snapchat, TikTok, Linkedin, Tumblr",23,Female,White,United States,United States,United States,English,No,DATA_EXPIRED
634641d9a61e54fc020352dd,5c7e14531c3cf8001638b5b0,APPROVED,2022-10-12T04:26:09.792000Z,2022-10-12T04:29:52.859000Z,2022-10-20T16:35:08.398000,2022-10-12T04:29:53.222806Z,224,CA77NV3R,429,4,99,"Tumblr, Youtube, Instagram, Facebook, Reddit",26,Male,White,United States,United States,United States,English,DATA_EXPIRED,DATA_EXPIRED
634641ed737799c56e6f6e24,62838b88bc35e0497491f8e4,APPROVED,2022-10-12T04:26:21.642000Z,2022-10-12T04:34:57.135000Z,2022-10-20T16:35:08.524000,2022-10-12T04:34:57.489604Z,516,CA77NV3R,498,1,100,"Facebook, Youtube, Twitter, Linkedin, Reddit, TikTok",21,Male,White,Hungary,United States,United States,English,Yes,Part-Time
634641f099717783479b070a,5c6ef14c2cd3cb0001fadd0e,APPROVED,2022-10-12T04:26:27.721000Z,2022-10-12T04:31:09.459000Z,2022-10-20T16:35:08.655000,2022-10-12T04:31:09.852717Z,282,CA77NV3R,1724,2,100,"Youtube, Twitter, Reddit, Facebook, Linkedin, Instagram",36,Female,White,United States,United States,United States,English,No,Full-Time
634641f8a61e54fc020352df,6110e69b833894a92e7f7128,APPROVED,2022-10-12T04:26:40.616000Z,2022-10-12T04:32:41.370000Z,2022-10-20T16:35:08.784000,2022-10-12T04:32:41.753954Z,361,CA77NV3R,204,0,100,"Facebook, Youtube, Twitter, Tumblr, Instagram, Reddit, Snapchat, TikTok",22,Female,White,United States,United States,United States,English,No,Part-Time
634641faa4bb743dd2ae94b2,6153b5513ccada2d35fae508,APPROVED,2022-10-12T04:26:37.291000Z,2022-10-12T04:47:28.137000Z,2022-10-20T16:35:08.904000,2022-10-12T04:47:28.475841Z,1251,CA77NV3R,1245,0,100,"Youtube, Twitter, Instagram, Reddit, Snapchat, TikTok",32,Male,White,Germany,United States,United States,English,DATA_EXPIRED,Full-Time
634642026d2b1f057b7a15fd,628545039fd5d4d5db5169fc,APPROVED,2022-10-12T04:26:46.190000Z,2022-10-12T04:41:20.145000Z,2022-10-20T16:35:09.043000,2022-10-12T04:41:20.465042Z,874,CA77NV3R,482,1,100,"Facebook, Youtube, Twitter, Linkedin, Instagram, Reddit, Medium",34,Male,Asian,Hong Kong,United States,United States,English,No,Full-Time
63464205e8300a9f0da1aeb2,63155246b877fe1cc4764511,APPROVED,2022-10-12T04:26:45.470000Z,2022-10-12T04:31:38.345000Z,2022-10-20T16:35:09.171000,2022-10-12T04:31:38.654664Z,293,CA77NV3R,167,0,100,"Facebook, Youtube, Twitter, Linkedin, Snapchat, TikTok",20,Male,White,United States,United States,United States,English,Yes,Full-Time
6346420ce76ba0198bde1259,60fd12b459a8dcda3d177cdd,APPROVED,2022-10-12T04:28:49.318000Z,2022-10-12T04:39:07.877000Z,2022-10-20T16:35:09.298000,2022-10-12T04:39:08.233291Z,619,CA77NV3R,927,1,100,"Facebook, Youtube, Twitter, Pinterest, TikTok, Snapchat, Instagram, Tumblr",26,Female,Other,United States,United States,United States,Spanish,No,Unemployed (and job seeking)
6346421165e8543596c6db59,565a4547c51d43000587507d,APPROVED,2022-10-12T04:26:59.366000Z,2022-10-12T04:32:01.046000Z,2022-10-20T16:35:09.432000,2022-10-12T04:32:01.432584Z,302,CA77NV3R,3748,5,100,"Facebook, Youtube, Twitter, Reddit",41,Female,White,United States,United States,United States,English,Yes,Part-Time
634642150b9683c72c13159e,5f9e612e5e10814115cc780d,APPROVED,2022-10-12T04:27:05.251000Z,2022-10-12T04:40:20.542000Z,2022-10-20T16:35:09.560000,2022-10-12T04:40:20.890266Z,796,CA77NV3R,1436,0,100,Youtube,48,Male,White,United States,United States,United States,English,No,Unemployed (and job seeking)
6346421d99717783479b070b,5bd7971b0aac450001f951aa,APPROVED,2022-10-12T04:27:12.382000Z,2022-10-12T04:37:32.298000Z,2022-10-20T16:35:09.684000,2022-10-12T04:37:32.637819Z,620,CA77NV3R,3223,2,100,"Youtube, Facebook, Twitter",57,Female,White,United States,United States,United States,English,No,"Not in paid work (e.g. homemaker', 'retired or disabled)"
634642274a8b067488f53b70,62b36447a302631cc7734d76,APPROVED,2022-10-12T04:27:25.115000Z,2022-10-12T04:33:00.772000Z,2022-10-20T16:35:09.808000,2022-10-12T04:33:01.131789Z,336,CA77NV3R,367,2,100,"Facebook, Youtube, Linkedin, Instagram, Snapchat, TikTok",23,Male,Other,United States,United States,United States,Spanish,No,Full-Time
634642278080261c3979e5a3,5dec30eb6c078132a7db440e,APPROVED,2022-10-12T04:27:24.299000Z,2022-10-12T04:35:06.219000Z,2022-10-20T16:35:09.931000,2022-10-12T04:35:06.570997Z,462,CA77NV3R,1244,0,100,"Pinterest, Facebook, Youtube",61,Female,White,United States,United States,United States,English,No,"Not in paid work (e.g. homemaker', 'retired or disabled)"
634642317426882596573436,598ba20f716a2c000187ce01,APPROVED,2022-10-12T04:27:32.384000Z,2022-10-12T04:35:41.349000Z,2022-10-20T16:35:10.058000,2022-10-12T04:35:41.661721Z,489,CA77NV3R,3482,0,100,"Youtube, Linkedin",51,Male,Black,United States,United States,United States,English,No,DATA_EXPIRED
63464255a992b4d56b57343e,628868808536e0942aeb98a0,APPROVED,2022-10-12T04:28:10.055000Z,2022-10-12T04:33:59.262000Z,2022-10-20T16:35:10.196000,2022-10-12T04:33:59.567341Z,350,CA77NV3R,755,0,100,"Facebook, Youtube, Twitter, Linkedin, Instagram, Reddit",37,Male,White,United States,United States,United States,English,No,Full-Time
6346425c0b8f903e045e088b,5d1b0776e1c05200018b582d,APPROVED,2022-10-12T04:28:19.363000Z,2022-10-12T04:50:16.792000Z,2022-10-20T16:35:10.333000,2022-10-12T04:50:17.211759Z,1318,CA77NV3R,246,0,100,"Reddit, Twitter, Tumblr, Facebook, Linkedin, Youtube, Pinterest, Instagram",34,Female,Other,United States,United States,United States,English,No,Full-Time
6346425f4bb909e727a1a1f2,623534a4823206b94cd659b3,APPROVED,2022-10-12T04:28:15.012000Z,2022-10-12T04:47:14.962000Z,2022-10-20T16:35:10.458000,2022-10-12T04:47:15.325162Z,1140,CA77NV3R,1003,5,100,"Instagram, Facebook, Youtube, Reddit, Snapchat, TikTok",22,Male,White,United States,United States,United States,English,Yes,DATA_EXPIRED
63464274d98323fda25e0881,5f16195dc1ac14769930915c,APPROVED,2022-10-12T04:28:39.513000Z,2022-10-12T04:31:48.845000Z,2022-10-20T16:35:10.586000,2022-10-12T04:31:49.203275Z,190,CA77NV3R,933,4,99,"Facebook, Youtube, Twitter, Pinterest, Linkedin",23,Female,White,United States,United States,United States,English,No,Full-Time
634642754a8b067488f53b75,605a670b3c69e6bf7a623de1,APPROVED,2022-10-12T04:28:40.484000Z,2022-10-12T04:36:32.637000Z,2022-10-20T16:35:10.706000,2022-10-12T04:36:32.958439Z,473,CA77NV3R,1276,5,100,"Facebook, Youtube, Linkedin, Twitter, Instagram, Reddit",25,Female,Asian,United States,United States,United States,English,No,DATA_EXPIRED
6346427de4ce527ce34e1f93,5f13958f0576a62394421a92,APPROVED,2022-10-12T04:28:51.930000Z,2022-10-12T04:31:56.827000Z,2022-10-20T16:35:10.827000,2022-10-12T04:31:57.114378Z,185,CA77NV3R,578,1,100,"Twitter, Youtube, Reddit, Instagram",25,Male,White,United States,United States,United States,English,No,"Not in paid work (e.g. homemaker', 'retired or disabled)"
6346428298afd55ad8035313,62d9e64afe933895691d1ca7,APPROVED,2022-10-12T04:28:53.013000Z,2022-10-12T04:34:25.847000Z,2022-10-20T16:35:10.957000,2022-10-12T04:34:26.182787Z,333,CA77NV3R,230,3,99,"Facebook, Youtube, Linkedin, Pinterest, Meetup",67,Female,White,United States,United States,United States,English,No,"Not in paid work (e.g. homemaker', 'retired or disabled)"
6346428634bc2a11afd7b510,61033627c32742424aeaaac1,APPROVED,2022-10-12T04:28:58.137000Z,2022-10-12T04:37:31.672000Z,2022-10-20T16:35:11.087000,2022-10-12T04:37:32.764761Z,514,61033627c32742424aeaaac1,563,0,100,"Facebook, Youtube, Twitter, Instagram, TikTok, Snapchat",20,Female,White,United States,United States,United States,English,Yes,Part-Time
6346429ad98323fda25e0882,5f636ecb4ea0bf03d640028f,APPROVED,2022-10-12T04:29:19.676000Z,2022-10-12T04:40:30.063000Z,2022-10-20T16:35:11.215000,2022-10-12T04:40:30.452749Z,671,CA77NV3R,2194,6,100,"Facebook, Youtube, Linkedin, Twitter, Pinterest, Reddit, Instagram",40,Female,Black,United States,United States,United States,English,No,DATA_EXPIRED
634642e1ad42a96d08ea4578,62728c148af5805feea46dc8,APPROVED,2022-10-12T04:30:33.052000Z,2022-10-12T04:41:17.175000Z,2022-10-20T16:35:11.342000,2022-10-12T04:41:17.550941Z,645,CA77NV3R,545,4,99,"Facebook, Youtube, Pinterest, Instagram, Snapchat",40,Female,White,United States,United States,United States,English,No,Part-Time
634642eee8300a9f0da1aeb5,6019a7211839d5112bf03628,APPROVED,2022-10-12T04:30:38.027000Z,2022-10-12T04:35:21.694000Z,2022-10-20T16:35:11.464000,2022-10-12T04:35:21.987809Z,284,CA77NV3R,968,4,100,"Youtube, Twitter, Reddit",25,Male,Asian,United States,United States,United States,English,DATA_EXPIRED,DATA_EXPIRED
