video_id,channel_id,rank,component,bot_name,phase,phase_level,time,watch_video_id
28yRhr-_1jg,UCJg9wBPyKMNA5sRDnvzmkdg,0,homepage,alt-right_not_interested_1,scrub,0,2022-05-12 10:38:33.988752,
ihaB8AFOhZo,UC2LiX7Zjukw_ssz03gjJPpg,1,homepage,alt-right_not_interested_1,scrub,0,2022-05-12 10:38:33.988770,
yTCq4BAfUVQ,UCyOfqgtsQaM3S-VZnsYnHjQ,2,homepage,alt-right_not_interested_1,scrub,0,2022-05-12 10:38:33.988776,
vZ9myHhpS9s,UCEpCxY2zgLQpRWjXtzHCVEg,3,homepage,alt-right_not_interested_1,scrub,0,2022-05-12 10:38:33.988779,
bE0oQfFYVLY,UCR4qCR7AAIzjrUfNZqu_ToA,4,homepage,alt-right_not_interested_1,scrub,0,2022-05-12 10:38:33.988781,
myO8fxhDRW0,UCj1VqrHhDte54oLgPG4xpuQ,5,homepage,alt-right_not_interested_1,scrub,0,2022-05-12 10:38:33.988783,
_w6Uxclog7E,UC2A1530b9PvQW9rJ8DWk9Cg,6,homepage,alt-right_not_interested_1,scrub,0,2022-05-12 10:38:33.988785,
W86cTIoMv2U,UCCj956IF62FbT7Gouszaj9w,7,homepage,alt-right_not_interested_1,scrub,0,2022-05-12 10:38:33.988787,
T2Qu7cgwJmw,UCUDA_CGXq8k1ojZz5LijnHA,8,homepage,alt-right_not_interested_1,scrub,0,2022-05-12 10:38:33.988791,
eH4k6T5CEnU,UCvzrT6Nc1BMpg8YT78YSSmw,9,homepage,alt-right_not_interested_1,scrub,0,2022-05-12 10:38:33.988793,
024Fmd9ZIH0,UC34JIJf43HQZDMdPm9774UA,0,homepage,alt-right_not_interested_1,scrub,1,2022-05-12 10:39:06.495179,
ihaB8AFOhZo,UC2LiX7Zjukw_ssz03gjJPpg,1,homepage,alt-right_not_interested_1,scrub,1,2022-05-12 10:39:06.495188,
J_TEiWkzQXM,UC88lvyJe7aHZmcvzvubDFRg,2,homepage,alt-right_not_interested_1,scrub,1,2022-05-12 10:39:06.495190,
EGja_87Wgug,UCJg9wBPyKMNA5sRDnvzmkdg,3,homepage,alt-right_not_interested_1,scrub,1,2022-05-12 10:39:06.495191,
H18l8VoXflU,UCC1MtX6ThunQJrlEeY0BWTQ,4,homepage,alt-right_not_interested_1,scrub,1,2022-05-12 10:39:06.495193,
P6fRp1S67W8,UCSLUrcByUa6L641WPik31RQ,5,homepage,alt-right_not_interested_1,scrub,1,2022-05-12 10:39:06.495194,
aPC_h9Vmlxw,UC0k173Oca1nPZurW2ITHlYw,6,homepage,alt-right_not_interested_1,scrub,1,2022-05-12 10:39:06.495196,
vwIUJbIU57s,UC68KnvCZ-nJzmmuSu_tKASA,7,homepage,alt-right_not_interested_1,scrub,1,2022-05-12 10:39:06.495197,
28yRhr-_1jg,UCJg9wBPyKMNA5sRDnvzmkdg,8,homepage,alt-right_not_interested_1,scrub,1,2022-05-12 10:39:06.495198,
z6KKo85V9Ew,UCpmS75Phtit_NMJXoyTSZvw,9,homepage,alt-right_not_interested_1,scrub,1,2022-05-12 10:39:06.495200,
JaQarnFbyD8,UCvbki_2_V6qLvezSxwo13mg,0,homepage,alt-right_not_interested_1,scrub,2,2022-05-12 10:39:38.577764,
shoVsQhou-8,UCyOfqgtsQaM3S-VZnsYnHjQ,1,homepage,alt-right_not_interested_1,scrub,2,2022-05-12 10:39:38.577776,
ihaB8AFOhZo,UC2LiX7Zjukw_ssz03gjJPpg,2,homepage,alt-right_not_interested_1,scrub,2,2022-05-12 10:39:38.577778,
LiXL3Pc81c4,UCINb0wqPz-A0dV9nARjJlOQ,3,homepage,alt-right_not_interested_1,scrub,2,2022-05-12 10:39:38.577779,
H18l8VoXflU,UCC1MtX6ThunQJrlEeY0BWTQ,4,homepage,alt-right_not_interested_1,scrub,2,2022-05-12 10:39:38.577781,
K0GPCmm1F3o,UCmyjVwYZbp5YPYTUyeopO2g,5,homepage,alt-right_not_interested_1,scrub,2,2022-05-12 10:39:38.577783,
E-_rlxGb7II,UCAUGvqd9Zaski4MWoYi1etg,6,homepage,alt-right_not_interested_1,scrub,2,2022-05-12 10:39:38.577784,
aiRLejymIn8,UCscBNqS0bRU0uKTPwVK6QKQ,7,homepage,alt-right_not_interested_1,scrub,2,2022-05-12 10:39:38.577785,
Q4P0K8wyt8U,UCsp01x73fh5I1oFCj7WINhA,8,homepage,alt-right_not_interested_1,scrub,2,2022-05-12 10:39:38.577786,
eH4k6T5CEnU,UCvzrT6Nc1BMpg8YT78YSSmw,9,homepage,alt-right_not_interested_1,scrub,2,2022-05-12 10:39:38.577788,
YFQ-QsuOCR4,UCMAtX9eFBpwc4LtgvbqsOpQ,0,homepage,alt-right_not_interested_1,scrub,3,2022-05-12 10:40:11.048141,
AawLM81gIHo,UC5o4-qnXcQKFx7fGTg7NCXQ,1,homepage,alt-right_not_interested_1,scrub,3,2022-05-12 10:40:11.048150,
SzuZnh91U8E,UCmyjVwYZbp5YPYTUyeopO2g,2,homepage,alt-right_not_interested_1,scrub,3,2022-05-12 10:40:11.048152,
Rt5nV2hayPg,UCXIJgqnII2ZOINSWNOGFThA,3,homepage,alt-right_not_interested_1,scrub,3,2022-05-12 10:40:11.048153,
H18l8VoXflU,UCC1MtX6ThunQJrlEeY0BWTQ,4,homepage,alt-right_not_interested_1,scrub,3,2022-05-12 10:40:11.048155,
lbH_8Nj51HU,UCZ4AMrDcNrfy3X6nsU8-rPg,5,homepage,alt-right_not_interested_1,scrub,3,2022-05-12 10:40:11.048156,
1cB5JZcosr4,UCknLrEdhRCp1aegoMqRaCZg,6,homepage,alt-right_not_interested_1,scrub,3,2022-05-12 10:40:11.048158,
EGja_87Wgug,UCJg9wBPyKMNA5sRDnvzmkdg,7,homepage,alt-right_not_interested_1,scrub,3,2022-05-12 10:40:11.048159,
jDTi2eMW26U,UCy6kyFxaMqGtpE3pQTflK8A,8,homepage,alt-right_not_interested_1,scrub,3,2022-05-12 10:40:11.048160,
vAiuLJoWJl0,UCnmGIkw-KdI0W5siakKPKog,9,homepage,alt-right_not_interested_1,scrub,3,2022-05-12 10:40:11.048162,
wv87IRX9qlA,UCur6nu-T7FilkEztCm_S8yA,0,homepage,alt-right_not_interested_1,scrub,4,2022-05-12 10:40:42.632973,
ihaB8AFOhZo,UC2LiX7Zjukw_ssz03gjJPpg,1,homepage,alt-right_not_interested_1,scrub,4,2022-05-12 10:40:42.632983,
Rt5nV2hayPg,UCXIJgqnII2ZOINSWNOGFThA,2,homepage,alt-right_not_interested_1,scrub,4,2022-05-12 10:40:42.632986,
EX5hcbzZCow,UCh0TXQiBp7c1d7oGh3nxOnQ,3,homepage,alt-right_not_interested_1,scrub,4,2022-05-12 10:40:42.632988,
bE0oQfFYVLY,UCR4qCR7AAIzjrUfNZqu_ToA,4,homepage,alt-right_not_interested_1,scrub,4,2022-05-12 10:40:42.632991,
yTCq4BAfUVQ,UCyOfqgtsQaM3S-VZnsYnHjQ,5,homepage,alt-right_not_interested_1,scrub,4,2022-05-12 10:40:42.632994,
YFQ-QsuOCR4,UCMAtX9eFBpwc4LtgvbqsOpQ,6,homepage,alt-right_not_interested_1,scrub,4,2022-05-12 10:40:42.632996,
EGja_87Wgug,UCJg9wBPyKMNA5sRDnvzmkdg,7,homepage,alt-right_not_interested_1,scrub,4,2022-05-12 10:40:42.632998,
n5x7GLl-mMo,UCcyq283he07B7_KUX07mmtA,8,homepage,alt-right_not_interested_1,scrub,4,2022-05-12 10:40:42.633000,
28yRhr-_1jg,UCJg9wBPyKMNA5sRDnvzmkdg,9,homepage,alt-right_not_interested_1,scrub,4,2022-05-12 10:40:42.633002,
024Fmd9ZIH0,UC34JIJf43HQZDMdPm9774UA,0,homepage,alt-right_not_interested_1,scrub,5,2022-05-12 10:41:35.922361,
PhKk4Ix84AI,UClKaq9lNnZzECRUtXYN25Jg,1,homepage,alt-right_not_interested_1,scrub,5,2022-05-12 10:41:35.922370,
EGja_87Wgug,UCJg9wBPyKMNA5sRDnvzmkdg,2,homepage,alt-right_not_interested_1,scrub,5,2022-05-12 10:41:35.922372,
fgfnOegkcDs,UCmE9ylSZ_-52mjhgOIV2Jgw,3,homepage,alt-right_not_interested_1,scrub,5,2022-05-12 10:41:35.922373,
w44BPmeVFzw,UCyz8oYzz2oLEM8fg7L5zloQ,4,homepage,alt-right_not_interested_1,scrub,5,2022-05-12 10:41:35.922375,
VgjyPmFKxCU,UCUK0HBIBWgM2c4vsPhkYY4w,5,homepage,alt-right_not_interested_1,scrub,5,2022-05-12 10:41:35.922376,
T2Qu7cgwJmw,UCUDA_CGXq8k1ojZz5LijnHA,6,homepage,alt-right_not_interested_1,scrub,5,2022-05-12 10:41:35.922378,
Sv0Hp_nAsCI,UCGdmhmV_NwSCq9o9h3gsjeg,7,homepage,alt-right_not_interested_1,scrub,5,2022-05-12 10:41:35.922379,
Kv1FqRJyGNM,UCH3iZZQRuKWyKURzpv-DBqA,8,homepage,alt-right_not_interested_1,scrub,5,2022-05-12 10:41:35.922380,
eH4k6T5CEnU,UCvzrT6Nc1BMpg8YT78YSSmw,9,homepage,alt-right_not_interested_1,scrub,5,2022-05-12 10:41:35.922382,
r3kVPx4oEKc,UCw1YnIqAcKpHZYAQytaEVOg,0,homepage,alt-right_not_interested_1,scrub,6,2022-05-12 10:42:07.429328,
yTCq4BAfUVQ,UCyOfqgtsQaM3S-VZnsYnHjQ,1,homepage,alt-right_not_interested_1,scrub,6,2022-05-12 10:42:07.429337,
EGja_87Wgug,UCJg9wBPyKMNA5sRDnvzmkdg,2,homepage,alt-right_not_interested_1,scrub,6,2022-05-12 10:42:07.429339,
H18l8VoXflU,UCC1MtX6ThunQJrlEeY0BWTQ,3,homepage,alt-right_not_interested_1,scrub,6,2022-05-12 10:42:07.429341,
LiXL3Pc81c4,UCINb0wqPz-A0dV9nARjJlOQ,4,homepage,alt-right_not_interested_1,scrub,6,2022-05-12 10:42:07.429343,
JaQarnFbyD8,UCvbki_2_V6qLvezSxwo13mg,5,homepage,alt-right_not_interested_1,scrub,6,2022-05-12 10:42:07.429344,
1cB5JZcosr4,UCknLrEdhRCp1aegoMqRaCZg,6,homepage,alt-right_not_interested_1,scrub,6,2022-05-12 10:42:07.429346,
S4O5voOCqAQ,UCSlnWkmqC1JrX2_qqLLTGKw,7,homepage,alt-right_not_interested_1,scrub,6,2022-05-12 10:42:07.429348,
4IcVIF3_708,UClc00GZ0zwYuXzZkKihMXCQ,8,homepage,alt-right_not_interested_1,scrub,6,2022-05-12 10:42:07.429349,
1JYjcwW9MmM,UCJg735KUI4sFYzBvzGfycow,9,homepage,alt-right_not_interested_1,scrub,6,2022-05-12 10:42:07.429351,
KzxR5_w8hhQ,UCw1YnIqAcKpHZYAQytaEVOg,0,homepage,alt-right_not_interested_1,scrub,7,2022-05-12 10:42:39.205481,
SzuZnh91U8E,UCmyjVwYZbp5YPYTUyeopO2g,1,homepage,alt-right_not_interested_1,scrub,7,2022-05-12 10:42:39.205491,
Rt5nV2hayPg,UCXIJgqnII2ZOINSWNOGFThA,2,homepage,alt-right_not_interested_1,scrub,7,2022-05-12 10:42:39.205492,
vZ9myHhpS9s,UCEpCxY2zgLQpRWjXtzHCVEg,3,homepage,alt-right_not_interested_1,scrub,7,2022-05-12 10:42:39.205494,
iz9nsEjSS1o,UCvmdgf06PhRoQ5VKh0eAzCA,4,homepage,alt-right_not_interested_1,scrub,7,2022-05-12 10:42:39.205495,
4fezP875xOQ,UCyOfqgtsQaM3S-VZnsYnHjQ,5,homepage,alt-right_not_interested_1,scrub,7,2022-05-12 10:42:39.205496,
JaQarnFbyD8,UCvbki_2_V6qLvezSxwo13mg,6,homepage,alt-right_not_interested_1,scrub,7,2022-05-12 10:42:39.205498,
xTW1wKnWhsM,UCActoTpQ7vNvCIqHC4zlb6g,7,homepage,alt-right_not_interested_1,scrub,7,2022-05-12 10:42:39.205499,
T2Qu7cgwJmw,UCUDA_CGXq8k1ojZz5LijnHA,8,homepage,alt-right_not_interested_1,scrub,7,2022-05-12 10:42:39.205500,
jnk41BXuXF0,UCeM09s9na5Hwq7hQptgEkJg,9,homepage,alt-right_not_interested_1,scrub,7,2022-05-12 10:42:39.205502,
28yRhr-_1jg,UCJg9wBPyKMNA5sRDnvzmkdg,0,homepage,alt-right_not_interested_1,scrub,8,2022-05-12 10:43:10.727942,
AdzqdAQDqgI,UCcsplj60aQC7mb1rgdhk5sw,1,homepage,alt-right_not_interested_1,scrub,8,2022-05-12 10:43:10.727950,
qe3UcJ0CAxI,UCswH8ovgUp5Bdg-0_JTYFNw,2,homepage,alt-right_not_interested_1,scrub,8,2022-05-12 10:43:10.727952,
1cB5JZcosr4,UCknLrEdhRCp1aegoMqRaCZg,3,homepage,alt-right_not_interested_1,scrub,8,2022-05-12 10:43:10.727954,
2WoDQBhJCVQ,UCy4GzuhJDmDkfoid2HjoCww,4,homepage,alt-right_not_interested_1,scrub,8,2022-05-12 10:43:10.727956,
SORD03t7nlo,UCJhjE7wbdYAae1G25m0tHAA,5,homepage,alt-right_not_interested_1,scrub,8,2022-05-12 10:43:10.727957,
myO8fxhDRW0,UCj1VqrHhDte54oLgPG4xpuQ,6,homepage,alt-right_not_interested_1,scrub,8,2022-05-12 10:43:10.727959,
7XS5ssBK6gY,UCrgxUOBnk5vH8hB9c-s-riQ,7,homepage,alt-right_not_interested_1,scrub,8,2022-05-12 10:43:10.727960,
a8Gx8wiNbs8,UCgjxQJ6TlKqhHax8742ZMdA,8,homepage,alt-right_not_interested_1,scrub,8,2022-05-12 10:43:10.727961,
W-FCx_82csA,UCVWmcFDWz7evOe0Zbly3l8Q,9,homepage,alt-right_not_interested_1,scrub,8,2022-05-12 10:43:10.727962,
65nfbW-27ps,UCiEBv40OQ7zB68aK3lltQMg,0,homepage,alt-right_not_interested_1,scrub,9,2022-05-12 10:43:42.809193,
qe3UcJ0CAxI,UCswH8ovgUp5Bdg-0_JTYFNw,1,homepage,alt-right_not_interested_1,scrub,9,2022-05-12 10:43:42.809210,
yTCq4BAfUVQ,UCyOfqgtsQaM3S-VZnsYnHjQ,2,homepage,alt-right_not_interested_1,scrub,9,2022-05-12 10:43:42.809213,
JaQarnFbyD8,UCvbki_2_V6qLvezSxwo13mg,3,homepage,alt-right_not_interested_1,scrub,9,2022-05-12 10:43:42.809217,
Rt5nV2hayPg,UCXIJgqnII2ZOINSWNOGFThA,4,homepage,alt-right_not_interested_1,scrub,9,2022-05-12 10:43:42.809220,
EGja_87Wgug,UCJg9wBPyKMNA5sRDnvzmkdg,5,homepage,alt-right_not_interested_1,scrub,9,2022-05-12 10:43:42.809223,
2WoDQBhJCVQ,UCy4GzuhJDmDkfoid2HjoCww,6,homepage,alt-right_not_interested_1,scrub,9,2022-05-12 10:43:42.809226,
XYC0ekh-KqU,UCutpp9X6rKErxUkv4wKBRPA,7,homepage,alt-right_not_interested_1,scrub,9,2022-05-12 10:43:42.809228,
r3kVPx4oEKc,UCw1YnIqAcKpHZYAQytaEVOg,8,homepage,alt-right_not_interested_1,scrub,9,2022-05-12 10:43:42.809231,
xTW1wKnWhsM,UCActoTpQ7vNvCIqHC4zlb6g,9,homepage,alt-right_not_interested_1,scrub,9,2022-05-12 10:43:42.809234,
KzxR5_w8hhQ,UCw1YnIqAcKpHZYAQytaEVOg,0,homepage,alt-right_not_interested_1,scrub,10,2022-05-12 10:44:30.641430,
shoVsQhou-8,UCyOfqgtsQaM3S-VZnsYnHjQ,1,homepage,alt-right_not_interested_1,scrub,10,2022-05-12 10:44:30.641444,
W86cTIoMv2U,UCCj956IF62FbT7Gouszaj9w,2,homepage,alt-right_not_interested_1,scrub,10,2022-05-12 10:44:30.641446,
hOxjwbtxqyI,UCLwNTXWEjVd2qIHLcXxQWxA,3,homepage,alt-right_not_interested_1,scrub,10,2022-05-12 10:44:30.641448,
qe3UcJ0CAxI,UCswH8ovgUp5Bdg-0_JTYFNw,4,homepage,alt-right_not_interested_1,scrub,10,2022-05-12 10:44:30.641450,
PM26zdserHg,UCWJ2lWNubArHWmf3FIHbfcQ,5,homepage,alt-right_not_interested_1,scrub,10,2022-05-12 10:44:30.641451,
NiwRwvZR8m4,UCX7-FXJ50IK_McxfObaKMKQ,6,homepage,alt-right_not_interested_1,scrub,10,2022-05-12 10:44:30.641453,
z6KKo85V9Ew,UCpmS75Phtit_NMJXoyTSZvw,7,homepage,alt-right_not_interested_1,scrub,10,2022-05-12 10:44:30.641454,
T2Qu7cgwJmw,UCUDA_CGXq8k1ojZz5LijnHA,8,homepage,alt-right_not_interested_1,scrub,10,2022-05-12 10:44:30.641455,
qNgifPzF1fI,UC9kvjiXBhgJEyKISb6b0itw,9,homepage,alt-right_not_interested_1,scrub,10,2022-05-12 10:44:30.641457,
r3kVPx4oEKc,UCw1YnIqAcKpHZYAQytaEVOg,0,homepage,alt-right_not_interested_1,scrub,11,2022-05-12 10:45:02.448751,
4fezP875xOQ,UCyOfqgtsQaM3S-VZnsYnHjQ,1,homepage,alt-right_not_interested_1,scrub,11,2022-05-12 10:45:02.448766,
W86cTIoMv2U,UCCj956IF62FbT7Gouszaj9w,2,homepage,alt-right_not_interested_1,scrub,11,2022-05-12 10:45:02.448771,
EGja_87Wgug,UCJg9wBPyKMNA5sRDnvzmkdg,3,homepage,alt-right_not_interested_1,scrub,11,2022-05-12 10:45:02.448774,
bE0oQfFYVLY,UCR4qCR7AAIzjrUfNZqu_ToA,4,homepage,alt-right_not_interested_1,scrub,11,2022-05-12 10:45:02.448777,
BhbhiQZwjf4,UCwVQIkAtyZzQSA-OY1rsGig,5,homepage,alt-right_not_interested_1,scrub,11,2022-05-12 10:45:02.448780,
vZ9myHhpS9s,UCEpCxY2zgLQpRWjXtzHCVEg,6,homepage,alt-right_not_interested_1,scrub,11,2022-05-12 10:45:02.448782,
3Yh_6_zItPU,UCZGYJFUizSax-yElQaFDp5Q,7,homepage,alt-right_not_interested_1,scrub,11,2022-05-12 10:45:02.448785,
aBHbG7qWIeQ,UCI4fHQkguBNW3SwTqmehzjw,8,homepage,alt-right_not_interested_1,scrub,11,2022-05-12 10:45:02.448788,
T2Qu7cgwJmw,UCUDA_CGXq8k1ojZz5LijnHA,9,homepage,alt-right_not_interested_1,scrub,11,2022-05-12 10:45:02.448791,
iE8FJdJlnnw,UC6Ii2PPnHDkjLTJJQgOw7sQ,0,homepage,alt-right_not_interested_1,scrub,12,2022-05-12 10:45:34.053463,
IXgfUk0WmDE,UCU_W0oE_ock8bWKjALiGs8Q,1,homepage,alt-right_not_interested_1,scrub,12,2022-05-12 10:45:34.053473,
AdzqdAQDqgI,UCcsplj60aQC7mb1rgdhk5sw,2,homepage,alt-right_not_interested_1,scrub,12,2022-05-12 10:45:34.053475,
r3kVPx4oEKc,UCw1YnIqAcKpHZYAQytaEVOg,3,homepage,alt-right_not_interested_1,scrub,12,2022-05-12 10:45:34.053477,
EGja_87Wgug,UCJg9wBPyKMNA5sRDnvzmkdg,4,homepage,alt-right_not_interested_1,scrub,12,2022-05-12 10:45:34.053478,
LwXV0oLEfCM,UCrYB2eCu6M_aKVLYcTb6JUg,5,homepage,alt-right_not_interested_1,scrub,12,2022-05-12 10:45:34.053480,
xTW1wKnWhsM,UCActoTpQ7vNvCIqHC4zlb6g,6,homepage,alt-right_not_interested_1,scrub,12,2022-05-12 10:45:34.053482,
LiXL3Pc81c4,UCINb0wqPz-A0dV9nARjJlOQ,7,homepage,alt-right_not_interested_1,scrub,12,2022-05-12 10:45:34.053483,
eklhXby-XBg,UCPje0iVY75E7XEU2B_9Ootg,8,homepage,alt-right_not_interested_1,scrub,12,2022-05-12 10:45:34.053485,
Q4P0K8wyt8U,UCsp01x73fh5I1oFCj7WINhA,9,homepage,alt-right_not_interested_1,scrub,12,2022-05-12 10:45:34.053486,
i2gNx4-REIA,UCAPGBuGhclSm8NRjW89vO7g,0,homepage,alt-right_not_interested_1,scrub,13,2022-05-12 10:46:05.671790,
4fezP875xOQ,UCyOfqgtsQaM3S-VZnsYnHjQ,1,homepage,alt-right_not_interested_1,scrub,13,2022-05-12 10:46:05.671806,
JdGqz2usdlc,UCwlrt1R8SD_PioTACkvEMwA,2,homepage,alt-right_not_interested_1,scrub,13,2022-05-12 10:46:05.671810,
MWKQ_qHpl4g,UCHbeg0UGxARySvBQCv8Iuug,3,homepage,alt-right_not_interested_1,scrub,13,2022-05-12 10:46:05.671814,
K1deLdDENAI,UCaNzWjA23x9EvaVU3jYw15A,4,homepage,alt-right_not_interested_1,scrub,13,2022-05-12 10:46:05.671816,
NHf56w1AmPw,UCaDVcGDMkvcRb4qGARkWlyg,5,homepage,alt-right_not_interested_1,scrub,13,2022-05-12 10:46:05.671820,
80CLoQsigTY,UClR8YIQX5Fb8J2wmsUKLhvQ,6,homepage,alt-right_not_interested_1,scrub,13,2022-05-12 10:46:05.671822,
tr5SuBwVc7Q,UCaNzWjA23x9EvaVU3jYw15A,7,homepage,alt-right_not_interested_1,scrub,13,2022-05-12 10:46:05.671825,
asirR98_dys,UC_zQoiPtBDvsThGroagm3ww,8,homepage,alt-right_not_interested_1,scrub,13,2022-05-12 10:46:05.671828,
OzO8EAOEGJ8,UCyGOloOIJWt8NlE4tnejQeA,9,homepage,alt-right_not_interested_1,scrub,13,2022-05-12 10:46:05.671830,
KzxR5_w8hhQ,UCw1YnIqAcKpHZYAQytaEVOg,0,homepage,alt-right_not_interested_1,scrub,14,2022-05-12 10:46:38.421437,
shoVsQhou-8,UCyOfqgtsQaM3S-VZnsYnHjQ,1,homepage,alt-right_not_interested_1,scrub,14,2022-05-12 10:46:38.421451,
JdGqz2usdlc,UCwlrt1R8SD_PioTACkvEMwA,2,homepage,alt-right_not_interested_1,scrub,14,2022-05-12 10:46:38.421453,
MWKQ_qHpl4g,UCHbeg0UGxARySvBQCv8Iuug,3,homepage,alt-right_not_interested_1,scrub,14,2022-05-12 10:46:38.421457,
K1deLdDENAI,UCaNzWjA23x9EvaVU3jYw15A,4,homepage,alt-right_not_interested_1,scrub,14,2022-05-12 10:46:38.421459,
NHf56w1AmPw,UCaDVcGDMkvcRb4qGARkWlyg,5,homepage,alt-right_not_interested_1,scrub,14,2022-05-12 10:46:38.421462,
80CLoQsigTY,UClR8YIQX5Fb8J2wmsUKLhvQ,6,homepage,alt-right_not_interested_1,scrub,14,2022-05-12 10:46:38.421465,
tr5SuBwVc7Q,UCaNzWjA23x9EvaVU3jYw15A,7,homepage,alt-right_not_interested_1,scrub,14,2022-05-12 10:46:38.421468,
asirR98_dys,UC_zQoiPtBDvsThGroagm3ww,8,homepage,alt-right_not_interested_1,scrub,14,2022-05-12 10:46:38.421472,
OzO8EAOEGJ8,UCyGOloOIJWt8NlE4tnejQeA,9,homepage,alt-right_not_interested_1,scrub,14,2022-05-12 10:46:38.421475,
YFQ-QsuOCR4,UCMAtX9eFBpwc4LtgvbqsOpQ,0,homepage,alt-right_not_interested_1,scrub,15,2022-05-12 10:47:10.070453,
T3AuplcGNyo,UClwvnaivSSZi-CvGZFAKaKg,1,homepage,alt-right_not_interested_1,scrub,15,2022-05-12 10:47:10.070463,
JdGqz2usdlc,UCwlrt1R8SD_PioTACkvEMwA,2,homepage,alt-right_not_interested_1,scrub,15,2022-05-12 10:47:10.070465,
MWKQ_qHpl4g,UCHbeg0UGxARySvBQCv8Iuug,3,homepage,alt-right_not_interested_1,scrub,15,2022-05-12 10:47:10.070467,
K1deLdDENAI,UCaNzWjA23x9EvaVU3jYw15A,4,homepage,alt-right_not_interested_1,scrub,15,2022-05-12 10:47:10.070468,
NHf56w1AmPw,UCaDVcGDMkvcRb4qGARkWlyg,5,homepage,alt-right_not_interested_1,scrub,15,2022-05-12 10:47:10.070470,
80CLoQsigTY,UClR8YIQX5Fb8J2wmsUKLhvQ,6,homepage,alt-right_not_interested_1,scrub,15,2022-05-12 10:47:10.070472,
tr5SuBwVc7Q,UCaNzWjA23x9EvaVU3jYw15A,7,homepage,alt-right_not_interested_1,scrub,15,2022-05-12 10:47:10.070473,
asirR98_dys,UC_zQoiPtBDvsThGroagm3ww,8,homepage,alt-right_not_interested_1,scrub,15,2022-05-12 10:47:10.070475,
OzO8EAOEGJ8,UCyGOloOIJWt8NlE4tnejQeA,9,homepage,alt-right_not_interested_1,scrub,15,2022-05-12 10:47:10.070477,
KzxR5_w8hhQ,UCw1YnIqAcKpHZYAQytaEVOg,0,homepage,alt-right_not_interested_1,scrub,16,2022-05-12 10:47:41.997518,
VTVIan3gtYA,UCqDUr9iGlRNI9fxsVOIZ2Zw,1,homepage,alt-right_not_interested_1,scrub,16,2022-05-12 10:47:41.997528,
qe3UcJ0CAxI,UCswH8ovgUp5Bdg-0_JTYFNw,2,homepage,alt-right_not_interested_1,scrub,16,2022-05-12 10:47:41.997530,
EGja_87Wgug,UCJg9wBPyKMNA5sRDnvzmkdg,3,homepage,alt-right_not_interested_1,scrub,16,2022-05-12 10:47:41.997531,
Kv1FqRJyGNM,UCH3iZZQRuKWyKURzpv-DBqA,4,homepage,alt-right_not_interested_1,scrub,16,2022-05-12 10:47:41.997533,
H18l8VoXflU,UCC1MtX6ThunQJrlEeY0BWTQ,5,homepage,alt-right_not_interested_1,scrub,16,2022-05-12 10:47:41.997534,
LiXL3Pc81c4,UCINb0wqPz-A0dV9nARjJlOQ,6,homepage,alt-right_not_interested_1,scrub,16,2022-05-12 10:47:41.997536,
r3kVPx4oEKc,UCw1YnIqAcKpHZYAQytaEVOg,7,homepage,alt-right_not_interested_1,scrub,16,2022-05-12 10:47:41.997537,
ORtRIUYOqmU,UCerhlJML5AjjnB_dHc8D_qA,8,homepage,alt-right_not_interested_1,scrub,16,2022-05-12 10:47:41.997539,
jexFvTZW2-A,UCupvZG-5ko_eiXAupbDfxWw,9,homepage,alt-right_not_interested_1,scrub,16,2022-05-12 10:47:41.997540,
KzxR5_w8hhQ,UCw1YnIqAcKpHZYAQytaEVOg,0,homepage,alt-right_not_interested_1,scrub,17,2022-05-12 10:48:13.640689,
yTCq4BAfUVQ,UCyOfqgtsQaM3S-VZnsYnHjQ,1,homepage,alt-right_not_interested_1,scrub,17,2022-05-12 10:48:13.640699,
NFuBaRiKwD4,UCSW9UK115u4fR3Orh3_tnzA,2,homepage,alt-right_not_interested_1,scrub,17,2022-05-12 10:48:13.640701,
EGja_87Wgug,UCJg9wBPyKMNA5sRDnvzmkdg,3,homepage,alt-right_not_interested_1,scrub,17,2022-05-12 10:48:13.640703,
SlXBIB1SM38,UCl4ElxAd6VAccs4VZSNJxJw,4,homepage,alt-right_not_interested_1,scrub,17,2022-05-12 10:48:13.640704,
JaQarnFbyD8,UCvbki_2_V6qLvezSxwo13mg,5,homepage,alt-right_not_interested_1,scrub,17,2022-05-12 10:48:13.640706,
W86cTIoMv2U,UCCj956IF62FbT7Gouszaj9w,6,homepage,alt-right_not_interested_1,scrub,17,2022-05-12 10:48:13.640707,
EJiUWBiM8HE,UCtGG8ucQgEJPeUPhJZ4M4jA,7,homepage,alt-right_not_interested_1,scrub,17,2022-05-12 10:48:13.640709,
Q0ZEmLosVXE,UC1VPReSAv3F3ce6pwWm96zA,8,homepage,alt-right_not_interested_1,scrub,17,2022-05-12 10:48:13.640710,
r3kVPx4oEKc,UCw1YnIqAcKpHZYAQytaEVOg,9,homepage,alt-right_not_interested_1,scrub,17,2022-05-12 10:48:13.640711,
KzxR5_w8hhQ,UCw1YnIqAcKpHZYAQytaEVOg,0,homepage,alt-right_not_interested_1,scrub,18,2022-05-12 10:48:45.583086,
v7DTxUHNBu4,UCNlfGuzOAKM1sycPuM_QTHg,1,homepage,alt-right_not_interested_1,scrub,18,2022-05-12 10:48:45.583093,
EGja_87Wgug,UCJg9wBPyKMNA5sRDnvzmkdg,2,homepage,alt-right_not_interested_1,scrub,18,2022-05-12 10:48:45.583095,
z6KKo85V9Ew,UCpmS75Phtit_NMJXoyTSZvw,3,homepage,alt-right_not_interested_1,scrub,18,2022-05-12 10:48:45.583096,
T2Qu7cgwJmw,UCUDA_CGXq8k1ojZz5LijnHA,4,homepage,alt-right_not_interested_1,scrub,18,2022-05-12 10:48:45.583098,
H18l8VoXflU,UCC1MtX6ThunQJrlEeY0BWTQ,5,homepage,alt-right_not_interested_1,scrub,18,2022-05-12 10:48:45.583099,
ErRsMTmdQb4,UCi6eRMC7vKE2n0sdRJNHpWw,6,homepage,alt-right_not_interested_1,scrub,18,2022-05-12 10:48:45.583100,
1GVhHCSxnFY,UCCXoCcu9Rp7NPbTzIvogpZg,7,homepage,alt-right_not_interested_1,scrub,18,2022-05-12 10:48:45.583101,
eZCo_hZLyh0,UCwOYuwj9e2lFKviz7Ibfspg,8,homepage,alt-right_not_interested_1,scrub,18,2022-05-12 10:48:45.583103,
jnk41BXuXF0,UCeM09s9na5Hwq7hQptgEkJg,9,homepage,alt-right_not_interested_1,scrub,18,2022-05-12 10:48:45.583104,
NOpzCn4irJ8,UCR8DtTF763bH1W-8weXF6rA,0,homepage,alt-right_not_interested_1,scrub,19,2022-05-12 10:49:17.306730,
SzuZnh91U8E,UCmyjVwYZbp5YPYTUyeopO2g,1,homepage,alt-right_not_interested_1,scrub,19,2022-05-12 10:49:17.306743,
yTCq4BAfUVQ,UCyOfqgtsQaM3S-VZnsYnHjQ,2,homepage,alt-right_not_interested_1,scrub,19,2022-05-12 10:49:17.306746,
oSwZ_BckDvc,UCJg9wBPyKMNA5sRDnvzmkdg,3,homepage,alt-right_not_interested_1,scrub,19,2022-05-12 10:49:17.306749,
JaQarnFbyD8,UCvbki_2_V6qLvezSxwo13mg,4,homepage,alt-right_not_interested_1,scrub,19,2022-05-12 10:49:17.306752,
1cB5JZcosr4,UCknLrEdhRCp1aegoMqRaCZg,5,homepage,alt-right_not_interested_1,scrub,19,2022-05-12 10:49:17.306756,
JvgF83OHV9c,UCFd0uXX81R_lSJ4PmdM5jwA,6,homepage,alt-right_not_interested_1,scrub,19,2022-05-12 10:49:17.306758,
F1gK85IEeDI,UCjoFckSzE1jUM_kmtVHNlKg,7,homepage,alt-right_not_interested_1,scrub,19,2022-05-12 10:49:17.306761,
2WoDQBhJCVQ,UCy4GzuhJDmDkfoid2HjoCww,8,homepage,alt-right_not_interested_1,scrub,19,2022-05-12 10:49:17.306763,
S4O5voOCqAQ,UCSlnWkmqC1JrX2_qqLLTGKw,9,homepage,alt-right_not_interested_1,scrub,19,2022-05-12 10:49:17.306766,
KzxR5_w8hhQ,UCw1YnIqAcKpHZYAQytaEVOg,0,homepage,alt-right_not_interested_1,scrub,20,2022-05-12 10:49:49.039803,
AdzqdAQDqgI,UCcsplj60aQC7mb1rgdhk5sw,1,homepage,alt-right_not_interested_1,scrub,20,2022-05-12 10:49:49.039815,
EGja_87Wgug,UCJg9wBPyKMNA5sRDnvzmkdg,2,homepage,alt-right_not_interested_1,scrub,20,2022-05-12 10:49:49.039817,
z6KKo85V9Ew,UCpmS75Phtit_NMJXoyTSZvw,3,homepage,alt-right_not_interested_1,scrub,20,2022-05-12 10:49:49.039820,
NdrknJJXAmM,UCKy1dAqELo0zrOtPkf0eTMw,4,homepage,alt-right_not_interested_1,scrub,20,2022-05-12 10:49:49.039822,
bE0oQfFYVLY,UCR4qCR7AAIzjrUfNZqu_ToA,5,homepage,alt-right_not_interested_1,scrub,20,2022-05-12 10:49:49.039824,
LiXL3Pc81c4,UCINb0wqPz-A0dV9nARjJlOQ,6,homepage,alt-right_not_interested_1,scrub,20,2022-05-12 10:49:49.039825,
PLxPAwIeL0w,UCwUizOU8pPWXdXNniXypQEQ,7,homepage,alt-right_not_interested_1,scrub,20,2022-05-12 10:49:49.039827,
vZ9myHhpS9s,UCEpCxY2zgLQpRWjXtzHCVEg,8,homepage,alt-right_not_interested_1,scrub,20,2022-05-12 10:49:49.039829,
myO8fxhDRW0,UCj1VqrHhDte54oLgPG4xpuQ,9,homepage,alt-right_not_interested_1,scrub,20,2022-05-12 10:49:49.039831,
024Fmd9ZIH0,UC34JIJf43HQZDMdPm9774UA,0,homepage,alt-right_not_interested_1,scrub,21,2022-05-12 10:50:20.887644,
AawLM81gIHo,UC5o4-qnXcQKFx7fGTg7NCXQ,1,homepage,alt-right_not_interested_1,scrub,21,2022-05-12 10:50:20.887655,
qe3UcJ0CAxI,UCswH8ovgUp5Bdg-0_JTYFNw,2,homepage,alt-right_not_interested_1,scrub,21,2022-05-12 10:50:20.887657,
1lEnMmH9qh4,UC5rkaAEkj5GSnFelMLu6Hzg,3,homepage,alt-right_not_interested_1,scrub,21,2022-05-12 10:50:20.887660,
EGja_87Wgug,UCJg9wBPyKMNA5sRDnvzmkdg,4,homepage,alt-right_not_interested_1,scrub,21,2022-05-12 10:50:20.887663,
bE0oQfFYVLY,UCR4qCR7AAIzjrUfNZqu_ToA,5,homepage,alt-right_not_interested_1,scrub,21,2022-05-12 10:50:20.887666,
J_TEiWkzQXM,UC88lvyJe7aHZmcvzvubDFRg,6,homepage,alt-right_not_interested_1,scrub,21,2022-05-12 10:50:20.887669,
JaQarnFbyD8,UCvbki_2_V6qLvezSxwo13mg,7,homepage,alt-right_not_interested_1,scrub,21,2022-05-12 10:50:20.887671,
PLxPAwIeL0w,UCwUizOU8pPWXdXNniXypQEQ,8,homepage,alt-right_not_interested_1,scrub,21,2022-05-12 10:50:20.887673,
T2Qu7cgwJmw,UCUDA_CGXq8k1ojZz5LijnHA,9,homepage,alt-right_not_interested_1,scrub,21,2022-05-12 10:50:20.887674,
KzxR5_w8hhQ,UCw1YnIqAcKpHZYAQytaEVOg,0,homepage,alt-right_not_interested_1,scrub,22,2022-05-12 10:50:52.499770,
tq32Q5cKhkQ,UCNJFXYXkXt_P8bJUxb21MpA,1,homepage,alt-right_not_interested_1,scrub,22,2022-05-12 10:50:52.499779,
YFQ-QsuOCR4,UCMAtX9eFBpwc4LtgvbqsOpQ,2,homepage,alt-right_not_interested_1,scrub,22,2022-05-12 10:50:52.499781,
JaQarnFbyD8,UCvbki_2_V6qLvezSxwo13mg,3,homepage,alt-right_not_interested_1,scrub,22,2022-05-12 10:50:52.499783,
EGja_87Wgug,UCJg9wBPyKMNA5sRDnvzmkdg,4,homepage,alt-right_not_interested_1,scrub,22,2022-05-12 10:50:52.499784,
T2Qu7cgwJmw,UCUDA_CGXq8k1ojZz5LijnHA,5,homepage,alt-right_not_interested_1,scrub,22,2022-05-12 10:50:52.499786,
W86cTIoMv2U,UCCj956IF62FbT7Gouszaj9w,6,homepage,alt-right_not_interested_1,scrub,22,2022-05-12 10:50:52.499788,
7O5Wu948TH4,UCOUNFDsnwceT9Pf-JIeTDHA,7,homepage,alt-right_not_interested_1,scrub,22,2022-05-12 10:50:52.499789,
eH4k6T5CEnU,UCvzrT6Nc1BMpg8YT78YSSmw,8,homepage,alt-right_not_interested_1,scrub,22,2022-05-12 10:50:52.499791,
3C0BdIn6Hdo,UCAEQl0BbYrPyTnsWVBJuIqQ,9,homepage,alt-right_not_interested_1,scrub,22,2022-05-12 10:50:52.499793,
KzxR5_w8hhQ,UCw1YnIqAcKpHZYAQytaEVOg,0,homepage,alt-right_not_interested_1,scrub,23,2022-05-12 10:51:24.085179,
T3AuplcGNyo,UClwvnaivSSZi-CvGZFAKaKg,1,homepage,alt-right_not_interested_1,scrub,23,2022-05-12 10:51:24.085188,
SzuZnh91U8E,UCmyjVwYZbp5YPYTUyeopO2g,2,homepage,alt-right_not_interested_1,scrub,23,2022-05-12 10:51:24.085190,
YFQ-QsuOCR4,UCMAtX9eFBpwc4LtgvbqsOpQ,3,homepage,alt-right_not_interested_1,scrub,23,2022-05-12 10:51:24.085191,
Rt5nV2hayPg,UCXIJgqnII2ZOINSWNOGFThA,4,homepage,alt-right_not_interested_1,scrub,23,2022-05-12 10:51:24.085193,
z6KKo85V9Ew,UCpmS75Phtit_NMJXoyTSZvw,5,homepage,alt-right_not_interested_1,scrub,23,2022-05-12 10:51:24.085194,
LiXL3Pc81c4,UCINb0wqPz-A0dV9nARjJlOQ,6,homepage,alt-right_not_interested_1,scrub,23,2022-05-12 10:51:24.085195,
LwXV0oLEfCM,UCrYB2eCu6M_aKVLYcTb6JUg,7,homepage,alt-right_not_interested_1,scrub,23,2022-05-12 10:51:24.085197,
-Xx9qqjKxeY,UCJg9wBPyKMNA5sRDnvzmkdg,8,homepage,alt-right_not_interested_1,scrub,23,2022-05-12 10:51:24.085198,
T2Qu7cgwJmw,UCUDA_CGXq8k1ojZz5LijnHA,9,homepage,alt-right_not_interested_1,scrub,23,2022-05-12 10:51:24.085199,
KzxR5_w8hhQ,UCw1YnIqAcKpHZYAQytaEVOg,0,homepage,alt-right_not_interested_1,scrub,24,2022-05-12 10:51:56.226528,
shoVsQhou-8,UCyOfqgtsQaM3S-VZnsYnHjQ,1,homepage,alt-right_not_interested_1,scrub,24,2022-05-12 10:51:56.226538,
Rt5nV2hayPg,UCXIJgqnII2ZOINSWNOGFThA,2,homepage,alt-right_not_interested_1,scrub,24,2022-05-12 10:51:56.226539,
vZ9myHhpS9s,UCEpCxY2zgLQpRWjXtzHCVEg,3,homepage,alt-right_not_interested_1,scrub,24,2022-05-12 10:51:56.226541,
z6KKo85V9Ew,UCpmS75Phtit_NMJXoyTSZvw,4,homepage,alt-right_not_interested_1,scrub,24,2022-05-12 10:51:56.226542,
EGja_87Wgug,UCJg9wBPyKMNA5sRDnvzmkdg,5,homepage,alt-right_not_interested_1,scrub,24,2022-05-12 10:51:56.226543,
J_TEiWkzQXM,UC88lvyJe7aHZmcvzvubDFRg,6,homepage,alt-right_not_interested_1,scrub,24,2022-05-12 10:51:56.226545,
fgfnOegkcDs,UCmE9ylSZ_-52mjhgOIV2Jgw,7,homepage,alt-right_not_interested_1,scrub,24,2022-05-12 10:51:56.226546,
V2RDitgCaD0,UCUK1Fz1o94JA1wI6I7yLT2Q,8,homepage,alt-right_not_interested_1,scrub,24,2022-05-12 10:51:56.226547,
a8Gx8wiNbs8,UCgjxQJ6TlKqhHax8742ZMdA,9,homepage,alt-right_not_interested_1,scrub,24,2022-05-12 10:51:56.226549,
024Fmd9ZIH0,UC34JIJf43HQZDMdPm9774UA,0,homepage,alt-right_not_interested_1,scrub,25,2022-05-12 10:52:27.732721,
kGhHPX_TaI0,UC1bjWVLp2aaJmPcNbi9OOsw,1,homepage,alt-right_not_interested_1,scrub,25,2022-05-12 10:52:27.732731,
Rt5nV2hayPg,UCXIJgqnII2ZOINSWNOGFThA,2,homepage,alt-right_not_interested_1,scrub,25,2022-05-12 10:52:27.732732,
Sz7KTe72UKo,UCJY9ahsmDUQ-zG6gG_NL_Nw,3,homepage,alt-right_not_interested_1,scrub,25,2022-05-12 10:52:27.732734,
aRNlVNuqDvc,UC5mRQKJ9m20ABLeZM3QMK0g,4,homepage,alt-right_not_interested_1,scrub,25,2022-05-12 10:52:27.732735,
H18l8VoXflU,UCC1MtX6ThunQJrlEeY0BWTQ,5,homepage,alt-right_not_interested_1,scrub,25,2022-05-12 10:52:27.732737,
GWi5AZ94xRU,UCOVcAiUMS7RZ6RVUcrwAYXA,6,homepage,alt-right_not_interested_1,scrub,25,2022-05-12 10:52:27.732739,
ukxE99DqP_k,UC_gUM8rL-Lrg6O3adPW9K1g,7,homepage,alt-right_not_interested_1,scrub,25,2022-05-12 10:52:27.732740,
jexFvTZW2-A,UCupvZG-5ko_eiXAupbDfxWw,8,homepage,alt-right_not_interested_1,scrub,25,2022-05-12 10:52:27.732741,
C3I4wpHshuw,UCDPD05ud0ja2HVcHndhj4zA,9,homepage,alt-right_not_interested_1,scrub,25,2022-05-12 10:52:27.732743,
KzxR5_w8hhQ,UCw1YnIqAcKpHZYAQytaEVOg,0,homepage,alt-right_not_interested_1,scrub,26,2022-05-12 10:52:59.565680,
mIYzp5rcTvU,UCyOfqgtsQaM3S-VZnsYnHjQ,1,homepage,alt-right_not_interested_1,scrub,26,2022-05-12 10:52:59.565690,
qe3UcJ0CAxI,UCswH8ovgUp5Bdg-0_JTYFNw,2,homepage,alt-right_not_interested_1,scrub,26,2022-05-12 10:52:59.565691,
1lEnMmH9qh4,UC5rkaAEkj5GSnFelMLu6Hzg,3,homepage,alt-right_not_interested_1,scrub,26,2022-05-12 10:52:59.565693,
NS4UT_t73b0,UC6wBro4B4pf9xnBh9Xi2zcQ,4,homepage,alt-right_not_interested_1,scrub,26,2022-05-12 10:52:59.565694,
Rt5nV2hayPg,UCXIJgqnII2ZOINSWNOGFThA,5,homepage,alt-right_not_interested_1,scrub,26,2022-05-12 10:52:59.565696,
LiXL3Pc81c4,UCINb0wqPz-A0dV9nARjJlOQ,6,homepage,alt-right_not_interested_1,scrub,26,2022-05-12 10:52:59.565697,
myO8fxhDRW0,UCj1VqrHhDte54oLgPG4xpuQ,7,homepage,alt-right_not_interested_1,scrub,26,2022-05-12 10:52:59.565698,
VlCQ2pBob5Q,UCcJXxoW4w0dDKu8aZA9uqUw,8,homepage,alt-right_not_interested_1,scrub,26,2022-05-12 10:52:59.565699,
EGja_87Wgug,UCJg9wBPyKMNA5sRDnvzmkdg,9,homepage,alt-right_not_interested_1,scrub,26,2022-05-12 10:52:59.565701,
C3I4wpHshuw,UCDPD05ud0ja2HVcHndhj4zA,0,homepage,alt-right_not_interested_1,scrub,27,2022-05-12 10:53:31.238946,
yTCq4BAfUVQ,UCyOfqgtsQaM3S-VZnsYnHjQ,1,homepage,alt-right_not_interested_1,scrub,27,2022-05-12 10:53:31.238955,
oSwZ_BckDvc,UCJg9wBPyKMNA5sRDnvzmkdg,2,homepage,alt-right_not_interested_1,scrub,27,2022-05-12 10:53:31.238957,
2WoDQBhJCVQ,UCy4GzuhJDmDkfoid2HjoCww,3,homepage,alt-right_not_interested_1,scrub,27,2022-05-12 10:53:31.238958,
vZ9myHhpS9s,UCEpCxY2zgLQpRWjXtzHCVEg,4,homepage,alt-right_not_interested_1,scrub,27,2022-05-12 10:53:31.238960,
myO8fxhDRW0,UCj1VqrHhDte54oLgPG4xpuQ,5,homepage,alt-right_not_interested_1,scrub,27,2022-05-12 10:53:31.238961,
E-_rlxGb7II,UCAUGvqd9Zaski4MWoYi1etg,6,homepage,alt-right_not_interested_1,scrub,27,2022-05-12 10:53:31.238962,
xTW1wKnWhsM,UCActoTpQ7vNvCIqHC4zlb6g,7,homepage,alt-right_not_interested_1,scrub,27,2022-05-12 10:53:31.238964,
1GVhHCSxnFY,UCCXoCcu9Rp7NPbTzIvogpZg,8,homepage,alt-right_not_interested_1,scrub,27,2022-05-12 10:53:31.238965,
Q4P0K8wyt8U,UCsp01x73fh5I1oFCj7WINhA,9,homepage,alt-right_not_interested_1,scrub,27,2022-05-12 10:53:31.238966,
eH4k6T5CEnU,UCvzrT6Nc1BMpg8YT78YSSmw,0,homepage,alt-right_not_interested_1,scrub,28,2022-05-12 10:54:02.763243,
LiXL3Pc81c4,UCINb0wqPz-A0dV9nARjJlOQ,1,homepage,alt-right_not_interested_1,scrub,28,2022-05-12 10:54:02.763252,
5CVSIa9606Y,UCWVCeqJ3lbpOrkZ4rleky0g,2,homepage,alt-right_not_interested_1,scrub,28,2022-05-12 10:54:02.763254,
Q0u0KKAbIoo,UCPGhom9AQewvtqgbEZLLL1Q,3,homepage,alt-right_not_interested_1,scrub,28,2022-05-12 10:54:02.763255,
a8Gx8wiNbs8,UCgjxQJ6TlKqhHax8742ZMdA,4,homepage,alt-right_not_interested_1,scrub,28,2022-05-12 10:54:02.763257,
4DBZJSZdBlY,UCGJJYP_2GrYE4kOekZSah7A,5,homepage,alt-right_not_interested_1,scrub,28,2022-05-12 10:54:02.763259,
EGja_87Wgug,UCJg9wBPyKMNA5sRDnvzmkdg,6,homepage,alt-right_not_interested_1,scrub,28,2022-05-12 10:54:02.763260,
Kv1FqRJyGNM,UCH3iZZQRuKWyKURzpv-DBqA,7,homepage,alt-right_not_interested_1,scrub,28,2022-05-12 10:54:02.763262,
Q4P0K8wyt8U,UCsp01x73fh5I1oFCj7WINhA,8,homepage,alt-right_not_interested_1,scrub,28,2022-05-12 10:54:02.763263,
BFuP6LxJlSg,UC2Hy92d-OZihM90BT7Z4ABg,9,homepage,alt-right_not_interested_1,scrub,28,2022-05-12 10:54:02.763264,
C3I4wpHshuw,UCDPD05ud0ja2HVcHndhj4zA,0,homepage,alt-right_not_interested_1,scrub,29,2022-05-12 10:54:34.267399,
SzuZnh91U8E,UCmyjVwYZbp5YPYTUyeopO2g,1,homepage,alt-right_not_interested_1,scrub,29,2022-05-12 10:54:34.267408,
PhKk4Ix84AI,UClKaq9lNnZzECRUtXYN25Jg,2,homepage,alt-right_not_interested_1,scrub,29,2022-05-12 10:54:34.267410,
JaQarnFbyD8,UCvbki_2_V6qLvezSxwo13mg,3,homepage,alt-right_not_interested_1,scrub,29,2022-05-12 10:54:34.267412,
EGja_87Wgug,UCJg9wBPyKMNA5sRDnvzmkdg,4,homepage,alt-right_not_interested_1,scrub,29,2022-05-12 10:54:34.267413,
bPhUhypV27w,UCKpH0CKltc73e4wh0_pgL3g,5,homepage,alt-right_not_interested_1,scrub,29,2022-05-12 10:54:34.267415,
T2Qu7cgwJmw,UCUDA_CGXq8k1ojZz5LijnHA,6,homepage,alt-right_not_interested_1,scrub,29,2022-05-12 10:54:34.267416,
b3XqNW3Bd10,UCo698VL13Dip93yh0f4Rc5Q,7,homepage,alt-right_not_interested_1,scrub,29,2022-05-12 10:54:34.267417,
qzTwBQniLSc,UCmQFU8KQJU0XUhjLOlxpyqA,8,homepage,alt-right_not_interested_1,scrub,29,2022-05-12 10:54:34.267418,
RiSeXvUyQZQ,UCzcRQ3vRNr6fJ1A9rqFn7QA,9,homepage,alt-right_not_interested_1,scrub,29,2022-05-12 10:54:34.267420,
Sv0Hp_nAsCI,UCGdmhmV_NwSCq9o9h3gsjeg,0,homepage,alt-right_not_interested_1,scrub,30,2022-05-12 10:55:05.770368,
oSwZ_BckDvc,UCJg9wBPyKMNA5sRDnvzmkdg,1,homepage,alt-right_not_interested_1,scrub,30,2022-05-12 10:55:05.770376,
_4kHxtiuML0,UC1bjWVLp2aaJmPcNbi9OOsw,2,homepage,alt-right_not_interested_1,scrub,30,2022-05-12 10:55:05.770378,
j0c_I7MWB1U,UCC9EjyMN_hx5NdctLBx5X7w,3,homepage,alt-right_not_interested_1,scrub,30,2022-05-12 10:55:05.770380,
W86cTIoMv2U,UCCj956IF62FbT7Gouszaj9w,4,homepage,alt-right_not_interested_1,scrub,30,2022-05-12 10:55:05.770382,
H18l8VoXflU,UCC1MtX6ThunQJrlEeY0BWTQ,5,homepage,alt-right_not_interested_1,scrub,30,2022-05-12 10:55:05.770383,
aBHbG7qWIeQ,UCI4fHQkguBNW3SwTqmehzjw,6,homepage,alt-right_not_interested_1,scrub,30,2022-05-12 10:55:05.770385,
HYNB4sAxemk,UCTYmTYuan0fSGccYXBxc8cA,7,homepage,alt-right_not_interested_1,scrub,30,2022-05-12 10:55:05.770386,
1cB5JZcosr4,UCknLrEdhRCp1aegoMqRaCZg,8,homepage,alt-right_not_interested_1,scrub,30,2022-05-12 10:55:05.770387,
bFYWNDCAQdY,UC1ez5vPW1WtzXLd1G18XI3w,9,homepage,alt-right_not_interested_1,scrub,30,2022-05-12 10:55:05.770389,
KzxR5_w8hhQ,UCw1YnIqAcKpHZYAQytaEVOg,0,homepage,alt-right_not_interested_1,scrub,31,2022-05-12 10:55:37.287823,
yTCq4BAfUVQ,UCyOfqgtsQaM3S-VZnsYnHjQ,1,homepage,alt-right_not_interested_1,scrub,31,2022-05-12 10:55:37.287833,
Rt5nV2hayPg,UCXIJgqnII2ZOINSWNOGFThA,2,homepage,alt-right_not_interested_1,scrub,31,2022-05-12 10:55:37.287835,
NNl7GQFTULU,UCz3eYka1l56WrJ0aRFQJOuw,3,homepage,alt-right_not_interested_1,scrub,31,2022-05-12 10:55:37.287837,
T2Qu7cgwJmw,UCUDA_CGXq8k1ojZz5LijnHA,4,homepage,alt-right_not_interested_1,scrub,31,2022-05-12 10:55:37.287838,
bE0oQfFYVLY,UCR4qCR7AAIzjrUfNZqu_ToA,5,homepage,alt-right_not_interested_1,scrub,31,2022-05-12 10:55:37.287840,
_4UR0MUBnOM,UCxr2d4As312LulcajAkKJYw,6,homepage,alt-right_not_interested_1,scrub,31,2022-05-12 10:55:37.287841,
r3kVPx4oEKc,UCw1YnIqAcKpHZYAQytaEVOg,7,homepage,alt-right_not_interested_1,scrub,31,2022-05-12 10:55:37.287843,
Kv1FqRJyGNM,UCH3iZZQRuKWyKURzpv-DBqA,8,homepage,alt-right_not_interested_1,scrub,31,2022-05-12 10:55:37.287844,
qU7YXMAicK4,UCF9kNqGtHFOHZsoi4QE-Ucg,9,homepage,alt-right_not_interested_1,scrub,31,2022-05-12 10:55:37.287846,
K2JOFiMBcr8,UCjlkv0hWrFQS6lPIKo9R2ZQ,0,homepage,alt-right_not_interested_1,scrub,32,2022-05-12 10:56:09.178004,
shoVsQhou-8,UCyOfqgtsQaM3S-VZnsYnHjQ,1,homepage,alt-right_not_interested_1,scrub,32,2022-05-12 10:56:09.178014,
JaQarnFbyD8,UCvbki_2_V6qLvezSxwo13mg,2,homepage,alt-right_not_interested_1,scrub,32,2022-05-12 10:56:09.178016,
iz9nsEjSS1o,UCvmdgf06PhRoQ5VKh0eAzCA,3,homepage,alt-right_not_interested_1,scrub,32,2022-05-12 10:56:09.178018,
YFQ-QsuOCR4,UCMAtX9eFBpwc4LtgvbqsOpQ,4,homepage,alt-right_not_interested_1,scrub,32,2022-05-12 10:56:09.178020,
KzxR5_w8hhQ,UCw1YnIqAcKpHZYAQytaEVOg,5,homepage,alt-right_not_interested_1,scrub,32,2022-05-12 10:56:09.178022,
hWTe3C_RoDo,UCOU3lJmdaTaKt1L8RCUOOSA,6,homepage,alt-right_not_interested_1,scrub,32,2022-05-12 10:56:09.178024,
Rt5nV2hayPg,UCXIJgqnII2ZOINSWNOGFThA,7,homepage,alt-right_not_interested_1,scrub,32,2022-05-12 10:56:09.178025,
r76GJDP0uWQ,UCbTGS4Lk-YtQVsi3iLUufGQ,8,homepage,alt-right_not_interested_1,scrub,32,2022-05-12 10:56:09.178027,
myO8fxhDRW0,UCj1VqrHhDte54oLgPG4xpuQ,9,homepage,alt-right_not_interested_1,scrub,32,2022-05-12 10:56:09.178028,
024Fmd9ZIH0,UC34JIJf43HQZDMdPm9774UA,0,homepage,alt-right_not_interested_1,scrub,33,2022-05-12 10:56:41.182352,
yTCq4BAfUVQ,UCyOfqgtsQaM3S-VZnsYnHjQ,1,homepage,alt-right_not_interested_1,scrub,33,2022-05-12 10:56:41.182368,
Rt5nV2hayPg,UCXIJgqnII2ZOINSWNOGFThA,2,homepage,alt-right_not_interested_1,scrub,33,2022-05-12 10:56:41.182371,
-Xx9qqjKxeY,UCJg9wBPyKMNA5sRDnvzmkdg,3,homepage,alt-right_not_interested_1,scrub,33,2022-05-12 10:56:41.182374,
myO8fxhDRW0,UCj1VqrHhDte54oLgPG4xpuQ,4,homepage,alt-right_not_interested_1,scrub,33,2022-05-12 10:56:41.182377,
bE0oQfFYVLY,UCR4qCR7AAIzjrUfNZqu_ToA,5,homepage,alt-right_not_interested_1,scrub,33,2022-05-12 10:56:41.182380,
Geb_QFxp_hs,UCLQZTXj_AnL7fDC8sLrTGMw,6,homepage,alt-right_not_interested_1,scrub,33,2022-05-12 10:56:41.182384,
T2Qu7cgwJmw,UCUDA_CGXq8k1ojZz5LijnHA,7,homepage,alt-right_not_interested_1,scrub,33,2022-05-12 10:56:41.182386,
3IVQ-1t92hA,UC8abMPJmTPmsaSc7j-lwIhQ,8,homepage,alt-right_not_interested_1,scrub,33,2022-05-12 10:56:41.182389,
xTW1wKnWhsM,UCActoTpQ7vNvCIqHC4zlb6g,9,homepage,alt-right_not_interested_1,scrub,33,2022-05-12 10:56:41.182392,
KzxR5_w8hhQ,UCw1YnIqAcKpHZYAQytaEVOg,0,homepage,alt-right_not_interested_1,scrub,34,2022-05-12 10:57:12.868728,
YzoPmyelSzw,UCyOfqgtsQaM3S-VZnsYnHjQ,1,homepage,alt-right_not_interested_1,scrub,34,2022-05-12 10:57:12.868738,
vZ9myHhpS9s,UCEpCxY2zgLQpRWjXtzHCVEg,2,homepage,alt-right_not_interested_1,scrub,34,2022-05-12 10:57:12.868740,
-Xx9qqjKxeY,UCJg9wBPyKMNA5sRDnvzmkdg,3,homepage,alt-right_not_interested_1,scrub,34,2022-05-12 10:57:12.868741,
aBHbG7qWIeQ,UCI4fHQkguBNW3SwTqmehzjw,4,homepage,alt-right_not_interested_1,scrub,34,2022-05-12 10:57:12.868743,
H18l8VoXflU,UCC1MtX6ThunQJrlEeY0BWTQ,5,homepage,alt-right_not_interested_1,scrub,34,2022-05-12 10:57:12.868745,
_4UR0MUBnOM,UCxr2d4As312LulcajAkKJYw,6,homepage,alt-right_not_interested_1,scrub,34,2022-05-12 10:57:12.868746,
EJiUWBiM8HE,UCtGG8ucQgEJPeUPhJZ4M4jA,7,homepage,alt-right_not_interested_1,scrub,34,2022-05-12 10:57:12.868747,
xTW1wKnWhsM,UCActoTpQ7vNvCIqHC4zlb6g,8,homepage,alt-right_not_interested_1,scrub,34,2022-05-12 10:57:12.868749,
0FvBxPVgv7g,UC9iUsZEK2zygBG6Ofac31xA,9,homepage,alt-right_not_interested_1,scrub,34,2022-05-12 10:57:12.868750,
024Fmd9ZIH0,UC34JIJf43HQZDMdPm9774UA,0,homepage,alt-right_not_interested_1,scrub,35,2022-05-12 10:57:44.299889,
J_TEiWkzQXM,UC88lvyJe7aHZmcvzvubDFRg,1,homepage,alt-right_not_interested_1,scrub,35,2022-05-12 10:57:44.299898,
1cB5JZcosr4,UCknLrEdhRCp1aegoMqRaCZg,2,homepage,alt-right_not_interested_1,scrub,35,2022-05-12 10:57:44.299900,
j0c_I7MWB1U,UCC9EjyMN_hx5NdctLBx5X7w,3,homepage,alt-right_not_interested_1,scrub,35,2022-05-12 10:57:44.299902,
rPbBLcZo894,UCJy461V_MpZAtBCtA5Acgdw,4,homepage,alt-right_not_interested_1,scrub,35,2022-05-12 10:57:44.299903,
bE0oQfFYVLY,UCR4qCR7AAIzjrUfNZqu_ToA,5,homepage,alt-right_not_interested_1,scrub,35,2022-05-12 10:57:44.299904,
yTCq4BAfUVQ,UCyOfqgtsQaM3S-VZnsYnHjQ,6,homepage,alt-right_not_interested_1,scrub,35,2022-05-12 10:57:44.299905,
myO8fxhDRW0,UCj1VqrHhDte54oLgPG4xpuQ,7,homepage,alt-right_not_interested_1,scrub,35,2022-05-12 10:57:44.299907,
LwXV0oLEfCM,UCrYB2eCu6M_aKVLYcTb6JUg,8,homepage,alt-right_not_interested_1,scrub,35,2022-05-12 10:57:44.299908,
oSwZ_BckDvc,UCJg9wBPyKMNA5sRDnvzmkdg,9,homepage,alt-right_not_interested_1,scrub,35,2022-05-12 10:57:44.299909,
JaQarnFbyD8,UCvbki_2_V6qLvezSxwo13mg,0,homepage,alt-right_not_interested_1,scrub,36,2022-05-12 10:58:15.782576,
dS-7U56ubnw,UCJhjE7wbdYAae1G25m0tHAA,1,homepage,alt-right_not_interested_1,scrub,36,2022-05-12 10:58:15.782586,
W86cTIoMv2U,UCCj956IF62FbT7Gouszaj9w,2,homepage,alt-right_not_interested_1,scrub,36,2022-05-12 10:58:15.782589,
CQ92cggLMx8,UCSJPFQdZwrOutnmSFYtbstA,3,homepage,alt-right_not_interested_1,scrub,36,2022-05-12 10:58:15.782592,
AvcAovqG5Kk,UCMiJRAwDNSNzuYeN2uWa0pA,4,homepage,alt-right_not_interested_1,scrub,36,2022-05-12 10:58:15.782595,
vZ9myHhpS9s,UCEpCxY2zgLQpRWjXtzHCVEg,5,homepage,alt-right_not_interested_1,scrub,36,2022-05-12 10:58:15.782598,
z7rxl5KsPjs,UCLgL_zO_IBgZYGEyZneDodw,6,homepage,alt-right_not_interested_1,scrub,36,2022-05-12 10:58:15.782601,
NNl7GQFTULU,UCz3eYka1l56WrJ0aRFQJOuw,7,homepage,alt-right_not_interested_1,scrub,36,2022-05-12 10:58:15.782604,
1cB5JZcosr4,UCknLrEdhRCp1aegoMqRaCZg,8,homepage,alt-right_not_interested_1,scrub,36,2022-05-12 10:58:15.782607,
iynHkI8fIKI,UCLxMEPUoHpKq4PEk85RZn9A,9,homepage,alt-right_not_interested_1,scrub,36,2022-05-12 10:58:15.782610,
JaQarnFbyD8,UCvbki_2_V6qLvezSxwo13mg,0,homepage,alt-right_not_interested_1,scrub,37,2022-05-12 10:58:47.577485,
yTCq4BAfUVQ,UCyOfqgtsQaM3S-VZnsYnHjQ,1,homepage,alt-right_not_interested_1,scrub,37,2022-05-12 10:58:47.577495,
myO8fxhDRW0,UCj1VqrHhDte54oLgPG4xpuQ,2,homepage,alt-right_not_interested_1,scrub,37,2022-05-12 10:58:47.577497,
-Xx9qqjKxeY,UCJg9wBPyKMNA5sRDnvzmkdg,3,homepage,alt-right_not_interested_1,scrub,37,2022-05-12 10:58:47.577499,
_8mgD91sXgE,UCq4o3POo8wfg3EgprUMUw7g,4,homepage,alt-right_not_interested_1,scrub,37,2022-05-12 10:58:47.577501,
bE0oQfFYVLY,UCR4qCR7AAIzjrUfNZqu_ToA,5,homepage,alt-right_not_interested_1,scrub,37,2022-05-12 10:58:47.577502,
J_TEiWkzQXM,UC88lvyJe7aHZmcvzvubDFRg,6,homepage,alt-right_not_interested_1,scrub,37,2022-05-12 10:58:47.577504,
T2Qu7cgwJmw,UCUDA_CGXq8k1ojZz5LijnHA,7,homepage,alt-right_not_interested_1,scrub,37,2022-05-12 10:58:47.577506,
6iwwBh7guTA,UCN9xb6JEIntehYBrsupN4gw,8,homepage,alt-right_not_interested_1,scrub,37,2022-05-12 10:58:47.577508,
a8Gx8wiNbs8,UCgjxQJ6TlKqhHax8742ZMdA,9,homepage,alt-right_not_interested_1,scrub,37,2022-05-12 10:58:47.577510,
JaQarnFbyD8,UCvbki_2_V6qLvezSxwo13mg,0,homepage,alt-right_not_interested_1,scrub,38,2022-05-12 10:59:18.977499,
SORD03t7nlo,UCJhjE7wbdYAae1G25m0tHAA,1,homepage,alt-right_not_interested_1,scrub,38,2022-05-12 10:59:18.977512,
024Fmd9ZIH0,UC34JIJf43HQZDMdPm9774UA,2,homepage,alt-right_not_interested_1,scrub,38,2022-05-12 10:59:18.977514,
MSt4hkIc7L8,UCEq_Dr1GHvnNPQNfgOzhZ8Q,3,homepage,alt-right_not_interested_1,scrub,38,2022-05-12 10:59:18.977516,
myO8fxhDRW0,UCj1VqrHhDte54oLgPG4xpuQ,4,homepage,alt-right_not_interested_1,scrub,38,2022-05-12 10:59:18.977518,
bE0oQfFYVLY,UCR4qCR7AAIzjrUfNZqu_ToA,5,homepage,alt-right_not_interested_1,scrub,38,2022-05-12 10:59:18.977519,
ocF6s2yDdGM,UCMopRwK8sdchOwxRmZj7i4Q,6,homepage,alt-right_not_interested_1,scrub,38,2022-05-12 10:59:18.977521,
2fWRgzEofzA,UCq0OueAsdxH6b8nyAspwViw,7,homepage,alt-right_not_interested_1,scrub,38,2022-05-12 10:59:18.977522,
Q4P0K8wyt8U,UCsp01x73fh5I1oFCj7WINhA,8,homepage,alt-right_not_interested_1,scrub,38,2022-05-12 10:59:18.977524,
eH4k6T5CEnU,UCvzrT6Nc1BMpg8YT78YSSmw,9,homepage,alt-right_not_interested_1,scrub,38,2022-05-12 10:59:18.977525,
DW6PRToUlOU,UCzF4Ryn8TKn64md77gS5Q5Q,0,homepage,alt-right_not_interested_1,scrub,39,2022-05-12 10:59:50.645188,
-yFeZekJxZ8,UCi5iWloxIFmvZ5Za1yyqLmg,1,homepage,alt-right_not_interested_1,scrub,39,2022-05-12 10:59:50.645202,
j0c_I7MWB1U,UCC9EjyMN_hx5NdctLBx5X7w,2,homepage,alt-right_not_interested_1,scrub,39,2022-05-12 10:59:50.645204,
1cB5JZcosr4,UCknLrEdhRCp1aegoMqRaCZg,3,homepage,alt-right_not_interested_1,scrub,39,2022-05-12 10:59:50.645205,
qtlPTE-UmY4,UCcyq283he07B7_KUX07mmtA,4,homepage,alt-right_not_interested_1,scrub,39,2022-05-12 10:59:50.645207,
oSwZ_BckDvc,UCJg9wBPyKMNA5sRDnvzmkdg,5,homepage,alt-right_not_interested_1,scrub,39,2022-05-12 10:59:50.645208,
_4UR0MUBnOM,UCxr2d4As312LulcajAkKJYw,6,homepage,alt-right_not_interested_1,scrub,39,2022-05-12 10:59:50.645209,
UvjSXBqQe4A,UCIFtADcWrOApqrsinzPoOfA,7,homepage,alt-right_not_interested_1,scrub,39,2022-05-12 10:59:50.645211,
i7fYefWReMA,UCSXFHZjtieHo2vQPGsB3npQ,8,homepage,alt-right_not_interested_1,scrub,39,2022-05-12 10:59:50.645212,
w86sDrAtq-0,UCyiKdqreDmEBJEN0cDG5OxA,9,homepage,alt-right_not_interested_1,scrub,39,2022-05-12 10:59:50.645213,
z6KKo85V9Ew,UCpmS75Phtit_NMJXoyTSZvw,0,homepage,alt-right_not_interested_1,teardown,0,2022-05-12 11:00:22.164382,
-Xx9qqjKxeY,UCJg9wBPyKMNA5sRDnvzmkdg,1,homepage,alt-right_not_interested_1,teardown,0,2022-05-12 11:00:22.164394,
HA6nSQawROM,UC1bjWVLp2aaJmPcNbi9OOsw,2,homepage,alt-right_not_interested_1,teardown,0,2022-05-12 11:00:22.164396,
K0GPCmm1F3o,UCmyjVwYZbp5YPYTUyeopO2g,3,homepage,alt-right_not_interested_1,teardown,0,2022-05-12 11:00:22.164400,
KzxR5_w8hhQ,UCw1YnIqAcKpHZYAQytaEVOg,4,homepage,alt-right_not_interested_1,teardown,0,2022-05-12 11:00:22.164402,
H18l8VoXflU,UCC1MtX6ThunQJrlEeY0BWTQ,5,homepage,alt-right_not_interested_1,teardown,0,2022-05-12 11:00:22.164405,
JvgF83OHV9c,UCFd0uXX81R_lSJ4PmdM5jwA,6,homepage,alt-right_not_interested_1,teardown,0,2022-05-12 11:00:22.164407,
5qap5aO4i9A,UCSJ4gkVC6NrvII8umztf0Ow,7,homepage,alt-right_not_interested_1,teardown,0,2022-05-12 11:00:22.164411,
myO8fxhDRW0,UCj1VqrHhDte54oLgPG4xpuQ,8,homepage,alt-right_not_interested_1,teardown,0,2022-05-12 11:00:22.164414,
Q4P0K8wyt8U,UCsp01x73fh5I1oFCj7WINhA,9,homepage,alt-right_not_interested_1,teardown,0,2022-05-12 11:00:22.164417,
B4hmI4zXKYs,UC6Llq4YZg3FlTdr110Au3NA,0,videopage,alt-right_not_interested_1,teardown,0,2022-05-12 11:00:38.744390,Av2bJT8WXds
Jl55yShoa1s,UC0h-sR-xyYLX7sSO46ovo2A,1,videopage,alt-right_not_interested_1,teardown,0,2022-05-12 11:00:38.744403,Av2bJT8WXds
i0krQJHz6uI,UCZCA4LUirmPL61KHeUC0YRQ,2,videopage,alt-right_not_interested_1,teardown,0,2022-05-12 11:00:38.744405,Av2bJT8WXds
YheexqPviMc,UC0h-sR-xyYLX7sSO46ovo2A,3,videopage,alt-right_not_interested_1,teardown,0,2022-05-12 11:00:38.744407,Av2bJT8WXds
OYcYv174KQ4,UCVO8YsD87ibqRGIJ7o8sOzg,4,videopage,alt-right_not_interested_1,teardown,0,2022-05-12 11:00:38.744408,Av2bJT8WXds
u1KuD3U7z3U,UCg01mM6R-_PMRWsWWjHbdiw,5,videopage,alt-right_not_interested_1,teardown,0,2022-05-12 11:00:38.744410,Av2bJT8WXds
abDLUhw-53w,UCbulh9WdLtEXiooRcYK7SWw,6,videopage,alt-right_not_interested_1,teardown,0,2022-05-12 11:00:38.744411,Av2bJT8WXds
zzICMIu5zFY,UCFDd_TP4pGLPxdqLTqLtqtg,7,videopage,alt-right_not_interested_1,teardown,0,2022-05-12 11:00:38.744413,Av2bJT8WXds
VypAR0q-bTo,UCEzJtFWNg7d7TZW7K9JyXmw,8,videopage,alt-right_not_interested_1,teardown,0,2022-05-12 11:00:38.744414,Av2bJT8WXds
8uuYm7KDm_A,UCVO8YsD87ibqRGIJ7o8sOzg,9,videopage,alt-right_not_interested_1,teardown,0,2022-05-12 11:00:38.744416,Av2bJT8WXds
