index,channel_id,alt-right,alt-right_update_required,antitheist,antitheist_update_required,politics-left,politics-left_update_required,politics-right,politics-right_update_required,any_update,notes,extra notes
1,UC0QHWhjbe5fGJEPz3sVb6nw,FALSE,FALSE,FALSE,FALSE,FALSE,FALSE,FALSE,FALSE,0,|doctor mike|||Doctor Mike|nan,
2,UCX6OQ3DkcsbYNE6H8uQQuVA,FALSE,FALSE,FALSE,FALSE,FALSE,FALSE,FALSE,FALSE,0,|mr. beast|||nan|nan|nan|Mr. Beast,
3,UCodkb-qBktJI5NrUsPYpf7g,FALSE,FALSE,FALSE,FALSE,FALSE,FALSE,FALSE,FALSE,0,|Jordan Peterson tips|||nan|nan,
4,UCamjnFmK1_lsTWJGWzkC8ew,FALSE,FALSE,FALSE,FALSE,FALSE,FALSE,FALSE,FALSE,0,|memester||,
5,UCntvQO_KEroiep6CpEJUlBg,FALSE,FALSE,FALSE,FALSE,FALSE,FALSE,FALSE,FALSE,0,|blue angels bikers|||nan,
6,UCHL9bfHTxCMi-7vfxQ-AYtg,FALSE,FALSE,FALSE,FALSE,FALSE,FALSE,FALSE,FALSE,0,|Japan traveler|||nan|abroad in Japan,
7,UC13mSI38YWz5zfvxXDPpePA,FALSE,FALSE,FALSE,FALSE,FALSE,FALSE,FALSE,FALSE,0,|fox news TB|||nan|local news|nan|Fox news but its local and not on MBFC,
8,UCSJ4gkVC6NrvII8umztf0Ow,FALSE,FALSE,FALSE,FALSE,FALSE,FALSE,FALSE,FALSE,0,|lofi beats|||nan|nan|nan|nan,
9,UCXHcH4CggCrvIpm0KM0kHQg,FALSE,FALSE,FALSE,FALSE,FALSE,FALSE,FALSE,FALSE,0,|Catholic-inpsired videos|||nan,
10,UC3kMrgEHl6Stw8TE2PSQtrw,FALSE,FALSE,FALSE,FALSE,FALSE,FALSE,FALSE,FALSE,0,|boxing videos|||boxing videos|||boxing videos|||boxing videos|||nan|nan|nan|nan,
11,UCcj3FycZBXIPNj7QIBKTIDw,FALSE,FALSE,FALSE,FALSE,FALSE,FALSE,FALSE,FALSE,0,"|special ops, but for civilians||",
14,UCmSp4bDxS9R0jpeZEvkut2g,FALSE,FALSE,FALSE,FALSE,FALSE,FALSE,FALSE,FALSE,0,|meme shorts||but also archive on rumble odysee etc etc,
15,UCJIfeSCssxSC_Dhc5s7woww,FALSE,FALSE,FALSE,FALSE,FALSE,FALSE,FALSE,FALSE,0,"|AIN for sure. Challenging the ""mainstream"" and asking the ""unconfortable"" questions, e.g. AGI and UFO's|||nan",
16,UCz8K1occVvDTYDfFo7N5EZw,FALSE,FALSE,FALSE,FALSE,TRUE,FALSE,FALSE,FALSE,0,|crime case coverage|||nan|nan|nan|nan,
17,UCFn1DbGxYCtWsEZlG9PzOcA,FALSE,FALSE,FALSE,FALSE,FALSE,FALSE,FALSE,FALSE,0,|religious afterlife and spiritual mother||,
18,UCJyYPIYM-2iuvc6MKasAEQQ,FALSE,FALSE,FALSE,FALSE,FALSE,FALSE,FALSE,FALSE,0,|relaxing music|||calming music|||nan|nan|nan|nan,
23,UCHX9L8vohBR2TsTRWo9N6bA,FALSE,FALSE,FALSE,FALSE,FALSE,FALSE,FALSE,FALSE,0,|Russian kids cartoon|||nan,
26,UCYFtLyNx04nZbzY0dlY7ofw,FALSE,FALSE,,,,,,,0,|heteronormative jokester podcasts|IDW/Alt-Lite|,
27,UC7oPkqeHTwuOZ5CZ-R9f-6w,FALSE,FALSE,FALSE,FALSE,FALSE,FALSE,TRUE,FALSE,0,"|antiwoke ""Triggernometry"" interviews|IDW/Alt-Lite||nan|triggernometry",
28,UChPuCAEXg7iYkVNjQY1NGYg,FALSE,FALSE,FALSE,FALSE,FALSE,FALSE,FALSE,FALSE,0,|Full-send podcast |IDW/Alt-Lite||Interviewing pop culture people|||Full Send Podcast|||nan|nan|nan|nan,
29,UCGr-rTYtP1m-r_-ncspdVQQ,FALSE,FALSE,FALSE,FALSE,FALSE,FALSE,FALSE,FALSE,0,|Jazz and Blues|||Jazz and Blues|||nan|nan|nan|nan,
32,UCq6VFHwMzcMXbuKyG7SQYIg,FALSE,FALSE,FALSE,FALSE,FALSE,FALSE,FALSE,FALSE,0,|meme YT commentary|||alpha male commentator guy|||nan|nan,
33,UCUxc0iEpV8wZV4WLOui0RwQ,FALSE,FALSE,FALSE,FALSE,FALSE,FALSE,FALSE,FALSE,0,|Gabriel Iglesias!!|||Gabriel Iglesias!!|||nan,
34,UCC9EjyMN_hx5NdctLBx5X7w,FALSE,FALSE,FALSE,FALSE,FALSE,FALSE,FALSE,FALSE,0,|scammer payback|||nan|nan|nan|nan,
36,UCPXRHu3iYggeluGLgz4QTOQ,FALSE,FALSE,FALSE,FALSE,FALSE,FALSE,FALSE,FALSE,0,|hi-testosterone workout motivation||,
37,UCyOfqgtsQaM3S-VZnsYnHjQ,FALSE,FALSE,FALSE,FALSE,FALSE,FALSE,FALSE,FALSE,0,|classical music|||nan|nan|nan|nan,
39,UC6CLkxOWW-TxdGM9yVTyDfQ,FALSE,FALSE,FALSE,FALSE,FALSE,FALSE,FALSE,FALSE,0,|Warhammer gameplay||,
40,UCJ5v_MCY6GNUBTO8-D3XoAg,FALSE,FALSE,FALSE,FALSE,FALSE,FALSE,FALSE,FALSE,0,|WWE|||nan,
42,UCg7lal8IC-xPyKfgH4rdUcA,FALSE,FALSE,FALSE,FALSE,FALSE,FALSE,FALSE,FALSE,0,|black culture interviews||,
43,UCPDis9pjXuqyI7RYLJ-TTSA,FALSE,FALSE,FALSE,FALSE,FALSE,FALSE,FALSE,FALSE,0,|fail army|||fail army|||nan|nan|nan|nan,
44,UCJMC-44oT9l97ra5iemDPiA,FALSE,FALSE,FALSE,FALSE,FALSE,FALSE,FALSE,FALSE,0,"|""no agenda"" anti-mainstream interviews|||nan",
45,UCQANb2YPwAtK-IQJrLaaUFw,FALSE,FALSE,FALSE,FALSE,FALSE,FALSE,FALSE,FALSE,0,|news commentator|||nan|nan,
46,UCvlj0IzjSnNoduQF0l3VGng,FALSE,FALSE,FALSE,FALSE,FALSE,FALSE,FALSE,FALSE,0,|news commentator|||sarcastically left-loving news|||nan,
49,UCMfkS5H2S5BYYAHMYF2ecUQ,FALSE,FALSE,TRUE,FALSE,FALSE,FALSE,FALSE,FALSE,0,"|""Athiest experiences"" and NDT on God|||nan",
51,UCWMmXqkJC61mBBtDLIV7Nag,FALSE,FALSE,FALSE,FALSE,FALSE,FALSE,FALSE,FALSE,0,|skydiving||,
52,UCTSRIY3GLFYIpkR2QwyeklA,FALSE,FALSE,FALSE,FALSE,FALSE,FALSE,FALSE,FALSE,0,|pop culture commentator|||vlogger|nan,
53,UC3ltptWa0xfrDweghW94Acg,,FALSE,FALSE,FALSE,FALSE,FALSE,FALSE,FALSE,0,|speedrunning (play video game as fast as possible)|||nan|nan,
55,UCGaVdbSav8xWuFWTadK6loA,FALSE,FALSE,FALSE,FALSE,FALSE,FALSE,FALSE,FALSE,0,|Low-commitment Christian who doesn't talk about religion much|John Greene and his brother?||nan|nan|nan,
57,UCy6kyFxaMqGtpE3pQTflK8A,FALSE,FALSE,FALSE,FALSE,FALSE,FALSE,FALSE,FALSE,0,|Bill Maher|||nan,
59,UC0cd_-e49hZpWLH3UIwoWRA,FALSE,FALSE,FALSE,FALSE,FALSE,FALSE,FALSE,FALSE,0,|science teacher|||nan,
60,UCUbl5sgU5GcpGaP1nzvyG-w,FALSE,FALSE,FALSE,FALSE,FALSE,FALSE,FALSE,FALSE,0,|gaming memes|||nan|nan|memes,
61,UC6rMzPbGk8DZcrQMAb0cVlA,FALSE,FALSE,TRUE,FALSE,FALSE,FALSE,FALSE,FALSE,0,|produced by Atheist Community of Austin Texas|||nan,
63,UCBi2mrWuNuyYy4gbM6fU18Q,FALSE,FALSE,FALSE,FALSE,TRUE,FALSE,FALSE,FALSE,0,|ABC news|||ABC news|nan,
64,UCAXCE0MLOSTTkkOU1HTh_IA,FALSE,FALSE,FALSE,FALSE,FALSE,FALSE,FALSE,FALSE,0,|pop culture commentator||,
66,UCP0_k4INXrwPS6HhIyYqsTg,FALSE,FALSE,FALSE,FALSE,FALSE,FALSE,FALSE,FALSE,0,|Steven He|||nan|nan,
67,UChhMB_J0kz8eBJECy4d5uSQ,FALSE,FALSE,FALSE,FALSE,FALSE,FALSE,FALSE,FALSE,0,|European mythology from academic perspective|||nan|nan,
68,UCmyjVwYZbp5YPYTUyeopO2g,FALSE,FALSE,FALSE,FALSE,FALSE,FALSE,FALSE,FALSE,0,|Pawn Stars|||Pawn Stars|||Pawn stars|nan|nan|nan,
69,UC8XjmAEDVZSCQjI150cb4QA,FALSE,FALSE,FALSE,FALSE,FALSE,FALSE,FALSE,FALSE,0,|World history and social justice podcasts|||nan,
70,UCI25IKLd4L12mAzfFsVK95g,FALSE,FALSE,TRUE,FALSE,FALSE,FALSE,FALSE,FALSE,0,"|""making atheism and skepticism more accessible to a wider audience""|||nan",
71,UCMtFAi84ehTSYSE9XoHefig,FALSE,FALSE,FALSE,FALSE,FALSE,FALSE,FALSE,FALSE,0,|Colbert show|||Colbert show|||nan|Stephen Colbert,
72,UCupQghOyPai8Hxg4RqMERvA,FALSE,FALSE,FALSE,FALSE,FALSE,FALSE,FALSE,FALSE,0,|Top Gear highlights||,
73,UCicvc24eAbFp-thRrBnSP2A,FALSE,FALSE,FALSE,FALSE,FALSE,FALSE,TRUE,FALSE,0,|Christian channel|||nan|nan|nan,
75,UC-9b7aDP6ZN0coj9-xFnrtw,FALSE,FALSE,FALSE,FALSE,FALSE,FALSE,FALSE,FALSE,0,|science of space|||nan|nan|nan,
77,UCpa-Zb0ZcQjTCPP1Dx_1M8Q,FALSE,FALSE,FALSE,FALSE,FALSE,FALSE,FALSE,FALSE,0,|legal education|||legal walkthroughs,
83,UCeD5NwvPbEZKcu02_v8tUZQ,FALSE,FALSE,FALSE,FALSE,FALSE,FALSE,FALSE,FALSE,0,|local news|||nan,
84,UCeY0bbntWzzVIaj2z3QigXg,FALSE,FALSE,FALSE,FALSE,TRUE,FALSE,FALSE,FALSE,0,|NBC News|looked at MBFC|left-center|NBC News|||nan|nan|nan|nan,
85,UCe-IpCdcY7Juh6XsJtfj9iw,FALSE,FALSE,FALSE,FALSE,FALSE,FALSE,FALSE,FALSE,0,|comedy|||comedy|nan|Comedy,
86,UCO0akufu9MOzyz3nvGIXAAw,FALSE,FALSE,FALSE,FALSE,FALSE,FALSE,TRUE,FALSE,0,|Sky News Australia|||Sky News Australia|||nan|nan,
87,UCekqZ-2WiVhKFa3cPi91gbQ,FALSE,FALSE,FALSE,FALSE,FALSE,FALSE,FALSE,FALSE,0,|gamer|||nan,
88,UCNlfGuzOAKM1sycPuM_QTHg,FALSE,FALSE,FALSE,FALSE,FALSE,FALSE,FALSE,FALSE,0,|focus music|||nan|nan,
89,UC4zxyn7iDrjxL-kUmpNFlxQ,FALSE,FALSE,FALSE,FALSE,FALSE,FALSE,FALSE,FALSE,0,|dinasours|||nan,
90,UC9lah3jk4qSrUbzbXmPsxmA,FALSE,FALSE,FALSE,FALSE,FALSE,FALSE,FALSE,FALSE,0,|singer||,
92,UCNSfJB-VQeHpv5ThtV1VtBA,FALSE,FALSE,FALSE,FALSE,FALSE,FALSE,FALSE,FALSE,0,|local news|||local news|||nan|nan,
94,UCsT0YIqwnpJCM-mx7-gSA4Q,FALSE,FALSE,FALSE,FALSE,FALSE,FALSE,FALSE,FALSE,0,|TED Talks|||nan,
95,UCcGRpWmLAzxGG1REPl9QRlQ,FALSE,FALSE,FALSE,FALSE,FALSE,FALSE,FALSE,FALSE,0,|old cartoons|||cartoons,
97,UCW5BaXolL-jh1wAmZC78leQ,FALSE,FALSE,FALSE,FALSE,FALSE,FALSE,FALSE,FALSE,0,|tech channel||,
98,UCwWhs_6x42TyRM4Wstoq8HA,FALSE,FALSE,FALSE,FALSE,TRUE,FALSE,FALSE,FALSE,0,|https://www.youtube.com/channel/UCJW3ePyqjsvKfHGsz7eetQA|???||nan|nan,
100,UCUseCJIxUbK_WIn0sUvBZVg,FALSE,FALSE,FALSE,FALSE,FALSE,FALSE,FALSE,FALSE,0,|drink chapms|||nan,
101,UCs8o1mdWAfefJkdBg632_tg,FALSE,FALSE,FALSE,FALSE,FALSE,FALSE,FALSE,FALSE,0,|film industry interviews|||nan,
103,UC29vLPlafHcsqZu3L-Rk_pA,FALSE,FALSE,FALSE,FALSE,FALSE,FALSE,FALSE,FALSE,0,|travel vlog|||travel|nan,
105,UCMYlXK0jyerVnc3dmz-vjCA,FALSE,FALSE,,FALSE,TRUE,FALSE,FALSE,FALSE,0,|local news|10 Tampa Bay|left-center|hurricane|nan|nan,
107,UCyps-v4WNjWDnYRKmZ4BUGw,FALSE,FALSE,FALSE,FALSE,FALSE,FALSE,FALSE,FALSE,0,|classic modern day YouTuber||,
110,UC9HHZMXng9reLBQmNc1Y8iA,FALSE,FALSE,FALSE,FALSE,FALSE,FALSE,FALSE,FALSE,0,"|Inside Russia|In case Internet is shut off in Russia, please join my Telegram channel so se can stay in touch https://t.me/INSIDEKONSTANTINSRUSSIA||nan",
111,UCFcJ61hVuLmBh7RiwCqRV0w,FALSE,FALSE,FALSE,FALSE,FALSE,FALSE,FALSE,FALSE,0,|vlogger???||,
113,UCgVZ0mrM3liHNhRYC5Mchgg,FALSE,FALSE,FALSE,FALSE,FALSE,FALSE,FALSE,FALSE,0,|least bias by looking at local ABC news in Florida|||nan,
114,UCsvjgqc0HKr4_lLtKzIcekQ,FALSE,FALSE,FALSE,FALSE,FALSE,FALSE,FALSE,FALSE,0,|gaming memes|||NBA 2k||,
115,UCzqCujRKPcFwHzWOfxMHoWQ,FALSE,FALSE,FALSE,FALSE,FALSE,FALSE,FALSE,FALSE,0,|Anime||,
118,UCCXoCcu9Rp7NPbTzIvogpZg,,FALSE,FALSE,FALSE,FALSE,FALSE,TRUE,FALSE,0,|Fox Business|right-center bias||nan|nan|nan,
121,UCsUBSDV6AiQ6gHKbus2UjkA,FALSE,FALSE,FALSE,FALSE,FALSE,FALSE,FALSE,FALSE,0,|gun shooting||,
122,UCshwRhftzkiov5wKR7M_LsQ,FALSE,FALSE,FALSE,FALSE,FALSE,FALSE,FALSE,FALSE,0,|The Independent||,
123,UCkJtAiCHL5b0cKNUzGML1sQ,FALSE,FALSE,FALSE,FALSE,FALSE,FALSE,FALSE,FALSE,0,|cars||,
125,UCEunPcNg1-w_UAPVcZC8RjA,FALSE,FALSE,FALSE,FALSE,FALSE,FALSE,FALSE,FALSE,0,|worship||,
127,UCd_ipkwpnKKp7SFevBBgScQ,FALSE,FALSE,FALSE,FALSE,FALSE,FALSE,FALSE,FALSE,0,|gun range shooting|||nan,
128,UC0bCUnP5RrkJZUtd3bBz6Kw,FALSE,FALSE,FALSE,FALSE,FALSE,TRUE,FALSE,FALSE,1,|WPTV News|||news not on MBFC|WPTV News,
130,UCHfF8wFnipMeDpJf8OmMxDg,FALSE,FALSE,FALSE,FALSE,FALSE,FALSE,FALSE,FALSE,0,|local news |||nan|nan,
131,UCF9IOB2TExg3QIBupFtBDxg,FALSE,FALSE,FALSE,FALSE,FALSE,FALSE,FALSE,FALSE,0,|doctor mike|||scientist|nan|nan,
132,UCT80uJtOE2sGejGX16zQGoA,FALSE,FALSE,FALSE,FALSE,FALSE,FALSE,FALSE,FALSE,0,|street vlogger|||walking in kenzington philly,
133,UCz1w0ll081JJiYcjb298pOw,FALSE,FALSE,FALSE,FALSE,FALSE,FALSE,FALSE,FALSE,0,|Jehova's Witness||,
134,UC0D0jjPiYi7bb6IZbXsPkqw,FALSE,FALSE,FALSE,FALSE,FALSE,FALSE,FALSE,FALSE,0,|church sermons|||nan,
136,UCTvZcgH_rsvaGuZ8mU5jpnA,,FALSE,FALSE,FALSE,FALSE,FALSE,FALSE,FALSE,0,|local news|||nan|nan,
137,UCswH8ovgUp5Bdg-0_JTYFNw,FALSE,FALSE,FALSE,FALSE,FALSE,FALSE,TRUE,FALSE,0,|Russell Brand|||nan|nan|nan|nan,
138,UC8p1vwvWtl6T73JiExfWs1g,FALSE,FALSE,FALSE,FALSE,TRUE,FALSE,FALSE,FALSE,0,|CBS|||CBS News|nan|CBS News,
139,UCI15ZKi4kyBnueoUIvgCvoA,FALSE,FALSE,FALSE,FALSE,FALSE,FALSE,FALSE,FALSE,0,|Basketball time machine|||basketball|nan|basketball,
140,UCrp_UI8XtuYfpiqluWLD7Lw,FALSE,FALSE,FALSE,FALSE,TRUE,FALSE,FALSE,FALSE,0,|CNBC|||nan,
142,UCzF4Ryn8TKn64md77gS5Q5Q,FALSE,FALSE,FALSE,FALSE,FALSE,FALSE,FALSE,FALSE,0,|local news|||nan|nan|nan,
143,UCNZyLULUQBp5e9Q1cKtvk6Q,FALSE,FALSE,FALSE,FALSE,TRUE,FALSE,FALSE,FALSE,0,|CBS|||nan|nan,
144,UCzHN-FjWDMsgfGPvRq7oy-Q,FALSE,FALSE,FALSE,FALSE,FALSE,FALSE,FALSE,FALSE,0,|local news FOX|||nan|FOX 6 Milwaukee,
145,UCu2ap-zb8cxw-Pjzhcul1aQ,FALSE,FALSE,FALSE,FALSE,FALSE,FALSE,FALSE,FALSE,0,|late late show|||old late night show,
146,UCpar38sKgMVxiaO80LZFdwA,FALSE,FALSE,,,,,,,0,|pagan tradition commenter on modern news,
147,UC4YUKOBld2PoOLzk0YZ80lw,FALSE,FALSE,FALSE,FALSE,FALSE,FALSE,FALSE,FALSE,0,|minecrafter,
148,UCiIWdzEVNH8okhlapR9a-xA,FALSE,FALSE,FALSE,FALSE,FALSE,FALSE,FALSE,FALSE,0,|nan|nan|nan,
149,,FALSE,FALSE,FALSE,FALSE,FALSE,FALSE,FALSE,FALSE,0,|nan|nan|nan|nan,
151,UCC0XEDBRtOO2GPC_DP4hR3w,FALSE,FALSE,FALSE,FALSE,FALSE,FALSE,FALSE,FALSE,0,|Beautiful melody|nan|nan,
152,UC7bX_RrH3zbdp5V4j5umGgw,FALSE,FALSE,FALSE,FALSE,FALSE,FALSE,FALSE,FALSE,0,|nan|nan|nan|nan,
153,UCRV957SlkMGmldZYa5rhRog,FALSE,FALSE,FALSE,FALSE,FALSE,FALSE,FALSE,FALSE,0,|Soft rock music|nan|music,
154,UCzQUP1qoWDoEbmsQxvdjxgQ,FALSE,FALSE,FALSE,FALSE,FALSE,FALSE,FALSE,FALSE,0,|nan,
155,UCXu3Qcw018ZNU0qJ3hVn9mQ,FALSE,FALSE,FALSE,FALSE,FALSE,FALSE,FALSE,FALSE,0,|news readings from an anti-mainstream perspective|nan,
156,UCfsuI3-92QNO3DVy06PO9wg,FALSE,FALSE,FALSE,FALSE,FALSE,FALSE,FALSE,FALSE,0,|paranormal and fringe science,
157,UCn8zNIfYAQNdrFRrr8oibKw,FALSE,FALSE,FALSE,FALSE,FALSE,FALSE,FALSE,FALSE,0,|vox,
158,UCmFeOdJI3IXgTBDzqBLD8qg,FALSE,FALSE,FALSE,FALSE,FALSE,FALSE,FALSE,FALSE,0,|nan,
160,UCSm-R5OcwjKSeQZFC6VROVw,FALSE,FALSE,FALSE,FALSE,FALSE,FALSE,FALSE,FALSE,0,|cars insider|cool cars|nan,
161,UCmwt1nrlc9VHtymGaM7jbvg,FALSE,FALSE,FALSE,FALSE,FALSE,FALSE,FALSE,FALSE,0,|soft rock music,
162,UCSWwb_YyNB8vuC1VDcfPPaQ,FALSE,FALSE,FALSE,FALSE,FALSE,FALSE,FALSE,FALSE,0,|AGT recaps|nan|nan,
167,UCsIg9WMfxjZZvwROleiVsQg,FALSE,FALSE,FALSE,FALSE,FALSE,FALSE,FALSE,FALSE,0,|Music|nan,
168,UCAaZm4GcWqDg8358LIx3kmw,FALSE,FALSE,FALSE,FALSE,FALSE,FALSE,FALSE,FALSE,0,|nan|nan|nan,
169,UCWwUIqjw5BLn4L90fa9fdkw,FALSE,FALSE,FALSE,FALSE,FALSE,FALSE,FALSE,FALSE,0,|restoring things,
170,UCQ8FR_oIFBTtFH268dKIHEw,FALSE,FALSE,FALSE,FALSE,FALSE,FALSE,FALSE,FALSE,0,|soccer,
172,UCiciOsypkXcqSFqSPd-NRVA,FALSE,FALSE,,FALSE,FALSE,FALSE,FALSE,FALSE,0,|tik tok reactors|nan,
173,UC1n_yB_W-FZCbwajZPcs8Jw,FALSE,FALSE,FALSE,FALSE,FALSE,FALSE,FALSE,FALSE,0,|minecraft,
174,UCpB959t8iPrxQWj7G6n0ctQ,FALSE,FALSE,FALSE,FALSE,FALSE,FALSE,FALSE,FALSE,0,|sniper wolf,
176,UCDVYQ4Zhbm3S2dlz7P1GBDg,FALSE,FALSE,FALSE,FALSE,FALSE,FALSE,FALSE,FALSE,0,|NFL,
178,UC7mulY9xtAwowL3mz9aCTog,FALSE,FALSE,FALSE,FALSE,FALSE,FALSE,FALSE,FALSE,0,|video games,
179,UCXIJgqnII2ZOINSWNOGFThA,FALSE,FALSE,FALSE,FALSE,FALSE,FALSE,FALSE,FALSE,0,|nan,
180,UC5cFA3uEyS7-PuCmBc5vaFw,FALSE,FALSE,FALSE,FALSE,FALSE,FALSE,FALSE,FALSE,0,|nan,
181,UC-GAhNmY6bkuuRPUSaRI_oQ,FALSE,FALSE,FALSE,FALSE,FALSE,FALSE,FALSE,FALSE,0,|movie scenes,
182,UCFn1ROV1cysLXMkS53Aw6PQ,FALSE,FALSE,FALSE,FALSE,FALSE,FALSE,FALSE,FALSE,0,|nan|nan|nan,
186,UCAsSOrBWNm1y0vOZ_JWBzTA,FALSE,FALSE,FALSE,FALSE,FALSE,FALSE,FALSE,FALSE,0,|video games,
187,UC7oFkIqa8jsb-c4k1joBAig,FALSE,FALSE,,,,,,,0,|European news (anti-immigration but not racist???),
188,UCYMFcOdGQsDh619TZsUdVOg,FALSE,FALSE,FALSE,FALSE,FALSE,FALSE,FALSE,FALSE,0,|video games,
189,UCplUSf6-4EWg7MVs-QO-EUQ,FALSE,FALSE,FALSE,FALSE,FALSE,FALSE,FALSE,FALSE,0,|tomb raider,
190,UCtaYhqZ26hHYagbTlCmrXKQ,FALSE,FALSE,FALSE,FALSE,FALSE,FALSE,FALSE,FALSE,0,|tv show commentary,
191,UC7qk6UJOHsv-2e8G7kVyZaQ,FALSE,FALSE,FALSE,FALSE,FALSE,FALSE,FALSE,FALSE,0,|tv show and movie commentary,
195,UCX_JHXrU2jBMdQP9LkLTTsg,FALSE,FALSE,FALSE,FALSE,FALSE,FALSE,FALSE,FALSE,0,|drawing,
196,UC6oHLp5r0FcXwzxmWzL1aSg,FALSE,FALSE,FALSE,FALSE,FALSE,FALSE,FALSE,FALSE,0,|nan|nan|nan,
197,UCdC0An4ZPNr_YiFiYoVbwaw,FALSE,FALSE,FALSE,FALSE,FALSE,FALSE,FALSE,FALSE,0,|nan,
198,UCEKahDl_amqEoBqzh9UDYHw,FALSE,FALSE,FALSE,FALSE,FALSE,FALSE,FALSE,FALSE,0,|nan|nan,
199,UCkf-3u90KeCm7MqIaDW2QMA,FALSE,FALSE,FALSE,FALSE,FALSE,FALSE,FALSE,FALSE,0,|manga stuff???,
201,UCqZQlzSHbVJrwrn5XvzrzcA,FALSE,FALSE,FALSE,FALSE,FALSE,FALSE,FALSE,FALSE,0,|nan|nan|nan,
202,UCTkXRDQl0luXxVQrRQvWS6w,FALSE,FALSE,FALSE,FALSE,FALSE,FALSE,FALSE,FALSE,0,|minecraft|nan,
205,UC-yewGHQbNFpDrGM0diZOLA,TRUE,FALSE,FALSE,FALSE,FALSE,FALSE,FALSE,FALSE,0,|nan,
206,UCxUD_5NwVInSttgxu8nqQrg,FALSE,FALSE,FALSE,FALSE,FALSE,FALSE,FALSE,FALSE,0,|ranking videos,
207,UCjMZjGhrFq_4llVS_x2XJ_w,FALSE,FALSE,FALSE,FALSE,FALSE,FALSE,FALSE,FALSE,0,|music,
208,UC0uVZd8N7FfIZnPu0y7o95A,FALSE,FALSE,FALSE,FALSE,FALSE,FALSE,FALSE,FALSE,0,|right-leaning news|nan|nan,
210,UCkH00DEvivJzUfQk2KVsA4A,FALSE,FALSE,FALSE,FALSE,FALSE,FALSE,FALSE,FALSE,0,|video games,
211,UCf_HItERkRB3vnkWt2RSOLg,FALSE,FALSE,,,,,,,0,|British news commentary,
213,UCUfvOHVe-rwUzzbrJfoEDwg,FALSE,FALSE,FALSE,FALSE,FALSE,FALSE,FALSE,FALSE,0,|video games,
214,UCO01ytfzgXYy4glnPJm4PPQ,FALSE,FALSE,FALSE,FALSE,FALSE,FALSE,FALSE,FALSE,0,|nan|nan,
215,UCDKJdFer1phQI95UinPZehw,FALSE,FALSE,FALSE,FALSE,FALSE,FALSE,FALSE,FALSE,0,|nan,
216,UCFuzExfO2fUVmNK5_COvsNg,FALSE,FALSE,FALSE,FALSE,FALSE,FALSE,FALSE,FALSE,0,|nan|nan,
218,UCWu-IOxbeSD-MRM2Q87ZF0A,FALSE,FALSE,FALSE,FALSE,FALSE,FALSE,FALSE,FALSE,0,|nan,
219,UCEkX1c-4hs1W_kpABfrzmzg,FALSE,FALSE,FALSE,FALSE,FALSE,FALSE,FALSE,FALSE,0,|nan,
220,UCCVVn1e7duIXEIDCmHshtFg,FALSE,FALSE,FALSE,FALSE,FALSE,FALSE,FALSE,FALSE,0,|songs,
221,UCln2Ot4HeKVeigl3JWGOdhA,FALSE,FALSE,FALSE,FALSE,FALSE,FALSE,FALSE,FALSE,0,|movie commentary,
222,UCiUkcNS6W0n8QdosuZASduQ,FALSE,FALSE,FALSE,FALSE,FALSE,FALSE,FALSE,FALSE,0,|nan,
223,UCKqoV5wTSEqKbp3nx-VHyeQ,FALSE,FALSE,FALSE,FALSE,FALSE,FALSE,FALSE,FALSE,0,|no idea,
224,UCneb0Oaja_ArV6ZJV5kp70w,FALSE,FALSE,FALSE,FALSE,FALSE,FALSE,FALSE,FALSE,0,|nan,
225,UCZGOa5YPTfmMTXKRCaPi7KA,FALSE,FALSE,FALSE,FALSE,FALSE,FALSE,FALSE,FALSE,0,|nan,
226,UC2iFhd5sn38u_gzlUucTr6Q,FALSE,FALSE,FALSE,FALSE,FALSE,FALSE,FALSE,FALSE,0,|nan,
229,UCPgLNge0xqQHWM5B5EFH9Cg,FALSE,FALSE,FALSE,FALSE,FALSE,FALSE,FALSE,FALSE,0,"|The telegraph|While right-leaning, not American news",
231,UC8XElpsf3j_hgceQA7IDJ8Q,FALSE,FALSE,FALSE,FALSE,FALSE,FALSE,FALSE,FALSE,0,|vlogs,
232,UCtKhGy0cnsnNXylBvkdA7hA,FALSE,FALSE,FALSE,FALSE,FALSE,FALSE,FALSE,FALSE,0,|theator actor bts vlogs,
233,UCzKFvBRI6VT3jYJq6a820nA,FALSE,FALSE,FALSE,FALSE,FALSE,FALSE,FALSE,FALSE,0,|right-leaning provocateur,
234,UCLwNTXWEjVd2qIHLcXxQWxA,FALSE,FALSE,FALSE,FALSE,FALSE,FALSE,TRUE,FALSE,0,|right-leaning podcast|TimCast IRL,
235,UC_O9W9I7friSM2VRZO1ofQQ,FALSE,FALSE,FALSE,FALSE,FALSE,FALSE,FALSE,FALSE,0,|music,
236,UCxDZs_ltFFvn0FDHT6kmoXA,FALSE,FALSE,FALSE,FALSE,FALSE,FALSE,FALSE,FALSE,0,|nan,
239,UC0M0rxSz3IF0CsSour1iWmw,FALSE,FALSE,FALSE,FALSE,FALSE,FALSE,FALSE,FALSE,0,|nan|nan,
240,UCnxGkOGNMqQEUMvroOWps6Q,FALSE,FALSE,FALSE,FALSE,FALSE,FALSE,,TRUE,1,|JRE|nan,
241,UC2kkU18MIJpUaCdokZj3_kQ,FALSE,FALSE,FALSE,FALSE,FALSE,FALSE,FALSE,FALSE,0,"|nan|trolling liberals, Zeducation",satire
242,UCD6TPU-PvTMvqgzC_AM7_uA,FALSE,FALSE,FALSE,FALSE,FALSE,FALSE,FALSE,FALSE,0,|nan|profile of people,
245,UCGo7_vRRwqzBK5mteHEpd4A,FALSE,FALSE,FALSE,FALSE,FALSE,FALSE,FALSE,FALSE,0,|Halo,
246,UCzwAr7ne4CzL-DHpPcVN-PA,FALSE,FALSE,,,,,,,0,|PainKiller Already podcast,
248,UCGL3sFz3hi8KvxkLBJUnx1g,FALSE,FALSE,,,,,,,0,|critiques 'anti-white' racism,
249,UCd1yjHMjahhWKUnl2qRyo0A,FALSE,FALSE,FALSE,FALSE,FALSE,FALSE,FALSE,FALSE,0,|nan,
250,UCwUizOU8pPWXdXNniXypQEQ,FALSE,FALSE,FALSE,FALSE,FALSE,FALSE,TRUE,FALSE,0,|parody videos critiquing wokeism|pro-Trump comedian,
251,UCXmyMqRPmZehbpOMkejHghQ,FALSE,FALSE,FALSE,FALSE,FALSE,FALSE,FALSE,FALSE,0,|vloggers,
252,UCGdWbUrKEj33BTLGLJYIwqg,FALSE,FALSE,,,,,,,0,|antimainstream podcast,
253,UCFQigjeYwLSH_cxO2kvehHQ,FALSE,FALSE,FALSE,FALSE,FALSE,FALSE,FALSE,FALSE,0,|channel removed,
254,UCssYFXSDifTjcznMGOroRkg,FALSE,FALSE,FALSE,FALSE,FALSE,FALSE,FALSE,FALSE,0,|nan,
255,UCvy9bjqfawiaE_CklFSdnzg,FALSE,FALSE,FALSE,FALSE,FALSE,FALSE,FALSE,FALSE,0,|nan,
257,UC7edjYPNhTm5LYJMT7UMt0Q,FALSE,FALSE,FALSE,FALSE,FALSE,FALSE,FALSE,FALSE,0,|nan,
259,UCvwo7Z0eSMpbyMSBE4Iryrg,FALSE,FALSE,FALSE,FALSE,FALSE,FALSE,FALSE,FALSE,0,|nan|nan|nan,
260,UC1X9HTMhyL4UpmjgkrN41oQ,FALSE,FALSE,FALSE,FALSE,FALSE,FALSE,FALSE,FALSE,0,|nan,
261,UCqrRTzfOja0j8-GWWkYKMeQ,FALSE,FALSE,FALSE,FALSE,FALSE,FALSE,FALSE,FALSE,0,|prayers,
262,UCPH70F0XnUqIG5sngFaxqFw,FALSE,FALSE,FALSE,FALSE,FALSE,FALSE,FALSE,FALSE,0,|nan,
264,UC_ynzI9eLoSV2wXXoURzSeQ,FALSE,FALSE,FALSE,FALSE,FALSE,FALSE,FALSE,FALSE,0,|video game,
265,UC0IqOHcZ4sJKD_J6gjKsUKQ,FALSE,FALSE,FALSE,FALSE,FALSE,FALSE,FALSE,FALSE,0,|nan,
266,UCFQMnBA3CS502aghlcr0_aw,FALSE,FALSE,,,,,,,0,|crypto news,
267,UCgyLr40aVhjktaDSvAVGpAg,FALSE,FALSE,FALSE,FALSE,FALSE,FALSE,FALSE,FALSE,0,|nan,
270,UCeUMNYWwulM_IZwQGGaY2VA,FALSE,FALSE,FALSE,FALSE,FALSE,FALSE,FALSE,FALSE,0,|nan,
271,UCUWKF25hTpteKU45j8bzBbA,FALSE,FALSE,FALSE,FALSE,FALSE,FALSE,FALSE,FALSE,0,|nan,
273,UCb1ANUIW7arUUDI-Mwz65rw,FALSE,FALSE,FALSE,FALSE,FALSE,FALSE,FALSE,FALSE,0,|music,
274,UClA-jNuyJKqN-xCm7KPG_XA,FALSE,FALSE,FALSE,FALSE,FALSE,FALSE,FALSE,FALSE,0,|code,
275,UC8yXAORaEiu-vnEOT8YLlxA,FALSE,FALSE,FALSE,FALSE,FALSE,FALSE,FALSE,FALSE,0,|music,
276,UC-8ywcgWTF2gMiPtrycZIcw,FALSE,FALSE,FALSE,FALSE,FALSE,FALSE,FALSE,FALSE,0,|water news|nan|nan,
279,UC12E3RFoZzw873OfYoXi55A,FALSE,FALSE,FALSE,FALSE,FALSE,FALSE,FALSE,FALSE,0,|midwest craft chat,
280,UC1yNl2E66ZzKApQdRuTQ4tw,FALSE,FALSE,FALSE,FALSE,FALSE,FALSE,FALSE,FALSE,0,|nan,
282,UCYTTC8FyL-32YYQIGIjZt2Q,FALSE,FALSE,FALSE,FALSE,FALSE,FALSE,FALSE,FALSE,0,|video games,
283,UCOpCXbrCHs8oqBEHteuFftw,FALSE,FALSE,,,,,,,0,|cumtown,
284,UC7vUM39odw3OEqeCYnJ6Weg,FALSE,FALSE,FALSE,FALSE,FALSE,FALSE,FALSE,FALSE,0,|video game,
285,UC9MAhZQQd9egwWCxrwSIsJQ,FALSE,FALSE,FALSE,FALSE,FALSE,FALSE,FALSE,FALSE,0,|nan|nan|nan,
286,UC9k-yiEpRHMNVOnOi_aQK8w,FALSE,FALSE,FALSE,FALSE,FALSE,FALSE,FALSE,FALSE,0,|nan|nan,
289,UCOVcAiUMS7RZ6RVUcrwAYXA,FALSE,FALSE,FALSE,FALSE,FALSE,FALSE,FALSE,FALSE,0,|nan,
290,UCYwVxWpjeKFWwu8TML-Te9A,FALSE,FALSE,,FALSE,FALSE,FALSE,FALSE,FALSE,0,|criminal psychology|nan,
291,UCMlgBm2kOuCSLhAu7_C7AZQ,FALSE,FALSE,,,,,,,0,|Sky News Australia fans,
292,UCzFOXkiyQiqdq2r5aUPF6Aw,FALSE,FALSE,FALSE,FALSE,FALSE,FALSE,FALSE,FALSE,0,|jiu-jitsu,
293,UCTzDJyA8dRtj3ZgYhLITHvA,FALSE,FALSE,FALSE,FALSE,FALSE,FALSE,FALSE,FALSE,0,|Mexican-interest news,
294,UC1bjWVLp2aaJmPcNbi9OOsw,FALSE,FALSE,FALSE,FALSE,FALSE,FALSE,FALSE,FALSE,0,|music,
295,UC06E4Y_-ybJgBUMtXx8uNNw,FALSE,FALSE,FALSE,FALSE,FALSE,FALSE,FALSE,FALSE,0,|scientist,
296,UCnYMOamNKLGVlJgRUbamveA,FALSE,FALSE,FALSE,FALSE,FALSE,FALSE,FALSE,FALSE,0,|nan|financial advice|nan,
298,UCPp9ZWtDG18S4svtwPQoTJw,FALSE,FALSE,FALSE,FALSE,FALSE,FALSE,FALSE,FALSE,0,|nan,
299,UCcfw3aIB3slSY1rjU7OGkZQ,FALSE,FALSE,FALSE,FALSE,FALSE,FALSE,FALSE,FALSE,0,|nan,
300,UCIpwPuJsrboNnf200oV8cWQ,FALSE,FALSE,FALSE,FALSE,FALSE,FALSE,FALSE,FALSE,0,|nan,
301,UCuF49lP5gkkw5L8HK3H6GJg,FALSE,FALSE,FALSE,FALSE,FALSE,FALSE,FALSE,FALSE,0,|nan|nan,
304,UCbxCR9QT9YTuUa4ONm7zAaA,FALSE,FALSE,FALSE,FALSE,FALSE,FALSE,FALSE,FALSE,0,|nan|german,
306,UCSu7x-J8ESHojsq8mCvFOZw,FALSE,FALSE,FALSE,FALSE,FALSE,FALSE,FALSE,FALSE,0,|bing central,
307,UCNKJhostw6KyfQUd2trZ3Sw,FALSE,FALSE,FALSE,FALSE,FALSE,FALSE,FALSE,FALSE,0,|country farmer,
308,UCp7NJD2Pbao4PQg1fePCL4Q,FALSE,FALSE,FALSE,FALSE,FALSE,FALSE,FALSE,FALSE,0,|bible study,
309,UCDnwlb3IQDPJtFysPUJbDFQ,FALSE,FALSE,FALSE,FALSE,FALSE,FALSE,FALSE,FALSE,0,|doctors,
310,UCupvZG-5ko_eiXAupbDfxWw,FALSE,FALSE,FALSE,FALSE,FALSE,FALSE,FALSE,FALSE,0,|CNN|nan|nan,
311,UCVSNOxehfALut52NbkfRBaA,FALSE,FALSE,,,,,,,0,|news,
312,UCojNA7ZvnmGuIvYnm44wl3Q,FALSE,FALSE,FALSE,FALSE,FALSE,FALSE,FALSE,FALSE,0,|local news|nan,
313,UChDKyKQ59fYz3JO2fl0Z6sg,FALSE,FALSE,FALSE,FALSE,TRUE,FALSE,FALSE,FALSE,0,|NBC Today|NBC Today,
314,UCAeWdyKJXGWmVAXFpgLNNTg,FALSE,FALSE,,,,,,,0,|CBC Evening news,
317,UChqUTb7kYRX8-EiaN3XFrSQ,FALSE,FALSE,FALSE,FALSE,FALSE,FALSE,FALSE,FALSE,0,|nan|nan|nan|nan,
320,UCnetiRHPnIMBCm-yY4m69qA,FALSE,FALSE,FALSE,FALSE,FALSE,FALSE,FALSE,FALSE,0,|road rage dashcam videos,
322,UCVxfRg9nlAEsUjvgnONTrqA,FALSE,FALSE,FALSE,FALSE,FALSE,FALSE,FALSE,FALSE,0,|algorithmic trading,
323,UCktceZtn0Kxd53qjjM2KzqA,FALSE,FALSE,FALSE,FALSE,FALSE,FALSE,FALSE,FALSE,0,|FOX news|nan|not biased according to MBFC,
325,UCSEY9d6nzrS9yk2UWW6OYXA,FALSE,FALSE,FALSE,FALSE,FALSE,FALSE,FALSE,FALSE,0,|Compound Podcast hosted by Gavin McInnes (Alt-Lite),
326,UC6ZFN9Tx6xh-skXCuRHCDpQ,FALSE,FALSE,FALSE,FALSE,FALSE,FALSE,FALSE,FALSE,0,|PBS Newshour|nan,
327,UC51KgmIyNO6uqxb68sjgIXw,FALSE,FALSE,FALSE,FALSE,FALSE,FALSE,FALSE,FALSE,0,|antique explorer|remote areas and antiques|nan|remote traveler,
328,UCO-E34ZPoQ0bpSfKgOab5_A,FALSE,FALSE,FALSE,FALSE,FALSE,FALSE,FALSE,FALSE,0,|minecraft,
329,UCVveEFTOd6khhSXXnRhxJmg,FALSE,FALSE,FALSE,FALSE,FALSE,FALSE,FALSE,FALSE,0,|engineer,
331,UCvQECJukTDE2i6aCoMnS-Vg,FALSE,FALSE,FALSE,FALSE,FALSE,FALSE,FALSE,FALSE,0,|big think|science pop culture,
334,UCqNYK5QArQRZSIR8v6_FCfA,FALSE,FALSE,FALSE,FALSE,FALSE,FALSE,FALSE,FALSE,0,|nan|nan,
336,UC3gDEBGv2HJQOEB6N-cuSPA,FALSE,FALSE,FALSE,FALSE,FALSE,FALSE,FALSE,FALSE,0,|culture commentary (definitely critical of dramaticized religion but not religion itself?),
337,UC-r13SLLdZtZNmuC2bMnlmw,FALSE,FALSE,FALSE,FALSE,FALSE,FALSE,FALSE,FALSE,0,|nan,
338,UCHn4Z8uDj3O187-oevk0Bow,FALSE,FALSE,FALSE,FALSE,FALSE,FALSE,FALSE,FALSE,0,|movie deleted scenes|nan,
339,UC0gJOE0fHy2H4c2ina_8Bgw,FALSE,FALSE,TRUE,FALSE,FALSE,FALSE,FALSE,FALSE,0,|The Wonderful Truth|nan,
340,UCP5lp25rwv2lBCjpce0hi0A,FALSE,FALSE,FALSE,FALSE,FALSE,FALSE,FALSE,FALSE,0,|Slow rock,
341,UCKISdPdeNZ9avu_x4FK-cwA,FALSE,FALSE,TRUE,FALSE,FALSE,FALSE,FALSE,FALSE,0,|Atheist experience and anti-Christianity,
342,UC1dVfl5-I98WX3yCy8IJQMg,FALSE,FALSE,FALSE,FALSE,FALSE,FALSE,FALSE,FALSE,0,|nan|nan|nan,
343,UC3XTzVzaHQEd30rQbuvCtTQ,FALSE,FALSE,FALSE,FALSE,FALSE,FALSE,FALSE,FALSE,0,|nan,
344,UCNS3dqFGBPhxHmOigehpBeg,FALSE,FALSE,FALSE,FALSE,FALSE,FALSE,FALSE,FALSE,0,|nan|nan|nan,
345,UCO6DPUss5C5_sSIayQPJcXw,FALSE,FALSE,FALSE,FALSE,FALSE,FALSE,FALSE,FALSE,0,|nan|nan|nan,
346,UCrGmKFDbdQBz6MdL2JfSypw,FALSE,FALSE,FALSE,FALSE,FALSE,FALSE,FALSE,FALSE,0,|Korean minecraft,
347,UC7DN2g2KJ6MLASJDTpc-6pQ,FALSE,FALSE,FALSE,FALSE,FALSE,FALSE,FALSE,FALSE,0,|Comics,
348,UCGfgKimGJ4yueKEtFVPpHtw,FALSE,FALSE,FALSE,FALSE,FALSE,FALSE,FALSE,FALSE,0,|gentle rain|nan|nan,
349,UCDogdKl7t7NHzQ95aEwkdMw,,FALSE,FALSE,FALSE,FALSE,FALSE,,FALSE,0,|sidemen|nan|nan,
351,UCpIafFPGutTAKOBHMtGen7g,FALSE,FALSE,FALSE,FALSE,FALSE,FALSE,FALSE,FALSE,0,|memes,
352,UCBCi8RpchMBJaW5GZEgKhnA,FALSE,FALSE,FALSE,FALSE,FALSE,FALSE,FALSE,FALSE,0,|rain|nan|music,
355,UCJtRQLSP2bi7N0X9NhDV-yw,FALSE,FALSE,FALSE,FALSE,FALSE,FALSE,FALSE,FALSE,0,|nan,
356,UC7osqPCRB5KF4ppEuhX-w7w,FALSE,FALSE,FALSE,FALSE,FALSE,FALSE,FALSE,FALSE,0,|nan|nan,
357,UCD8AAvA3_JDFeOps-HzPPHg,FALSE,FALSE,FALSE,FALSE,FALSE,FALSE,FALSE,FALSE,0,|nan,
358,UC6BLQ4Po0euDOZq9gUgkWAQ,FALSE,FALSE,TRUE,FALSE,FALSE,FALSE,FALSE,FALSE,0,|nan,
361,UCT0X3_r12NwgteD22ZDTAlw,FALSE,FALSE,FALSE,FALSE,FALSE,FALSE,FALSE,FALSE,0,|video game memes,
362,UCwRJHlNjssU29Qh95qsLzdA,FALSE,FALSE,FALSE,FALSE,FALSE,FALSE,FALSE,FALSE,0,|movie clips,
363,UCigygyPkHm07o-wQvkET7Og,FALSE,FALSE,FALSE,FALSE,FALSE,FALSE,FALSE,FALSE,0,|music,
364,UCtPrkXdtCM5DACLufB9jbsA,FALSE,FALSE,FALSE,FALSE,FALSE,FALSE,FALSE,FALSE,0,|scary stories|nan,
365,UCJAEpBR_-pDaOqexRN_IWhg,FALSE,FALSE,FALSE,FALSE,FALSE,FALSE,FALSE,FALSE,0,|movies,
366,UCwxumlzLgn2c-x0Rnq1jOBQ,FALSE,FALSE,FALSE,FALSE,FALSE,FALSE,FALSE,FALSE,0,|not in english,
367,UCQcBeOSFQvB1kD0G37qeolA,FALSE,FALSE,FALSE,FALSE,FALSE,FALSE,FALSE,FALSE,0,|Bill Burr|nan,
368,UCVTyTA7-g9nopHeHbeuvpRA,FALSE,FALSE,FALSE,FALSE,FALSE,FALSE,FALSE,FALSE,0,|Late night|seth meyers,
370,UCz2RMMEv5CNrOKJhs7BvLpw,FALSE,FALSE,FALSE,FALSE,FALSE,FALSE,FALSE,FALSE,0,|nan,
371,UC6MFZAOHXlKK1FI7V0XQVeA,FALSE,FALSE,FALSE,FALSE,FALSE,FALSE,FALSE,FALSE,0,|vlogger,
374,UC0L1suV8pVgO4pCAIBNGx5w,FALSE,FALSE,FALSE,FALSE,FALSE,FALSE,FALSE,FALSE,0,|news|60 mins australia - not american news,
375,UCFXs_H4Cea1HE6Qm4oF0OzQ,FALSE,FALSE,FALSE,FALSE,FALSE,FALSE,FALSE,FALSE,0,|jewelry,
378,UCJ6r2gNypgR1HhgbM8ZFXMg,FALSE,FALSE,FALSE,FALSE,FALSE,FALSE,FALSE,FALSE,0,|nan,
379,UCzINPf7zTdcAoBlwUg0xfwA,FALSE,FALSE,FALSE,FALSE,FALSE,FALSE,FALSE,FALSE,0,|random vids,
380,UCptcS69pBLJfkOo3CT1b-Hg,FALSE,FALSE,FALSE,FALSE,FALSE,FALSE,FALSE,FALSE,0,|not english,
381,UCQFC6xLJy3NzxGXRkaPrlYQ,,FALSE,FALSE,FALSE,FALSE,FALSE,,FALSE,0,|study music|nan|nan,
383,UCqoAEDirJPjEUFcF2FklnBA,FALSE,FALSE,FALSE,FALSE,FALSE,FALSE,FALSE,FALSE,0,|startalk,
384,UCtRn3ZVlpRcKm4kxNeBFunA,FALSE,FALSE,FALSE,FALSE,FALSE,FALSE,FALSE,FALSE,0,|random,
386,UCs6SFkATW0gluwIWNuMuYYw,FALSE,FALSE,FALSE,FALSE,FALSE,FALSE,FALSE,FALSE,0,|news,
387,UClj8rx-qaFbnUiUUvt8Nb2Q,FALSE,FALSE,FALSE,FALSE,FALSE,FALSE,FALSE,FALSE,0,|audiobooks,
388,UCBPgTCG8SIOppv8F9CVSesg,FALSE,FALSE,FALSE,FALSE,FALSE,FALSE,FALSE,FALSE,0,|video games,
389,UCHXqfrBY1SxuMu2LMkEa6yQ,FALSE,FALSE,FALSE,FALSE,FALSE,FALSE,FALSE,FALSE,0,|monty python,
390,UCVHTypjbrXH-maZaIkwweJA,FALSE,FALSE,FALSE,FALSE,FALSE,FALSE,FALSE,FALSE,0,|news|nan,
391,UCofJu853kJKpkg4y5a-9YXg,FALSE,FALSE,FALSE,FALSE,FALSE,FALSE,FALSE,FALSE,0,|camping|nan,
393,UCWoMpx18YeSVuI7ObqEk8eg,FALSE,FALSE,FALSE,FALSE,FALSE,FALSE,FALSE,FALSE,0,|ancient history,
394,UCIGssa4o9aOlfSyOLuQmkEA,FALSE,FALSE,FALSE,FALSE,FALSE,FALSE,FALSE,FALSE,0,|old documentaries/clips|nan|old political interviews/speeches,
395,UC4aV8MV1xsaCMMCvoTnMVFw,FALSE,FALSE,FALSE,FALSE,FALSE,FALSE,FALSE,FALSE,0,|anime,
398,UCRbh9AMc9BIXw5MNCAf6DJw,FALSE,FALSE,FALSE,FALSE,FALSE,FALSE,FALSE,FALSE,0,|vlogger,
399,UCL1c_kVdgRMqTfUJgBIueEg,FALSE,FALSE,FALSE,FALSE,FALSE,FALSE,FALSE,FALSE,0,|boxing,
400,UCINb0wqPz-A0dV9nARjJlOQ,FALSE,FALSE,FALSE,FALSE,TRUE,FALSE,FALSE,FALSE,0,|nan|nan|nan,
402,UCUg9Iv_KnZwTulS0cEi_mJQ,FALSE,FALSE,FALSE,FALSE,FALSE,FALSE,FALSE,FALSE,0,|comedy,
403,UCnAXPljzDhPlUebmnGpVKUA,FALSE,FALSE,FALSE,FALSE,FALSE,FALSE,FALSE,FALSE,0,|nan,
404,UCm22FAXZMw1BaWeFszZxUKw,FALSE,FALSE,FALSE,FALSE,FALSE,FALSE,FALSE,FALSE,0,|nan|nan,
408,UCOB86WpguzlOEs4z93iZ7kA,FALSE,FALSE,FALSE,FALSE,FALSE,FALSE,FALSE,FALSE,0,|political commentary,
409,UC8p6aqja2so3hfQCwaiutow,FALSE,FALSE,FALSE,FALSE,FALSE,FALSE,FALSE,FALSE,0,"|Christian ""to-good-to-be-true"" stories",
410,UCKV0U8AoniJsHC32wkupUcg,FALSE,FALSE,FALSE,FALSE,FALSE,FALSE,FALSE,FALSE,0,|Christian university,
411,UCDbxft90MKWZeenWU0DCOEA,FALSE,FALSE,TRUE,FALSE,FALSE,FALSE,FALSE,FALSE,0,|former Christian now speaks from atheist perpsective,
412,UCcTzK_2JDmFYGnUiaUleQYg,FALSE,FALSE,FALSE,FALSE,FALSE,FALSE,FALSE,FALSE,0,|nan|nan,
413,UCrJNKa-OlCBez_qgWa5J-Ng,FALSE,FALSE,FALSE,FALSE,FALSE,FALSE,FALSE,FALSE,0,"|while self-proclaimed atheist and debunks conspiracy, most aren't Christianity-based",
414,UC2WUBo9QVTPo_AKZ8jn2pgA,FALSE,FALSE,FALSE,FALSE,FALSE,FALSE,FALSE,FALSE,0,|nan,
417,UClh4JeqYB1QN6f1h_bzmEng,FALSE,FALSE,FALSE,FALSE,FALSE,FALSE,FALSE,FALSE,0,|Christian,
418,UCsKwXPRyjFpX6nWRLssluvA,FALSE,FALSE,FALSE,FALSE,FALSE,FALSE,FALSE,FALSE,0,|Catholic,
419,UCJ80_CMnIOrKtMyFbIFIQ7A,FALSE,FALSE,FALSE,FALSE,FALSE,FALSE,FALSE,FALSE,0,|music,
420,UCBP1symGPqYIqi86gaXiX-Q,FALSE,FALSE,TRUE,FALSE,FALSE,FALSE,FALSE,FALSE,0,|nan,
421,UCI1XS_GkLGDOgf8YLaaXNRA,FALSE,FALSE,FALSE,FALSE,FALSE,FALSE,FALSE,FALSE,0,|memes,
423,UC64UiPJwM_e9AqAd7RiD7JA,FALSE,FALSE,FALSE,FALSE,FALSE,FALSE,FALSE,FALSE,0,|science explainer|nan,
424,UCg2vrLOhBWk7ZQy3pnzIYgQ,FALSE,FALSE,FALSE,FALSE,FALSE,FALSE,FALSE,FALSE,0,|Christian,
425,UCpxqW61XjxIX1UoSJDvP9IQ,FALSE,FALSE,FALSE,FALSE,FALSE,FALSE,FALSE,FALSE,0,|not in English,
427,UCXzOjBhzDwqfNfuUPyPTbBg,FALSE,FALSE,FALSE,FALSE,FALSE,FALSE,FALSE,FALSE,0,|nan,
428,UC4IFgmVjowpy8D7nXmFZL2A,FALSE,FALSE,FALSE,FALSE,FALSE,FALSE,FALSE,FALSE,0,|after-life experiences,
429,UCb0-X7G4bsL4JXFnwnJlFKw,FALSE,FALSE,FALSE,FALSE,FALSE,FALSE,FALSE,FALSE,0,|nan,
431,UC5ywKhhrwrMJRTRh4--XTxA,FALSE,FALSE,TRUE,FALSE,FALSE,FALSE,FALSE,FALSE,0,|nan,
432,UC_ccnTnSrMewh_u2zF-nE_Q,FALSE,FALSE,TRUE,FALSE,FALSE,FALSE,FALSE,FALSE,0,|normalizing atheism openly,
433,UCK5yjEWK4q1W6rvmOwxixlg,FALSE,FALSE,FALSE,FALSE,FALSE,FALSE,FALSE,FALSE,0,|music,
434,UCgBg0aacyJnw4qUnb1FlfEQ,FALSE,FALSE,FALSE,FALSE,FALSE,FALSE,FALSE,FALSE,0,|human astrology,
435,UC_IsGzVtEZi9jce-FAyWNIA,FALSE,FALSE,TRUE,FALSE,FALSE,FALSE,FALSE,FALSE,0,|Athiest Digest,
437,UCJNcAH2yzV3VAMYIGxCZ8_w,FALSE,FALSE,FALSE,FALSE,FALSE,FALSE,FALSE,FALSE,0,|nan,
438,UC07F26kHKkpW_qqvXzEGALA,FALSE,FALSE,FALSE,FALSE,FALSE,FALSE,FALSE,FALSE,0,|politics|very liberal and anti-right but just parody videos,satire
439,UCCND6a0H56zHL4YuY226ZOQ,FALSE,FALSE,FALSE,FALSE,FALSE,FALSE,FALSE,FALSE,0,|nan,
440,UCsvgGfKWsguK4eMcvuuJRgg,FALSE,FALSE,FALSE,FALSE,FALSE,FALSE,FALSE,FALSE,0,|nan|nan,
445,UCBGGH7R4dHfAaz7c9sVVnSA,FALSE,FALSE,FALSE,FALSE,FALSE,FALSE,FALSE,FALSE,0,|tools tested,
446,UCqcjrkLmAGO0rZqrGuR0bFA,FALSE,FALSE,FALSE,FALSE,FALSE,FALSE,FALSE,FALSE,0,|random vids,
451,UCLgTr0PFPCmvhgiuZ4d4xvw,FALSE,FALSE,FALSE,FALSE,FALSE,FALSE,FALSE,FALSE,0,|meme but make it learning,
452,UCIlU5KDHKFSaebYviKfOidw,FALSE,FALSE,FALSE,FALSE,FALSE,FALSE,FALSE,FALSE,0,|pop culture stories,
453,UClw8Huc_XZcz46GJh5Z0wuA,FALSE,FALSE,FALSE,FALSE,FALSE,FALSE,FALSE,FALSE,0,|nan|nan|nan,
454,UCA1y-4TJdVEcSMWN9OZfGSA,FALSE,FALSE,FALSE,FALSE,FALSE,FALSE,FALSE,FALSE,0,|farmer,
457,UCn4sPeUomNGIr26bElVdDYg,FALSE,FALSE,FALSE,FALSE,FALSE,FALSE,FALSE,FALSE,0,|nan,
460,UCIUUmjFnVeVSAi8HoYL-tzQ,FALSE,FALSE,FALSE,FALSE,FALSE,FALSE,FALSE,FALSE,0,|movie reviews,
461,UCZKmJOCoQXz3P5-O5e-IVuA,FALSE,FALSE,FALSE,FALSE,FALSE,FALSE,FALSE,FALSE,0,|guitar,
463,UCV-oV8yecSfMZnzdKAhO_4A,FALSE,FALSE,FALSE,FALSE,FALSE,FALSE,FALSE,FALSE,0,"|interesting facts|""beautiful moments"" but uses sex appeal in title cards ",
465,UCHd62-u_v4DvJ8TCFtpi4GA,FALSE,FALSE,FALSE,FALSE,TRUE,FALSE,FALSE,FALSE,0,|washington post|Washington Post,
466,UCJg9wBPyKMNA5sRDnvzmkdg,FALSE,FALSE,FALSE,FALSE,FALSE,FALSE,FALSE,FALSE,0,|nan|nan,
467,UCqISR0F9-nCth-V2r4Qy75Q,FALSE,FALSE,FALSE,FALSE,FALSE,FALSE,FALSE,FALSE,0,|culture commentary|nan,
468,UCIPMP_hV7LAeO4zMlBAOnrA,FALSE,FALSE,FALSE,FALSE,FALSE,FALSE,FALSE,FALSE,0,|nan|nan,
469,UCLfuXprbEt0hJhBymLhEUrg,FALSE,FALSE,FALSE,FALSE,FALSE,FALSE,FALSE,FALSE,0,|nan|nan,
470,UC7Kk1UNRnV3AVuu0CKnniCQ,FALSE,FALSE,FALSE,FALSE,FALSE,FALSE,FALSE,FALSE,0,|movies|old movies,
471,UCbEYjl3nDPLiltcmIjOGJdA,FALSE,FALSE,FALSE,FALSE,FALSE,FALSE,FALSE,FALSE,0,|catholic church,
474,UCJhjE7wbdYAae1G25m0tHAA,FALSE,FALSE,FALSE,FALSE,FALSE,FALSE,FALSE,FALSE,0,|music|nan|music|nan,
476,UCo9oQdIk1MfcnzypG3UnURA,FALSE,FALSE,FALSE,FALSE,TRUE,FALSE,FALSE,FALSE,0,|news commentary|The Rational National- memeing/gossiping the right,
477,UCnWi59TPymx0_qt7PX3VeNA,FALSE,FALSE,FALSE,FALSE,FALSE,FALSE,FALSE,FALSE,0,|music,
478,UCEAZeUIeJs0IjQiqTCdVSIg,FALSE,FALSE,FALSE,FALSE,TRUE,TRUE,FALSE,FALSE,1,|Yahoo finance,
479,UCH1oRy1dINbMVp3UFWrKP0w,FALSE,FALSE,FALSE,FALSE,FALSE,FALSE,FALSE,FALSE,0,|GMA|nan,
480,UC9lqW3pQDcUuugXLIpzcUdA,FALSE,FALSE,FALSE,FALSE,FALSE,FALSE,FALSE,FALSE,0,|old debates about politics|William Buckley Jr.,
481,UCCB1oLQY3XM86ACD05Lq4HQ,FALSE,FALSE,FALSE,FALSE,FALSE,FALSE,FALSE,FALSE,0,|nan|nan,
482,UCn-UILQzYyLZ-bKNpWVvMSg,FALSE,FALSE,FALSE,FALSE,FALSE,FALSE,FALSE,FALSE,0,|Fortnite videos,
483,UCKQECjul8nw1KW_JzfBTP1A,FALSE,FALSE,FALSE,FALSE,FALSE,FALSE,FALSE,FALSE,0,|least biased on MBFC,
484,UCcf1t1tH-Pp5bmu4hbAytwA,FALSE,FALSE,FALSE,FALSE,FALSE,FALSE,FALSE,FALSE,0,|financial advice|nan,not current events
486,UC00duOV3iYDuMNhbV4dwLSQ,FALSE,FALSE,FALSE,FALSE,FALSE,FALSE,FALSE,FALSE,0,|black screen,
487,UCY8J23P_GQHPoGh2XetHGdQ,FALSE,FALSE,FALSE,FALSE,FALSE,FALSE,FALSE,FALSE,0,|Chinese recipes,
488,UCd1fLoVFooPeWqCEYVUJZqg,FALSE,FALSE,FALSE,FALSE,FALSE,FALSE,FALSE,FALSE,0,|competitive eater,
489,UC0zYnUkhLrSqARPjfLFUn1w,FALSE,FALSE,FALSE,FALSE,FALSE,FALSE,FALSE,FALSE,0,|music,
490,UCcT6w3xUyVshyR2_2vrMp1w,FALSE,FALSE,FALSE,FALSE,FALSE,FALSE,FALSE,FALSE,0,|leased biased on MBFC (local news),
491,UCLAcytNR3gdw44yzoSiKluA,FALSE,FALSE,FALSE,FALSE,FALSE,FALSE,FALSE,FALSE,0,|nan|nan,
492,UCAQHQEO4QpI5dXtr3vLoFCg,FALSE,FALSE,FALSE,FALSE,FALSE,FALSE,FALSE,FALSE,0,|car details,
495,UC4PooiX37Pld1T8J5SYT-SQ,FALSE,FALSE,FALSE,FALSE,FALSE,FALSE,,FALSE,0,|taste testers|nan,
496,UCVuFPbAjTi3mqpH-0veJRWg,FALSE,FALSE,FALSE,FALSE,FALSE,FALSE,FALSE,FALSE,0,|nan,
497,UCX-USfenzQlhrEJR1zD5IYw,FALSE,FALSE,FALSE,FALSE,FALSE,FALSE,FALSE,FALSE,0,|music|music,
498,UCXAWX5r69jcqPTNAhXCSA7Q,FALSE,FALSE,FALSE,FALSE,FALSE,FALSE,FALSE,FALSE,0,|Elon Musk,
499,UClEaLQq1OzzfkLF4-0WSdrQ,FALSE,FALSE,FALSE,FALSE,FALSE,FALSE,FALSE,FALSE,0,|football,
500,UC4G10tk3AHFuyMIuD3rHOBA,FALSE,FALSE,FALSE,FALSE,FALSE,FALSE,FALSE,FALSE,0,|memes,
501,UC2rLSYDm92QMytS9yIkT8UQ,FALSE,FALSE,FALSE,FALSE,FALSE,TRUE,FALSE,FALSE,1,|local news not rated by MBFC,
505,UCs9inIUWuLZ7tdeNTMUkdsQ,FALSE,FALSE,FALSE,FALSE,FALSE,FALSE,FALSE,FALSE,0,|music,
507,UCDRmGMSgrtZkOsh_NQl4_xw,FALSE,FALSE,FALSE,FALSE,FALSE,FALSE,FALSE,FALSE,0,|Sports,
508,UC4GfN7q1C1m0z6cf2NkMg2w,FALSE,FALSE,FALSE,FALSE,FALSE,FALSE,FALSE,FALSE,0,|MTV-like???,purely entertainment news
509,UCc-qnwZdh1inVJxQEkjfHOg,FALSE,FALSE,FALSE,FALSE,FALSE,FALSE,FALSE,FALSE,0,|fighter planes,
510,UCH45_97Yjr4ePYPSuCxus3w,FALSE,FALSE,FALSE,FALSE,FALSE,FALSE,FALSE,FALSE,0,|random videos,
511,UCCYXa_5DYS2a636BDPSq9dw,FALSE,FALSE,FALSE,FALSE,FALSE,FALSE,FALSE,FALSE,0,|old footage,
512,UC52X5wxOL_s5yw0dQk7NtgA,FALSE,FALSE,FALSE,FALSE,TRUE,FALSE,FALSE,FALSE,0,|associated press|nan,
515,UCJL_gIOVp2fjfsKH4kbeEwA,FALSE,FALSE,FALSE,FALSE,TRUE,TRUE,FALSE,FALSE,1,|Bloomberg Law not on MBFC,
516,UClwpfRrrYs7SZW6JuimP8kw,FALSE,FALSE,FALSE,FALSE,FALSE,FALSE,FALSE,FALSE,0,|music,
517,UCT2X19JJaJGUN7mrYuImANQ,FALSE,FALSE,FALSE,FALSE,FALSE,FALSE,FALSE,FALSE,0,|AGT,
518,UCwBUwaTxztTPuSzIi2cjimw,FALSE,FALSE,FALSE,FALSE,FALSE,TRUE,FALSE,FALSE,1,|Charlie rose - not in MBFC,
519,UC9bMcW0MFzOAgfQ-7et47zw,FALSE,FALSE,FALSE,FALSE,TRUE,FALSE,FALSE,FALSE,0,|Rashard Richey - not in MBFC- but pretty clearly left,
520,UCcOJf3xZTQiliqHSo06vWtQ,FALSE,FALSE,FALSE,FALSE,FALSE,FALSE,FALSE,FALSE,0,|not in English,
522,UCdHp34ke51AhDCuGETD4qbA,FALSE,FALSE,FALSE,FALSE,FALSE,FALSE,FALSE,FALSE,0,|old stuff,
524,UCRS07TwUdb9hTnnX0r5CuxA,FALSE,FALSE,FALSE,FALSE,FALSE,FALSE,FALSE,FALSE,0,|video storytellers,
525,UCVSQvJyVQrTNywjgneZvgVw,FALSE,FALSE,FALSE,FALSE,FALSE,FALSE,FALSE,FALSE,0,|music,
526,UCdBLUNcdvIkbClZSCvBIx6A,FALSE,FALSE,FALSE,FALSE,FALSE,FALSE,FALSE,FALSE,0,|nature,
527,UCTw-N1U_A4wkBhZ2kwIeehA,FALSE,FALSE,FALSE,FALSE,FALSE,FALSE,FALSE,FALSE,0,|celebrity lives|nan,
528,UCgOOiul8KV82TfPnFgQRKTQ,FALSE,FALSE,FALSE,FALSE,FALSE,FALSE,FALSE,FALSE,0,|not in English,
531,UCIVk1L1-JmpdiGuZcVjImtA,FALSE,FALSE,FALSE,FALSE,FALSE,TRUE,FALSE,FALSE,1,|local news not in MBFC,
532,UCLgieSkFsORNiyc6M-CWdoA,FALSE,FALSE,FALSE,FALSE,FALSE,FALSE,FALSE,FALSE,0,|no content,
533,UCck0bLWMLnX_NhOL50eQDGQ,FALSE,FALSE,FALSE,FALSE,FALSE,FALSE,FALSE,FALSE,0,|not in English,
534,UCF4LEacx9sDvAbEJnlaJfKQ,FALSE,FALSE,FALSE,FALSE,TRUE,FALSE,FALSE,FALSE,0,|local news|local news KPIX CBS SF Bay Area,
536,UCBCR8mIRJ_ZbHa4IffEg9bQ,FALSE,FALSE,FALSE,FALSE,FALSE,FALSE,FALSE,FALSE,0,|pop culture,
539,UCNjGqISO6V2WFpOFWPC8pIw,FALSE,FALSE,FALSE,FALSE,FALSE,FALSE,FALSE,FALSE,0,|nan,
543,UCP1iRaFlS5EYjJBryFV9JPw,FALSE,FALSE,FALSE,FALSE,FALSE,FALSE,FALSE,FALSE,0,|movies,
544,UC8-Th83bH_thdKZDJCrn88g,FALSE,FALSE,FALSE,FALSE,FALSE,FALSE,FALSE,FALSE,0,|Jimmy Fallon (not contemporary news primarily),
545,UCDH6Mn2bhXA83FoSX4H802w,FALSE,FALSE,FALSE,FALSE,FALSE,FALSE,FALSE,FALSE,0,|fashion,
546,UCuXT13wiqK56NR7QSfDWpvg,FALSE,FALSE,FALSE,FALSE,FALSE,FALSE,FALSE,FALSE,0,|Local news|local news (leased biased according to MBFC),
547,UCrPq2ekHx2vZtuyG3wUx0_g,FALSE,FALSE,FALSE,FALSE,FALSE,FALSE,FALSE,FALSE,0,|historical,
548,UCOE5_SEwARp2l83msu2X7Lg,FALSE,FALSE,FALSE,FALSE,FALSE,FALSE,FALSE,FALSE,0,|karma videos,
549,UC5hHM86_OBIky7wCIFVJcfg,FALSE,FALSE,FALSE,FALSE,FALSE,FALSE,FALSE,FALSE,0,|music,
551,UCUfsbWIraXIl7a6HKSJINUg,FALSE,FALSE,FALSE,FALSE,FALSE,FALSE,FALSE,FALSE,0,|nan,
552,UCzfW1jg9hCGW82-NbmR5l0Q,FALSE,FALSE,FALSE,FALSE,FALSE,FALSE,FALSE,FALSE,0,|tv show,
554,UCT1yd7gEOrja_gecmA1lT0Q,FALSE,FALSE,FALSE,FALSE,FALSE,FALSE,FALSE,FALSE,0,|long-termist,not current events
555,UCIYLOcEUX6TbBo7HQVF2PKA,FALSE,FALSE,FALSE,FALSE,FALSE,FALSE,FALSE,FALSE,0,|not american news|nan,
556,UCK0UUsCjtMRNtS3BPh1Yc4w,FALSE,FALSE,FALSE,FALSE,TRUE,TRUE,FALSE,FALSE,1,|local news not in MBFC,
558,UCxgJZxXviSbPbEMrsO6DpuQ,FALSE,FALSE,FALSE,FALSE,FALSE,FALSE,FALSE,FALSE,0,|japanese culture,
559,UCJW3ePyqjsvKfHGsz7eetQA,FALSE,FALSE,FALSE,FALSE,FALSE,FALSE,FALSE,FALSE,0,|nan|nan,
561,UCprs0DXUS-refN1i8FkQkdg,FALSE,FALSE,FALSE,FALSE,FALSE,FALSE,FALSE,FALSE,0,|atheism,
563,UC_TdKT4E5udw-CmK3FWDsxA,FALSE,FALSE,FALSE,FALSE,FALSE,FALSE,FALSE,FALSE,0,|cats,
564,UCdtXPiqI2cLorKaPrfpKc4g,FALSE,FALSE,FALSE,FALSE,FALSE,FALSE,FALSE,FALSE,0,|entertainment tonight,
565,UC3vpdyeYFQPLWY7fABkXaaA,FALSE,FALSE,FALSE,FALSE,FALSE,FALSE,FALSE,FALSE,0,|not contemporary,
566,UCxDs8x5wvKwGR4nuER6h87A,FALSE,FALSE,FALSE,FALSE,FALSE,FALSE,FALSE,FALSE,0,|music,
567,UCIveaClkeExpIHjNNLjHawQ,FALSE,FALSE,FALSE,FALSE,FALSE,FALSE,FALSE,FALSE,0,|nan,
569,UCjXB7nX8bL2U2sje8d212Yw,FALSE,FALSE,FALSE,FALSE,FALSE,FALSE,FALSE,FALSE,0,|nan,
570,UC4a0kbdAhi-Rw4MrGxZdwgg,FALSE,FALSE,FALSE,FALSE,FALSE,FALSE,FALSE,FALSE,0,|bass player,
571,UCV3QJnEqBfenLa5uE1feTZw,FALSE,FALSE,FALSE,FALSE,FALSE,FALSE,FALSE,FALSE,0,|piano tutorials,
572,UCqFzWxSCi39LnW1JKFR3efg,FALSE,FALSE,FALSE,FALSE,FALSE,FALSE,FALSE,FALSE,0,|SNL|SNL,
573,UCLtKal0qTf3klDUr7JS_L9Q,FALSE,FALSE,FALSE,FALSE,FALSE,FALSE,FALSE,FALSE,0,|nan,
574,UCVfcVnPae2JerM0iRT82aVQ,FALSE,FALSE,FALSE,FALSE,FALSE,FALSE,FALSE,FALSE,0,|agriculturalist|nan,
575,UC5UYMeKfZbFYnLHzoTJB1xA,FALSE,FALSE,FALSE,FALSE,FALSE,FALSE,FALSE,FALSE,0,|TV shows and movies,
576,UCpYCxV51bykhMY-wSUozQRg,FALSE,FALSE,FALSE,FALSE,TRUE,FALSE,FALSE,FALSE,0,|Lincoln Project,
577,UCLKVY6H6OlG4lZoxGXiX12w,FALSE,FALSE,FALSE,FALSE,FALSE,FALSE,FALSE,FALSE,0,|mostly sport,
578,UCFLRxVeYcB1H7DbuYZQG-lg,FALSE,FALSE,FALSE,FALSE,TRUE,FALSE,FALSE,FALSE,0,|Laura Flanders show (obvious from title cards),
580,UCXoLbP-9GbhHJZpCQP5TR5A,FALSE,FALSE,FALSE,FALSE,FALSE,FALSE,FALSE,FALSE,0,|hair growth,
581,UCQAItP_rqJT4hLvm8m6Tglg,FALSE,FALSE,FALSE,FALSE,FALSE,FALSE,FALSE,FALSE,0,|farming,
583,UCoLrcjPV5PbUrUyXq5mjc_A,FALSE,FALSE,FALSE,FALSE,FALSE,FALSE,FALSE,FALSE,0,|MLB,
584,UC2jdnxPdJqfYxgv_7WldOkg,FALSE,FALSE,FALSE,FALSE,FALSE,FALSE,FALSE,FALSE,0,|removed,
585,UCe76WUIHUNffiujHMjM_TcQ,FALSE,FALSE,FALSE,FALSE,FALSE,FALSE,FALSE,FALSE,0,|book discussions,
586,UCl9IwlpNczNQllEfeIrzscQ,FALSE,FALSE,FALSE,FALSE,FALSE,FALSE,FALSE,FALSE,0,|financial advice,
589,UC8DqX2suQgja8Hr3Y9lKUOA,FALSE,FALSE,FALSE,FALSE,FALSE,FALSE,FALSE,FALSE,0,|rollerskating,
590,UC3SavWiENFTi57igE7jtUoA,FALSE,FALSE,FALSE,FALSE,FALSE,FALSE,FALSE,FALSE,0,|food,
591,UCL4_CBrpbcbbkiQ_isN7dcw,FALSE,FALSE,FALSE,FALSE,TRUE,TRUE,FALSE,FALSE,1,|Boyce Watkins black commentator not clear,
592,UCQED9xEETLe_FCkW3ZosxZA,FALSE,FALSE,FALSE,FALSE,FALSE,FALSE,FALSE,FALSE,0,|vlogging,
593,UCmGSJVG3mCRXVOP4yZrU1Dw,FALSE,FALSE,FALSE,FALSE,FALSE,FALSE,FALSE,FALSE,0,|history,
595,UC_7S9a3WGLyzK9qWna0O-xQ,FALSE,FALSE,FALSE,FALSE,FALSE,FALSE,FALSE,FALSE,0,|news bloopers,
597,UCbJTZqEKFPCRocBdn_8eaYA,FALSE,FALSE,FALSE,FALSE,FALSE,FALSE,FALSE,FALSE,0,|music,
598,UCCvcd0FYi58LwyTQP9LITpA,FALSE,FALSE,FALSE,FALSE,FALSE,FALSE,FALSE,FALSE,0,|Interviewing America's most vulnerable,
599,UCu6H0owNo5Cm_J2znpYBjGA,FALSE,FALSE,FALSE,FALSE,FALSE,FALSE,FALSE,FALSE,0,|disasters,
600,UCZxnJTRtX2sS9lQTM1r8Ubg,FALSE,FALSE,FALSE,FALSE,FALSE,FALSE,FALSE,FALSE,0,|mostly sports,
601,UC2riFSCQZeuGMxEqwJVLHng,FALSE,FALSE,FALSE,FALSE,FALSE,FALSE,FALSE,FALSE,0,|music,
605,UChaEeYV0iibwFqrmFYTweVA,FALSE,FALSE,FALSE,FALSE,FALSE,FALSE,FALSE,FALSE,0,|real world police|police body cams,
606,UCRAAdF42hZcTHAorbbDuivw,FALSE,FALSE,FALSE,FALSE,FALSE,FALSE,FALSE,FALSE,0,|thrill seeking nature adventours,
609,UCNgx-Z1eXTDywl8Z6mX_6mw,FALSE,FALSE,FALSE,FALSE,FALSE,FALSE,FALSE,FALSE,0,|not in English,
610,UCwVQIkAtyZzQSA-OY1rsGig,FALSE,FALSE,FALSE,FALSE,FALSE,FALSE,FALSE,FALSE,0,|nan,
613,UCzsfa_xBwTsUGFnMPU-W6Cg,FALSE,FALSE,FALSE,FALSE,FALSE,FALSE,FALSE,FALSE,0,|minecraft,
614,UCr1TEhHFn8jEXraaZ1lslhQ,FALSE,FALSE,FALSE,FALSE,FALSE,FALSE,FALSE,FALSE,0,|football,
615,UCUaT_39o1x6qWjz7K2pWcgw,FALSE,FALSE,FALSE,FALSE,FALSE,FALSE,FALSE,FALSE,0,|Mr Beast|Mr Beast reacts,
616,UC88lvyJe7aHZmcvzvubDFRg,FALSE,FALSE,FALSE,FALSE,FALSE,FALSE,FALSE,FALSE,0,|documentaries,
617,UCY1kMZp36IQSyNx_9h4mpCg,FALSE,FALSE,FALSE,FALSE,,FALSE,FALSE,FALSE,0,|crazy stuff|nan,
618,UCjzHeG1KWoonmf9d5KBvSiw,FALSE,FALSE,FALSE,FALSE,FALSE,FALSE,FALSE,FALSE,0,|relaxation,
620,UCuCuEKq1xuRA0dFQj1qg9-Q,FALSE,FALSE,FALSE,FALSE,FALSE,FALSE,FALSE,FALSE,0,|war history,
622,UCGCndz0n0NHmLHfd64FRjIA,FALSE,FALSE,FALSE,FALSE,FALSE,FALSE,FALSE,FALSE,0,|space launches,
623,UCdqp0KK_Io7TwK5cJMBvB0Q,,FALSE,,FALSE,FALSE,FALSE,FALSE,FALSE,0,|nan|nan|nan,
625,UC2BDs0pu-C1A4POY0g9rZxw,FALSE,FALSE,FALSE,FALSE,FALSE,FALSE,FALSE,FALSE,0,|dogs,
626,UCpbClyFMuJQJJH7skfiVeQg,FALSE,FALSE,FALSE,FALSE,FALSE,FALSE,FALSE,FALSE,0,|travel,
628,UCRGiFDEn6naVP1UQSeViIdQ,FALSE,FALSE,FALSE,FALSE,FALSE,FALSE,FALSE,FALSE,0,|car restoration,
630,UCBD4g77Q1iNyi5hhDjvyxVA,FALSE,FALSE,FALSE,FALSE,FALSE,FALSE,FALSE,FALSE,0,|bible,
631,UCT9MwroiU4toUVPMwbFNbUA,FALSE,FALSE,FALSE,FALSE,FALSE,FALSE,FALSE,FALSE,0,|personal videos,
632,UClDp9X_yajuNbBkD0xLprHQ,FALSE,FALSE,FALSE,FALSE,FALSE,FALSE,FALSE,FALSE,0,|local football,
635,UCeZoKzVi_FCb9a-96XqU5iQ,FALSE,FALSE,FALSE,FALSE,FALSE,FALSE,FALSE,FALSE,0,|country music,
637,UCp-mnssZd4X2bgIcekaNfgA,FALSE,FALSE,FALSE,FALSE,FALSE,FALSE,FALSE,FALSE,0,|restorations,
638,UCwkFBQ2Y6jZzrF3GR2YSxWA,FALSE,FALSE,FALSE,FALSE,FALSE,FALSE,FALSE,FALSE,0,|christian sermons,
641,UC073quTeFarhKNe8ZuC6Qig,FALSE,FALSE,FALSE,FALSE,FALSE,FALSE,FALSE,FALSE,0,|building stuff,
642,UCb--64Gl51jIEVE-GLDAVTg,FALSE,FALSE,FALSE,FALSE,FALSE,FALSE,FALSE,TRUE,1,|cspan,
644,UCQDc5idYQE2T6IYKT3bUN7A,FALSE,FALSE,FALSE,FALSE,FALSE,FALSE,FALSE,FALSE,0,|not American news,
645,UCWVtfF1bruHma0FuPH519fQ,FALSE,FALSE,FALSE,FALSE,FALSE,FALSE,FALSE,FALSE,0,|leadership videos,
647,UCkpBmkoZ6yToHhB8uFDp46Q,FALSE,FALSE,FALSE,FALSE,FALSE,FALSE,FALSE,FALSE,0,|spiritual,
649,UC7NlqUnIUoSkDJxS-xlxqtQ,FALSE,FALSE,FALSE,FALSE,FALSE,FALSE,TRUE,FALSE,0,|pretty clearly right slant with their leading video cards,
650,UCu1j1DdF9zsygZymswAI0EQ,FALSE,FALSE,FALSE,FALSE,FALSE,FALSE,FALSE,FALSE,0,|motorcycle rides,
651,UCIOW_qxnFZS-xOhdUeCl7-g,FALSE,FALSE,FALSE,FALSE,FALSE,FALSE,TRUE,FALSE,0,|Trump 2024|Meme-ing the left (IDW???),
654,UCqyfPEUr8B8XnVCkJhyGVgQ,FALSE,FALSE,FALSE,FALSE,FALSE,FALSE,FALSE,FALSE,0,|jewelry,
655,UCzLvPLGE-pwlI5pwNHziOEQ,FALSE,FALSE,FALSE,FALSE,FALSE,FALSE,FALSE,FALSE,0,|music,
656,UC5NMue42pUHGRT_qO0G3JWg,FALSE,FALSE,FALSE,FALSE,FALSE,FALSE,TRUE,FALSE,0,|Steamboat Institute,
660,UCK82YqO2yJ3KfW3qqjFL-Cw,FALSE,FALSE,FALSE,FALSE,FALSE,FALSE,FALSE,FALSE,0,|guns,not about currnet political events
661,UCFNafDQVdM63HV_P526iEDw,FALSE,FALSE,FALSE,FALSE,FALSE,FALSE,FALSE,FALSE,0,|church,not about currnet political events
662,UCtMWEs-0VzhOboqaGomEHuQ,FALSE,FALSE,FALSE,FALSE,FALSE,FALSE,TRUE,FALSE,0,|nan,
663,UC5DZ4oicRvd_rCK7zxTBXFQ,FALSE,FALSE,FALSE,FALSE,FALSE,FALSE,TRUE,FALSE,0,|not mostly news,Devin Gibson politics some satire plus arguments
664,UC3heSSZWju0ymDQo7jZQJ9g,FALSE,FALSE,FALSE,FALSE,FALSE,FALSE,FALSE,FALSE,0,|doesn't exist,
665,UCIzXayRP7-P0ANpq-nD-h5g,FALSE,FALSE,FALSE,FALSE,FALSE,FALSE,TRUE,FALSE,0,|The Sun UK (MBFC),
669,UC6jH5GNi0iOR17opA1Vowhw,FALSE,FALSE,FALSE,FALSE,FALSE,FALSE,FALSE,FALSE,0,|music,
671,UC0roXBZyNc9cd0e2CLUUZdA,FALSE,FALSE,FALSE,FALSE,FALSE,FALSE,FALSE,FALSE,0,|wingmam,
674,UC3Y1Q5AztrKYVLGYtYRc77w,FALSE,FALSE,FALSE,FALSE,FALSE,FALSE,FALSE,FALSE,0,|kids art,
675,UCyo-xnC9B2qbnA1l_k8OVYQ,FALSE,FALSE,FALSE,FALSE,FALSE,FALSE,FALSE,FALSE,0,|music,
676,UCfWNZIJkm268rLO_yeRlcww,FALSE,FALSE,FALSE,FALSE,FALSE,FALSE,FALSE,FALSE,0,|music,
677,UCmbm72l60p3OH4aL4o7BFeA,FALSE,FALSE,FALSE,FALSE,FALSE,FALSE,FALSE,FALSE,0,|not US,
678,UCkx7XQq5ptv_DijY2WucqIg,FALSE,FALSE,FALSE,FALSE,FALSE,FALSE,FALSE,FALSE,0,|random,
681,UCeKUSiFcCSJo1RrY_-cV_0A,,FALSE,FALSE,FALSE,FALSE,FALSE,FALSE,FALSE,0,|jordan peterson fan|nan,
682,UCMRVo2wLXb-t-lYsgq4TfCg,FALSE,FALSE,FALSE,FALSE,FALSE,FALSE,FALSE,FALSE,0,|not US,
683,UCIHdDJ0tjn_3j-FS7s_X1kQ,FALSE,FALSE,FALSE,FALSE,FALSE,FALSE,FALSE,FALSE,0,"|valuetainment|culture and financial urban myths (if anything, political right because pro-Elon and pro-Tate)",
684,UCaXkIU1QidjPwiAYu6GcHjg,FALSE,FALSE,FALSE,FALSE,FALSE,FALSE,FALSE,FALSE,0,|nan,
685,UCBnMxlW70f0SB4ZTJx124lw,FALSE,FALSE,FALSE,FALSE,FALSE,FALSE,FALSE,FALSE,0,|music,
686,UCqKoZtaHtAoIcDzHxpXA6jg,FALSE,FALSE,FALSE,FALSE,FALSE,FALSE,FALSE,FALSE,0,|christianity,not current political events
687,UCX2g_5wqEZjeb4Qo06UgFTA,FALSE,FALSE,FALSE,FALSE,FALSE,FALSE,FALSE,FALSE,0,"|shortened, memified left pwns",purely satire
688,UCJpSwP0LMym6KxX4XqAXLTQ,FALSE,FALSE,FALSE,FALSE,FALSE,FALSE,FALSE,FALSE,0,|history,
689,UCe5locizDUHm-Vaab5ljJsw,FALSE,FALSE,FALSE,FALSE,FALSE,FALSE,FALSE,FALSE,0,|vlog,
691,UCL_f53ZEJxp8TtlOkHwMV9Q,FALSE,FALSE,FALSE,FALSE,FALSE,FALSE,TRUE,FALSE,0,|Jordan Peterson|Jordan Peterson,
693,UCUZAUoL2_bd9cR8R5T_iSlQ,FALSE,FALSE,FALSE,FALSE,FALSE,FALSE,FALSE,FALSE,0,|memed liberal gaffs|right wing,
694,UCqQ9Rc755fINqTiEXueGIbw,FALSE,FALSE,FALSE,FALSE,FALSE,FALSE,FALSE,FALSE,0,|music,
695,UC7u2HaYBKDaLPcWmldxgGEA,FALSE,FALSE,FALSE,FALSE,FALSE,FALSE,FALSE,FALSE,0,|nan,
697,UCVXKabRhXSQXh_U0au5JSzQ,FALSE,FALSE,FALSE,FALSE,FALSE,FALSE,FALSE,FALSE,0,|nan,
698,UCvK4bOhULCpmLabd2pDMtnA,FALSE,FALSE,FALSE,FALSE,FALSE,FALSE,FALSE,FALSE,0,|challenge dude,
699,UCWw4HqQcexuZfeFd4XLrNNg,FALSE,FALSE,FALSE,FALSE,FALSE,FALSE,FALSE,FALSE,0,|nan,
700,UCg4ylyDdBvPK8lRjWyhH_qw,FALSE,FALSE,FALSE,FALSE,FALSE,FALSE,FALSE,FALSE,0,|guns,
703,UCnfTAweXNp_rfrh0G3iuOUQ,FALSE,FALSE,FALSE,FALSE,FALSE,FALSE,FALSE,FALSE,0,|guns,
704,UCNXvmGafmrtJ7VPSqjRRbwg,FALSE,FALSE,FALSE,FALSE,FALSE,FALSE,FALSE,FALSE,0,|campfire horror,
706,UCRNnYXD8Elz5zwKQ2jAcbAg,FALSE,FALSE,FALSE,FALSE,FALSE,FALSE,FALSE,FALSE,0,|history of stuff,
708,UCbbmL402PQpaMMsZX0cGVlA,FALSE,FALSE,FALSE,FALSE,FALSE,FALSE,FALSE,FALSE,0,|nan,
709,UCi4Yjf8FrwLPn0JZGDlo6hA,FALSE,FALSE,FALSE,FALSE,FALSE,FALSE,FALSE,FALSE,0,|old clips of Hillary Cliton,
710,UCBvc7pmUp9wiZIFOXEp1sCg,FALSE,FALSE,FALSE,FALSE,FALSE,FALSE,FALSE,FALSE,0,|guns,
711,UCJLZe_NoiG0hT7QCX_9vmqw,FALSE,FALSE,FALSE,FALSE,FALSE,FALSE,FALSE,FALSE,0,|mr beast like|nan|Personal challenges,
712,UC09Fia5XvD_JHUmllOBkhXA,FALSE,FALSE,FALSE,FALSE,FALSE,FALSE,FALSE,FALSE,0,|nan,
716,UC5YKivGUTTQmhSuaXbxfZSg,FALSE,FALSE,FALSE,FALSE,FALSE,FALSE,FALSE,TRUE,1,|financial advice,current financial news
717,UCvCYE-3TrY1GAe2l8K08N-w,FALSE,FALSE,FALSE,FALSE,FALSE,FALSE,FALSE,FALSE,0,|science,
720,UCmOCpBKeoBPp-HwarhIBA2g,FALSE,FALSE,FALSE,FALSE,FALSE,FALSE,FALSE,FALSE,0,|nan,
721,UC-KRRiQ0I4RAC8Ho2gSET1A,FALSE,FALSE,FALSE,FALSE,FALSE,FALSE,FALSE,FALSE,0,|sports,
723,UCRbVxP-tsDqWubrrZo9yeLg,FALSE,FALSE,FALSE,FALSE,FALSE,FALSE,FALSE,FALSE,0,|not English,
730,UC81DuEHqyRUGhj6rMcEP6cw,FALSE,FALSE,FALSE,FALSE,FALSE,FALSE,FALSE,FALSE,0,|Japanese,
732,UCJI4ZOQ_0R1HbWmIPY3DTLg,FALSE,FALSE,FALSE,FALSE,FALSE,FALSE,FALSE,FALSE,0,|emergency responses,
734,UC3dj5GTfwq6CFXyleL9BNhQ,FALSE,FALSE,FALSE,FALSE,FALSE,FALSE,FALSE,FALSE,0,|Korean beauty,
735,UCHnyfMqiRRG1u-2MsSQLbXA,FALSE,FALSE,FALSE,FALSE,FALSE,FALSE,FALSE,FALSE,0,|nan|science guy,
736,UCSNpKEljp_Yqlo-1lUpnJNg,FALSE,FALSE,FALSE,FALSE,FALSE,FALSE,FALSE,FALSE,0,|Animals and military,
737,UCk7Pn9IsVZHH1hKCMiTgvlA,FALSE,FALSE,FALSE,FALSE,FALSE,FALSE,FALSE,FALSE,0,|Korean gaming,
738,UCSUf5_EPEfl4zlBKZHkZdmw,FALSE,FALSE,FALSE,FALSE,FALSE,FALSE,FALSE,FALSE,0,|nan|famous young vlogger,
739,UCDITPPg2yh6rVP6KCj_7S6g,FALSE,FALSE,FALSE,FALSE,FALSE,FALSE,FALSE,FALSE,0,|music,
740,UCidJftClM4kU1196YynvqXg,FALSE,FALSE,FALSE,FALSE,FALSE,FALSE,FALSE,FALSE,0,|tiny home tours,
741,UCGlHivrjIrXDkAWpAjjvZrw,FALSE,FALSE,FALSE,FALSE,FALSE,FALSE,FALSE,FALSE,0,|English lessons,
742,UC0Kgvj5t_c9EMWpEDWJuR1Q,FALSE,FALSE,FALSE,FALSE,FALSE,FALSE,FALSE,FALSE,0,|DJ Khaled,
745,UCvWMErImdeJKAuai7uGnX4A,FALSE,FALSE,FALSE,FALSE,FALSE,FALSE,FALSE,FALSE,0,|Vanpeth Lifestyle,
746,UCMvJWHpw16t0SBbeqQ7SztA,FALSE,FALSE,FALSE,FALSE,FALSE,FALSE,FALSE,FALSE,0,|memes,
747,UChMeRHAMeiYk8gsABu3eS9g,FALSE,FALSE,FALSE,FALSE,FALSE,FALSE,FALSE,FALSE,0,|Korean kids show,
748,UCPgcmbfStmXDCWh8KmpyUDA,FALSE,FALSE,FALSE,FALSE,FALSE,FALSE,FALSE,FALSE,0,|Vlogging,
750,UCtBvgENFSqmWIJ_OmCcZtRA,FALSE,FALSE,FALSE,FALSE,FALSE,FALSE,FALSE,FALSE,0,|Kittens and music,
751,UCZO_rA62WyBZCeTTW6BSjvQ,FALSE,FALSE,FALSE,FALSE,FALSE,FALSE,FALSE,FALSE,0,|Domestic and abroad hero stories of military members,
753,UChd1FPXykD4pust3ljzq6hQ,FALSE,FALSE,FALSE,FALSE,FALSE,FALSE,FALSE,FALSE,0,|gamer,
754,UCSHZKyawb77ixDdsGog4iWA,,FALSE,FALSE,FALSE,FALSE,FALSE,FALSE,FALSE,0,|nan,
755,UC6o-wWU-v2ClFMwougmK7dA,FALSE,FALSE,,,,,,,0,|BBC Newsnight,
756,UCjzc6KWjzKosSGw0VkIHaaw,FALSE,FALSE,FALSE,FALSE,FALSE,FALSE,FALSE,FALSE,0,|nan|Danica Patrick show- no current events (so cannot be politics either),
757,UCJFsqZrkiTLXpJac-jMMxFA,FALSE,FALSE,FALSE,FALSE,FALSE,FALSE,FALSE,FALSE,0,|French game collector,
760,UCtOdHuKfct5Wv5TYdnVs-rQ,FALSE,FALSE,FALSE,FALSE,FALSE,FALSE,FALSE,FALSE,0,|nan|home videos,
761,UC0KkQzV-XvTLTToZbs2PrBw,TRUE,FALSE,FALSE,FALSE,FALSE,FALSE,FALSE,FALSE,0,|nan,
762,UCSCgPvbLl_q_t2sy3pxBfnw,FALSE,FALSE,FALSE,FALSE,FALSE,FALSE,FALSE,FALSE,0,|music,
764,UCdffptcvDrBiQVnDjHXRpcA,FALSE,FALSE,FALSE,FALSE,FALSE,FALSE,FALSE,FALSE,0,|Gavin McInnes (Alt-Lite),
765,UCxBN8XjD1Cgh376DMHTPdYg,FALSE,FALSE,FALSE,FALSE,FALSE,FALSE,FALSE,FALSE,0,|not English,
766,UCI5F3u2GH1UDL83dzd08bDg,FALSE,FALSE,FALSE,FALSE,FALSE,FALSE,FALSE,FALSE,0,|not English (soccer news),
768,UCbVcWGG3tQcRMAR9e4WNKUA,FALSE,FALSE,FALSE,FALSE,FALSE,FALSE,FALSE,FALSE,0,|TV show,
769,UCzNfiKcvNjLHljohEkO83Rg,FALSE,FALSE,FALSE,FALSE,FALSE,FALSE,FALSE,FALSE,0,|Arizona Cardinals news,
770,UCM7XCXnxtYJkkMN0zf0tsSw,FALSE,FALSE,FALSE,FALSE,FALSE,FALSE,FALSE,FALSE,0,|nan|music,
772,UCTGdOxJ-uEPHerekLHfHVvg,FALSE,FALSE,FALSE,FALSE,FALSE,FALSE,FALSE,FALSE,0,|videos of buses,
773,UCGpsPLQNPisvIluBCL5NRuA,FALSE,FALSE,FALSE,FALSE,FALSE,FALSE,FALSE,FALSE,0,|taken down,
774,UCy-VnRxdzpcQSnR8nPo4wWw,FALSE,FALSE,FALSE,FALSE,FALSE,FALSE,FALSE,FALSE,0,|Ancient European legends explained,
775,UCSIlpkjt79VuCG-IWrU4qLQ,FALSE,FALSE,FALSE,FALSE,FALSE,FALSE,FALSE,FALSE,0,|graph visualizations of sports/e-sports related stats,
776,UCHJuQZuzapBh-CuhRYxIZrg,FALSE,FALSE,FALSE,FALSE,FALSE,FALSE,FALSE,FALSE,0,|insider,
777,UCIugi05X4JKUQz3WPD-YKog,FALSE,FALSE,,,,,,,0,|pro-gun,
779,UCOQaX_La_bqLsjCohB7NHeA,FALSE,FALSE,FALSE,FALSE,FALSE,FALSE,FALSE,FALSE,0,|channel doesn't exist,
781,UCLgt3zL2EKHX6xaZ0XmT1XQ,FALSE,FALSE,FALSE,FALSE,FALSE,FALSE,FALSE,FALSE,0,|Singapore culture/politics,
782,UCS1lj4kyIrWBqZ5YQHWgT5w,FALSE,FALSE,FALSE,FALSE,FALSE,FALSE,FALSE,FALSE,0,|David Blaine,
784,UCpTaewGuthzN4CuYKmgXneQ,FALSE,FALSE,FALSE,FALSE,FALSE,FALSE,FALSE,FALSE,0,|nan|recipes,
787,UCLwa795M35UGttyryYK-tIw,FALSE,FALSE,FALSE,FALSE,FALSE,FALSE,FALSE,FALSE,0,|Old TV shows,
788,UC7BMs7qui64f9O1LAodOC4g,FALSE,FALSE,FALSE,FALSE,FALSE,FALSE,FALSE,FALSE,0,|not in English,
789,UCpZ5qUqpW4hW4zdfuBxMSJA,FALSE,FALSE,FALSE,FALSE,FALSE,FALSE,FALSE,FALSE,0,|nan|interesting facts|nan,
792,UCJZg9j7nM5F8HrAYB1arxAQ,FALSE,FALSE,FALSE,FALSE,FALSE,FALSE,FALSE,FALSE,0,|Football and WWE,
793,UCRs1pHnES3QDdh43xbjOmzw,FALSE,FALSE,FALSE,FALSE,FALSE,FALSE,FALSE,FALSE,0,|crossfit,
794,UC_ptyrI4N4EGBQ9vWVnrKrw,FALSE,FALSE,FALSE,FALSE,FALSE,FALSE,FALSE,FALSE,0,|personal vacation vlogs,
795,UCYVuC_glCfB-jgc0w1O3EDQ,FALSE,FALSE,FALSE,FALSE,FALSE,FALSE,FALSE,FALSE,0,|music,
797,UCR0uWclVXSBTIGnpzl4Zqdw,FALSE,FALSE,FALSE,FALSE,FALSE,FALSE,FALSE,FALSE,0,|Not English music,
798,UC2x_qNZXKDxNP1j4jvHATRQ,FALSE,FALSE,,,,,,,0,|Face the Nation news,
799,UCXwRxm0zS0jBNTMOVI6xZJw,FALSE,FALSE,FALSE,FALSE,FALSE,FALSE,FALSE,FALSE,0,|nan|local news,
800,UCKyQ0UxUM0kckMgZX1hiMcg,FALSE,FALSE,FALSE,FALSE,FALSE,FALSE,FALSE,FALSE,0,|Christian,
801,UCiqcsTb6Z5_QbdBYxtH96-A,FALSE,FALSE,FALSE,FALSE,FALSE,FALSE,FALSE,FALSE,0,|Paragliding videos,
802,UCWVCimOe67LOfyi9PjUeGgA,FALSE,FALSE,TRUE,FALSE,FALSE,FALSE,FALSE,FALSE,0,|former drug addict who now questions cults and religions through reporting academic research,
803,UCYx7brrA7urU7mi21eGxyOA,FALSE,FALSE,FALSE,FALSE,FALSE,FALSE,FALSE,FALSE,0,|Stock maerket analysis,
804,UCNdGwhwU7EU51MuBhQFRL1g,FALSE,FALSE,FALSE,FALSE,FALSE,FALSE,FALSE,FALSE,0,|nan|nan,
805,UCG2nMF_FmDPBDsYigepKjbQ,FALSE,FALSE,FALSE,FALSE,FALSE,FALSE,FALSE,FALSE,0,|not English,
806,UCXbXfisDHV_gDjawCKTyTIw,FALSE,FALSE,FALSE,FALSE,FALSE,FALSE,FALSE,FALSE,0,|music,
807,UCBHLgiiQMbPxRVAZCaAQa8g,FALSE,FALSE,FALSE,FALSE,FALSE,FALSE,FALSE,FALSE,0,|not English,
808,UCbk_QsfaFZG6PdQeCvaYXJQ,FALSE,FALSE,FALSE,FALSE,FALSE,FALSE,FALSE,FALSE,0,|Self-improvement podcast,
809,UC1W8ShdwtfgjRHdbl1Lctcw,FALSE,FALSE,FALSE,FALSE,FALSE,FALSE,FALSE,FALSE,0,|Restoring old videos of America,
810,UCU1BkVOLFy9ydSZOjbSIUjA,FALSE,FALSE,,FALSE,FALSE,FALSE,FALSE,FALSE,0,|nan,
811,UCCMp2E0CtVtwzWv5IQUUDBg,FALSE,FALSE,FALSE,FALSE,FALSE,FALSE,FALSE,FALSE,0,|channel doesn't exist,
812,UClRjfLJIBl72CUkvZMJ7bKw,FALSE,FALSE,FALSE,FALSE,FALSE,FALSE,FALSE,FALSE,0,|nan|Al capone,
813,UCyq3gA7Wg4Q3Uf0eMASQ7_A,FALSE,FALSE,FALSE,FALSE,FALSE,FALSE,FALSE,FALSE,0,|channel doesn't exist,
814,UCJJxaJ72jWF_gb0h0ASxaiQ,FALSE,FALSE,FALSE,FALSE,FALSE,FALSE,FALSE,FALSE,0,|random,
815,UCtM5z2gkrGRuWd0JQMx76qA,FALSE,FALSE,FALSE,FALSE,FALSE,FALSE,FALSE,FALSE,0,|restoring old tools,
816,UCwO9dwHkUA39B6GUeTO-fNQ,FALSE,FALSE,FALSE,FALSE,FALSE,FALSE,FALSE,FALSE,0,|gaming,
817,UCTFk52S2qs92XLzfUHRznMQ,FALSE,FALSE,FALSE,FALSE,FALSE,FALSE,FALSE,FALSE,0,|music,
819,UCxjkQtJzztnfhA8EqYWPovQ,FALSE,FALSE,FALSE,FALSE,FALSE,FALSE,FALSE,FALSE,0,|banned channel,
820,UCFwbfx4RtT6RQU-S5tHHIxA,FALSE,FALSE,FALSE,FALSE,FALSE,FALSE,FALSE,FALSE,0,|nan|memes,
823,UC7_VH_kj0aD9vhuHmFheUYQ,FALSE,FALSE,FALSE,FALSE,FALSE,FALSE,FALSE,FALSE,0,|nan|animals,
827,UCFQMO-YL87u-6Rt8hIVsRjA,FALSE,FALSE,FALSE,FALSE,FALSE,FALSE,FALSE,FALSE,0,|fantasy shows/books,
829,UC9slx_T-Rjue2axR4IA9r5A,FALSE,FALSE,FALSE,FALSE,FALSE,FALSE,FALSE,FALSE,0,|international news,
830,UC4dxun8grR8anho6aZdrulA,FALSE,FALSE,FALSE,FALSE,FALSE,FALSE,FALSE,FALSE,0,|anti-Muslim Christian,
831,UCQBM4xr6y0JjQGB0puF7evQ,FALSE,FALSE,FALSE,FALSE,FALSE,FALSE,FALSE,FALSE,0,|one video,
833,UCgmvVWc29nsa4uaGwSDF4Kw,FALSE,FALSE,FALSE,FALSE,FALSE,FALSE,FALSE,FALSE,0,|pro-science but not anti-religion,
834,UCC0_0zNfnHBNi50okydMGkw,FALSE,FALSE,TRUE,FALSE,FALSE,FALSE,FALSE,FALSE,0,"|counter-Christian podcast, self-prescribed Atheist (link)",
835,UCEuhsgmcQRbtfiz8KMfYwIQ,FALSE,FALSE,FALSE,FALSE,FALSE,FALSE,FALSE,FALSE,0,|NASA,
836,UCezvRYYMyyBDH8g0IwA3Caw,FALSE,FALSE,FALSE,FALSE,FALSE,FALSE,FALSE,FALSE,0,|nan|not enough videos,
839,UC8voy4IrQS7HEL1rCq5XLsw,FALSE,FALSE,FALSE,FALSE,FALSE,FALSE,FALSE,FALSE,0,|not English,
841,UCW0dnvm9NRJYbmKxhtnpWqQ,FALSE,FALSE,,FALSE,FALSE,FALSE,FALSE,FALSE,0,|nan,
842,UC--OJHMnaRmBtQJaa1RIcbQ,FALSE,FALSE,FALSE,FALSE,FALSE,FALSE,FALSE,FALSE,0,|gamer,
843,UCcJL2ld6kxy_nuV1u7PVQ0g,FALSE,FALSE,FALSE,FALSE,FALSE,FALSE,FALSE,FALSE,0,|gamer,
845,UCiiD_FskvOW1liT7aGf8gvg,FALSE,FALSE,FALSE,FALSE,FALSE,FALSE,FALSE,FALSE,0,|music,
846,UCynceZutARWiCggpqQsmSdg,FALSE,FALSE,FALSE,FALSE,FALSE,FALSE,FALSE,FALSE,0,|Chinese,
847,UCIPrTRL2hvIMS1qu2AGEj9w,FALSE,FALSE,FALSE,FALSE,FALSE,FALSE,FALSE,FALSE,0,|nan,
848,UC8q-Dp7u3aW7kKiy_9IKmsA,FALSE,FALSE,TRUE,FALSE,FALSE,FALSE,FALSE,FALSE,0,|Anti-JW who doesn't have a religion now (link),
849,UCPhADRTIwDxB0vVSU33CijA,FALSE,FALSE,,FALSE,FALSE,FALSE,FALSE,FALSE,0,|nan,
850,UCCR23SnRcuAqafV1lH1le5w,FALSE,FALSE,TRUE,FALSE,FALSE,FALSE,FALSE,FALSE,0,|self-described atheist (explicit in thier description!),
852,UCu82lq4IgdKhZPQJ9lK_-rw,FALSE,FALSE,FALSE,FALSE,FALSE,FALSE,FALSE,FALSE,0,|Johnny Depp clips,
853,UCZIv78thfup6-JB5HxqT3Pg,FALSE,FALSE,FALSE,FALSE,FALSE,FALSE,FALSE,FALSE,0,|comedy,
854,UCaSmDhQNWPogseoH-rRtEoA,FALSE,FALSE,FALSE,FALSE,FALSE,FALSE,FALSE,FALSE,0,|tribal people react,
855,UCk1Cqmpj3vtS9O58Gr9kyvA,FALSE,FALSE,FALSE,FALSE,FALSE,FALSE,FALSE,FALSE,0,|lifestyle videos,
856,UCKaY_IzDOy-7RuBFHJBKq7g,FALSE,FALSE,FALSE,FALSE,FALSE,FALSE,FALSE,FALSE,0,|personal family videos,
858,UCuTn8_8SfB68nNitTaC63IA,FALSE,FALSE,FALSE,FALSE,FALSE,FALSE,FALSE,FALSE,0,|random,
861,UCViHLxa_e42w21g4B1TkEfA,FALSE,FALSE,FALSE,FALSE,FALSE,FALSE,FALSE,FALSE,0,|show/movie reviews,
862,UClykrxsUcLVY428ONkAUbJg,FALSE,FALSE,FALSE,FALSE,FALSE,FALSE,FALSE,FALSE,0,|nature/agriculture,
863,UCk2hNddcrBOJ_vwlFohhP-Q,FALSE,FALSE,,FALSE,FALSE,FALSE,FALSE,FALSE,0,|nan,
864,UCCMGnPgnTRf1gVLQziHGPIw,FALSE,FALSE,FALSE,FALSE,FALSE,FALSE,FALSE,FALSE,0,|not English,
866,UC9l0MbwmC88-wv9M8qORxwA,FALSE,FALSE,FALSE,FALSE,FALSE,FALSE,FALSE,FALSE,0,"|ex-Scientology member (but not self-proclaimed atheist: ""I am not myself a humanist, atheist, christian, agnostic, satanist, scientologist, nor anything else. Believe what you like, it doesn't matter."")|nan",
867,UCVUWJN0Fz4JwCvoZwQKr84A,FALSE,FALSE,FALSE,FALSE,FALSE,FALSE,FALSE,FALSE,0,|dog videos,
868,UCYUZ0gWRp_HQCVEz0OovuAg,FALSE,FALSE,FALSE,FALSE,FALSE,FALSE,FALSE,FALSE,0,|crime stories,
869,UCt-pDGjLBAItRIz10C38VHQ,FALSE,FALSE,FALSE,FALSE,FALSE,FALSE,FALSE,FALSE,0,|toy reviews,
872,UC5hk6O61heulo6Ld-ZNP6WA,FALSE,FALSE,FALSE,FALSE,FALSE,FALSE,FALSE,FALSE,0,|ridiculous MTV,
873,UCWkDZy71Gu5UNbEfZYpBP3w,FALSE,FALSE,FALSE,FALSE,FALSE,FALSE,FALSE,FALSE,0,|English teacher,
874,UCgIMbGazP0uBDy9JVCqBUaA,FALSE,FALSE,FALSE,FALSE,FALSE,FALSE,FALSE,FALSE,0,|New York Mets,
875,UCZKI2MCvkyXN1CMQz3_vH-Q,FALSE,FALSE,FALSE,FALSE,FALSE,FALSE,FALSE,FALSE,0,|religious,
876,UCt8jfvd9skBAOT6XJwc_mJg,FALSE,FALSE,FALSE,FALSE,FALSE,FALSE,FALSE,FALSE,0,|Family feud,
877,UCozhpe8AaGOMxLsQQWfC1cw,FALSE,FALSE,FALSE,FALSE,FALSE,FALSE,FALSE,FALSE,0,|cats,
878,UC2KX4Ty39jJ0-wBr4ROsTIQ,FALSE,FALSE,FALSE,FALSE,FALSE,FALSE,FALSE,FALSE,0,|not english,
879,UC84h1wDMJllUwHD5bbgtYug,FALSE,FALSE,FALSE,FALSE,FALSE,FALSE,FALSE,FALSE,0,|cats,
880,UCmHQeP-Mnw0CfGOrPptEqQQ,FALSE,FALSE,FALSE,FALSE,FALSE,FALSE,FALSE,FALSE,0,|celebrity news,
881,UCvJJ_dzjViJCoLf5uKUTwoA,FALSE,FALSE,FALSE,FALSE,TRUE,FALSE,FALSE,FALSE,0,|CNBC,
882,UCY-0eE6fX-tkicr2mh8e_kA,FALSE,FALSE,FALSE,FALSE,FALSE,FALSE,FALSE,FALSE,0,|book tv,
883,UCDIPsk87a6D3QqS0DeAUMPA,FALSE,FALSE,FALSE,FALSE,TRUE,FALSE,FALSE,FALSE,0,"|Michael McIntee at the Uptake.org (definnitely pretty left from issues covered and goals, such as promoting social/racial justice)",
884,UCqG9incBfICz75gDPGM7RlA,FALSE,FALSE,FALSE,FALSE,FALSE,FALSE,FALSE,FALSE,0,|black culture tv,
885,UC_esrg5XDlU1AKjc4yFFWhA,FALSE,FALSE,FALSE,FALSE,FALSE,FALSE,FALSE,FALSE,0,|fitness,
886,UCEHnH8TLTOQ1x9JrBeNojlw,FALSE,FALSE,FALSE,FALSE,FALSE,FALSE,FALSE,FALSE,0,|bird owner,
887,UCw65f7SizlMScEOolfDtu9g,FALSE,FALSE,FALSE,FALSE,TRUE,FALSE,FALSE,FALSE,0,|Black agenda report,
888,UCWlIGsKGsvgFJHkiZml4O1A,FALSE,FALSE,FALSE,FALSE,FALSE,FALSE,FALSE,FALSE,0,|death stories,
890,UCAxm7cstvjQn02xPLCffSuQ,FALSE,FALSE,FALSE,FALSE,FALSE,FALSE,FALSE,FALSE,0,|some traveler's home videos,
891,UCMrZK0aDy9SK5SiP0oLTH_Q,FALSE,FALSE,FALSE,FALSE,FALSE,FALSE,FALSE,FALSE,0,|music,
892,UC_AgdslCdhZScRqH8GzEybg,FALSE,FALSE,FALSE,FALSE,FALSE,FALSE,FALSE,FALSE,0,|life and culture from a vlogger,
893,UCyri-PL3l4Dn9IooWXQAqfA,FALSE,FALSE,FALSE,FALSE,FALSE,FALSE,FALSE,FALSE,0,|not American,
894,UCgXfssZEtwg2NkYCb4aJs1Q,FALSE,FALSE,FALSE,FALSE,FALSE,FALSE,FALSE,FALSE,0,|nan,
895,UCJHObTFu75LOjJcmeAU5THA,FALSE,FALSE,FALSE,FALSE,FALSE,FALSE,FALSE,FALSE,0,"|financial news. No explicit political stance (analyzes current finacial events, recommends advice, but does not give opinion)",
896,UCiQaJnMzlfzzG3VESgyZChA,FALSE,FALSE,FALSE,FALSE,TRUE,FALSE,FALSE,FALSE,0,|seantor Cardin's YouTube channel (Maryland),
897,UCJJj2V_7rdz1XmJ4ocTTVIA,FALSE,FALSE,FALSE,FALSE,FALSE,FALSE,FALSE,FALSE,0,|Movie/show reviews,
898,UCxzcBfvmeLmUNjlyM7FMgFg,FALSE,FALSE,FALSE,FALSE,FALSE,FALSE,FALSE,FALSE,0,|Larry King,
899,UC4yHhzzwt6yHNx0qv_2A-oA,FALSE,FALSE,FALSE,FALSE,FALSE,FALSE,FALSE,FALSE,0,|music,
900,UCSrSalXYmmGGdJilpEXJI5w,FALSE,FALSE,FALSE,FALSE,FALSE,FALSE,FALSE,FALSE,0,|college,
901,UCbcaJmfiW8s-p6T4NxoSbQA,FALSE,FALSE,FALSE,FALSE,FALSE,FALSE,FALSE,FALSE,0,|goose channel,
902,UCDwdDKYq0kcEAlziX5EEP3g,FALSE,FALSE,FALSE,FALSE,FALSE,FALSE,FALSE,FALSE,0,|Korean,
903,UCLdxKhzTFBH85cjiSfMVeFQ,FALSE,FALSE,FALSE,FALSE,FALSE,FALSE,FALSE,FALSE,0,|Poi artists,
904,UCto7D1L-MiRoOziCXK9uT5Q,FALSE,FALSE,FALSE,FALSE,FALSE,FALSE,FALSE,FALSE,0,|gamer|nan,
905,UCpYF_3dMxbTukeCG2GsgPbA,FALSE,FALSE,FALSE,FALSE,FALSE,FALSE,FALSE,FALSE,0,|lifetime movies,
906,UChQcDfPBTntToJsQu0UZFmg,FALSE,FALSE,FALSE,FALSE,FALSE,FALSE,FALSE,FALSE,0,|not english,
907,UCXxxhymlqPIAXZE8dEgIPmw,FALSE,FALSE,FALSE,FALSE,FALSE,FALSE,FALSE,FALSE,0,|painters and Greek ppl,
908,UCUUUpaMp8DV6KUOfQwoIiLg,FALSE,FALSE,FALSE,FALSE,FALSE,FALSE,FALSE,FALSE,0,|Drag queen shows,
909,UCgQ_mhiCNQZ1OrzTh_ODZhg,FALSE,FALSE,FALSE,FALSE,FALSE,FALSE,FALSE,FALSE,0,|old shows,
910,UCdrt-uIAAdVVzaSVZ0NFMUA,FALSE,FALSE,FALSE,FALSE,FALSE,FALSE,FALSE,FALSE,0,|Reverend (not covering news),
911,UCKAs3wF6aKOpUhEhNYTiaAA,FALSE,FALSE,FALSE,FALSE,FALSE,FALSE,FALSE,FALSE,0,|nan|book readings,
912,UCm0E8djOS9gZ9cGyQHQwO0w,FALSE,FALSE,FALSE,FALSE,FALSE,FALSE,FALSE,FALSE,0,|bird noises,
913,UCF5QCZAsFBUl_Oc520qoQVw,FALSE,FALSE,FALSE,FALSE,FALSE,FALSE,FALSE,FALSE,0,|anime stuff,
914,UCAehOwpmELvYCoioBgfUrYg,FALSE,FALSE,FALSE,FALSE,FALSE,FALSE,FALSE,FALSE,0,|University projects,
915,UCgIi12EA6BQ8HKL8QUccsOQ,FALSE,FALSE,FALSE,FALSE,FALSE,FALSE,FALSE,FALSE,0,"|seems to ""meme"" the right a lot (mostly religious)",
916,UCEbaDyWfvi9FYZFHvgExf2g,FALSE,FALSE,FALSE,FALSE,FALSE,FALSE,FALSE,FALSE,0,|not English (mostly religious),
917,UCJm2TgUqtK1_NLBrjNQ1P-w,FALSE,FALSE,FALSE,FALSE,TRUE,FALSE,FALSE,FALSE,0,"|Second Thought (supports climate change, better labor conditions)",
918,UCunTtvzuaNz5qhSiz_Gs_Cg,FALSE,FALSE,FALSE,FALSE,FALSE,FALSE,FALSE,FALSE,0,|orchestra,
919,UCsooa4yRKGN_zEE8iknghZA,FALSE,FALSE,FALSE,FALSE,FALSE,FALSE,FALSE,FALSE,0,|ted ed,
920,UCzn_kMKbB-fn2MU6eblK6Hg,FALSE,FALSE,FALSE,FALSE,FALSE,FALSE,FALSE,FALSE,0,|male gaze,
921,UCOkbN_OvF8HipF1i3T-eF7g,FALSE,FALSE,FALSE,FALSE,FALSE,FALSE,FALSE,FALSE,0,|mostly funny content,
922,UC2jDGHLWKW2x7ZJLYQyDwBQ,FALSE,FALSE,FALSE,FALSE,FALSE,FALSE,FALSE,FALSE,0,|interracial family,
923,UC7q-GcHyjCHkTpXCUTLzy7Q,FALSE,FALSE,FALSE,FALSE,FALSE,FALSE,FALSE,FALSE,0,|Philosophers,
924,UC7kI8WjpCfFoMSNDuRh_4lA,FALSE,FALSE,FALSE,FALSE,FALSE,FALSE,FALSE,FALSE,0,|music,
925,UCWrVJm6SwuxlNfOAJm0zIpQ,FALSE,FALSE,FALSE,FALSE,FALSE,FALSE,FALSE,FALSE,0,|skater,
927,UC5UkClCcWjPGW5KCfbH0RlQ,FALSE,FALSE,FALSE,FALSE,FALSE,FALSE,FALSE,FALSE,0,|Food network,
928,UCqXDICSaXJA1tsOZKLL8jDQ,FALSE,FALSE,FALSE,FALSE,FALSE,FALSE,FALSE,FALSE,0,|not english,
929,UCT-tP7Q3t_YpvJsIbdIQCsg,FALSE,FALSE,FALSE,FALSE,FALSE,FALSE,FALSE,FALSE,0,|family vlog,
930,UCVWejjrYApwv_PvdJp_2M6A,FALSE,FALSE,FALSE,FALSE,FALSE,FALSE,FALSE,FALSE,0,|train videos,
931,UC8MAjpnz3V57ePWnbkis6sg,FALSE,FALSE,FALSE,FALSE,FALSE,FALSE,FALSE,FALSE,0,|not english music,
932,UC1YqxUTsDsMMkRO1-RugP0A,FALSE,FALSE,FALSE,FALSE,FALSE,FALSE,FALSE,FALSE,0,|ocean videos,
933,UC1_KPue8b1ZrHekaTkJucDQ,FALSE,FALSE,FALSE,FALSE,FALSE,FALSE,FALSE,FALSE,0,|NAACP but not political,
934,UCaK1Swbi9avy2yDODgpajGA,FALSE,FALSE,FALSE,FALSE,FALSE,FALSE,FALSE,FALSE,0,|anime,
935,UCUQbSc1HywX9kFyFX3UP2VA,FALSE,FALSE,FALSE,FALSE,FALSE,FALSE,FALSE,FALSE,0,|music,
936,UC6A_LC-A5NVJ2vw9A0OjCug,FALSE,FALSE,FALSE,FALSE,FALSE,FALSE,FALSE,FALSE,0,|old movies,
937,UC5uqISKNdMFBVzHwIOzZmIg,FALSE,FALSE,FALSE,FALSE,FALSE,FALSE,FALSE,FALSE,0,|music,
938,UCfHTrA_ceeXZePMJRtuCuNQ,FALSE,FALSE,FALSE,FALSE,FALSE,FALSE,FALSE,FALSE,0,|animal facts,
939,UCn9pdifs6sQmKz6lFVY_5ww,FALSE,FALSE,FALSE,FALSE,FALSE,FALSE,FALSE,FALSE,0,|dancing,
940,UC7WJmvsRaoU7ATWgSpG4pPg,FALSE,FALSE,FALSE,FALSE,FALSE,FALSE,FALSE,FALSE,0,|music,
941,UCuWjKLSMsUqC8_J6Ld0RdQA,FALSE,FALSE,FALSE,FALSE,FALSE,FALSE,FALSE,FALSE,0,|Raiders football,
942,UCG4OUzWjr-wkHhevtajbmwg,FALSE,FALSE,FALSE,FALSE,FALSE,FALSE,FALSE,FALSE,0,|snow blower videos,
943,UCk_V82EtAkLZoxU26ND6HpQ,FALSE,FALSE,FALSE,FALSE,FALSE,FALSE,FALSE,FALSE,0,|doesn't exist,
944,UC3U3H8QvFoU7B5TG0xaeDNg,FALSE,FALSE,FALSE,FALSE,FALSE,FALSE,FALSE,FALSE,0,|old photos,
945,UCNJFXYXkXt_P8bJUxb21MpA,FALSE,FALSE,FALSE,FALSE,FALSE,FALSE,FALSE,FALSE,0,|music,
946,UCNnQqoYFCqLID3GAMkGtS6A,FALSE,FALSE,FALSE,FALSE,FALSE,FALSE,FALSE,FALSE,0,|music,
948,UCZ5LTHymnX5rzmB7dNOaoIQ,FALSE,FALSE,FALSE,FALSE,FALSE,FALSE,FALSE,FALSE,0,|music,
949,UCKzcixdEG8TmC2FKNhdVRPQ,FALSE,FALSE,FALSE,FALSE,FALSE,FALSE,FALSE,FALSE,0,|industrial tools,
950,UCJka5SDh36_N4pjJd69efkg,FALSE,FALSE,FALSE,FALSE,FALSE,FALSE,FALSE,FALSE,0,|nfl,
951,UCu4XcDBdnZkV6-5z2f16M0g,FALSE,FALSE,FALSE,FALSE,FALSE,FALSE,,FALSE,0,|nan,
952,UClW9rOydULtIYaieUJCC4oQ,FALSE,FALSE,FALSE,FALSE,FALSE,FALSE,FALSE,FALSE,0,|Christian,
953,UCJvRvGL9zH1uBZ-E9uIs5yQ,FALSE,FALSE,FALSE,FALSE,FALSE,FALSE,FALSE,FALSE,0,|industrial trucks,
954,UC3TL2lUPabRGPbg4HqcuEyQ,FALSE,FALSE,FALSE,FALSE,FALSE,FALSE,,FALSE,0,|nan,
955,UCQkxqLTGPEPPNrKbhXCeA7A,FALSE,FALSE,FALSE,FALSE,FALSE,FALSE,FALSE,FALSE,0,|not english,
956,UCrGykYUv6lHbZhIOuSOnHHQ,FALSE,FALSE,FALSE,FALSE,FALSE,FALSE,FALSE,FALSE,0,|removed,
957,UCUpQIjV2gHhQW82vtNbdOSQ,FALSE,FALSE,FALSE,FALSE,FALSE,FALSE,FALSE,FALSE,0,|florida women's hall of fame,
958,UC193r5YXcpQJV34N99ZbhzQ,FALSE,FALSE,FALSE,FALSE,FALSE,FALSE,TRUE,FALSE,0,|pro-gun gun channel,
959,UC8BS31SZ_-lhi9iRZ1vRqIA,FALSE,FALSE,FALSE,FALSE,FALSE,FALSE,FALSE,FALSE,0,|Freedom Pact (but not mostly current events),
961,UCL8O1K8TK81uv75Fd6i6sJw,FALSE,FALSE,FALSE,FALSE,FALSE,FALSE,FALSE,FALSE,0,|not English,
962,UCeINOVY1byiPZpcSmpbqeRg,FALSE,FALSE,FALSE,FALSE,FALSE,FALSE,FALSE,FALSE,0,|Christianity,
963,UCHgI_MItRWEKLX7lKz7Xn0g,FALSE,FALSE,FALSE,FALSE,FALSE,FALSE,FALSE,FALSE,0,|top 5 unknowns,
964,UCsPF0ndwSw55vc8dXjdCetg,FALSE,FALSE,FALSE,FALSE,FALSE,FALSE,FALSE,FALSE,0,|Chinese Christianity,
965,UCyu_LN8BrHfSqgCgU67qCcg,FALSE,FALSE,FALSE,FALSE,FALSE,FALSE,FALSE,FALSE,0,|not English,
966,UCHE92x768p8h-fMrqhsnE1Q,FALSE,FALSE,FALSE,FALSE,FALSE,FALSE,FALSE,FALSE,0,|Earthquake analysis,
967,UCp8W1bzofvzB8MfZSkYW2xw,FALSE,FALSE,FALSE,FALSE,FALSE,FALSE,FALSE,FALSE,0,|not English,
968,UCFtjvDZ35-rldNXURrfKSKQ,FALSE,FALSE,FALSE,FALSE,FALSE,FALSE,FALSE,FALSE,0,|Bruce Lee,
969,UCAfcdqiPUDqIr3Pv_AGIjZQ,FALSE,FALSE,FALSE,FALSE,FALSE,FALSE,FALSE,FALSE,0,|car repair,
970,UCEaVYnwbWa6Jzu1xfqk3RQg,FALSE,FALSE,FALSE,FALSE,FALSE,FALSE,FALSE,FALSE,0,"|Bill of Rights Institute (not current events, but educational about bill of rights)",
971,UCcidP2YLRiC2sclvahy-Q1w,FALSE,FALSE,FALSE,FALSE,FALSE,FALSE,FALSE,FALSE,0,|nan,
972,UCixrmTfMM_YjeDHtXXcsg4w,FALSE,FALSE,FALSE,FALSE,FALSE,FALSE,FALSE,FALSE,0,|Chinese shows,
973,UCYZ5xUIvJTgcqbAQCI69-IA,FALSE,FALSE,FALSE,FALSE,FALSE,FALSE,FALSE,FALSE,0,|dogs,
974,UCnQC_G5Xsjhp9fEJKuIcrSw,FALSE,FALSE,FALSE,FALSE,FALSE,FALSE,TRUE,FALSE,0,|Ben Shapiro,
975,UCDvJcb8Adv-_bOrtnRLmiDw,FALSE,FALSE,FALSE,FALSE,FALSE,FALSE,FALSE,FALSE,0,|nan|not biased according to MBFC,
976,UCTjuOh3tolH2E2YeuMJcYZg,FALSE,FALSE,FALSE,FALSE,FALSE,FALSE,FALSE,FALSE,0,|not English,
978,UC5AQEUAwCh1sGDvkQtkDWUQ,FALSE,FALSE,FALSE,FALSE,FALSE,FALSE,FALSE,TRUE,1,"|Theo Von (political ideas link). He invites Right-leaning people (Joe Rogan, Mike Row) sometimes in addition to left",
979,UCcPvcC-9AFJ2DGa42mR7A-Q,FALSE,FALSE,FALSE,FALSE,FALSE,FALSE,FALSE,FALSE,0,|music,
980,UC-TY8Ym2ApEFV0NWG_hDaGQ,FALSE,FALSE,FALSE,FALSE,FALSE,FALSE,FALSE,FALSE,0,|nature news,
981,UCSUu1lih2RifWkKtDOJdsBA,FALSE,FALSE,FALSE,FALSE,FALSE,FALSE,FALSE,FALSE,0,|nasa space launches,
982,UCFPRJAk5PTylG45BpLI5Xqw,FALSE,FALSE,FALSE,FALSE,FALSE,FALSE,FALSE,FALSE,0,|movie,
983,UCoTBw2Hnw0agvwD0KeLeJWg,FALSE,FALSE,FALSE,FALSE,FALSE,FALSE,FALSE,FALSE,0,|not English,
984,UC0fWyGqW2XovKQ8rfZjpBZg,FALSE,FALSE,FALSE,FALSE,FALSE,FALSE,FALSE,FALSE,0,|scary animal stuff,
985,UCEJ5DkrIHqp6Zk6ZWIctBvA,FALSE,FALSE,FALSE,FALSE,FALSE,FALSE,FALSE,FALSE,0,|Christianity,
986,UCAlZ-9e75wau2hY_wWFliNA,FALSE,FALSE,FALSE,FALSE,FALSE,FALSE,FALSE,FALSE,0,|military news,
987,UCl5D4Tu7y6K96VMW5VLdJFA,FALSE,FALSE,FALSE,FALSE,FALSE,FALSE,FALSE,FALSE,0,|not English,
988,UCPxvIlOWOaQW55OWTNfnPNQ,FALSE,FALSE,FALSE,FALSE,FALSE,FALSE,FALSE,FALSE,0,|agricultural tech,
989,UCNxRbvq5PfT7YcXUi42t10A,FALSE,FALSE,FALSE,FALSE,FALSE,FALSE,FALSE,FALSE,0,|tech solutions,
990,UCxcTeAKWJca6XyJ37_ZoKIQ,FALSE,FALSE,FALSE,FALSE,FALSE,FALSE,FALSE,FALSE,0,|Pat McAfee,
991,UCsXvnpvsr3Y7yup_eXvkqOw,FALSE,FALSE,FALSE,FALSE,FALSE,FALSE,FALSE,FALSE,0,|not English,
993,UCLFndeI09kfxpjP9hdLkNrg,FALSE,FALSE,FALSE,FALSE,FALSE,FALSE,FALSE,FALSE,0,|tractor videos,
994,UCHL1dO7FqLnXLZZ9xtWU8sQ,FALSE,FALSE,FALSE,FALSE,FALSE,FALSE,FALSE,FALSE,0,|Miami Dolphins,
995,UC_UQ1-0AIscLf9G-rAs4zKw,FALSE,FALSE,FALSE,FALSE,FALSE,FALSE,FALSE,FALSE,0,|TSA catches,
996,UCGfKLaQbUmgxq3r2Zn3oCDg,FALSE,FALSE,FALSE,FALSE,FALSE,FALSE,FALSE,FALSE,0,|Christianity,
997,UCv-WFkw7BpAqSzHfJBqhuIw,FALSE,FALSE,FALSE,FALSE,FALSE,FALSE,FALSE,FALSE,0,|soccer mtaches,
998,UCBx8oobBZc72tOFOMAEzthA,FALSE,FALSE,FALSE,FALSE,FALSE,FALSE,FALSE,FALSE,0,|music,
999,UC_0r3EheCnp-wVvndYDGviQ,FALSE,FALSE,FALSE,FALSE,FALSE,FALSE,FALSE,FALSE,0,|true crime,
1000,UCep--CNHo77hFq9WTDT3f2g,FALSE,FALSE,FALSE,FALSE,FALSE,FALSE,FALSE,FALSE,0,|Christian channel,
1001,UCOmmoABCKXavySjCwYlbZCA,FALSE,FALSE,FALSE,FALSE,FALSE,FALSE,FALSE,FALSE,0,|terminated,
1002,UCft2_ARzEqPmQZSt88XsP2w,FALSE,FALSE,FALSE,FALSE,FALSE,FALSE,FALSE,FALSE,0,|provokateur gamer and random videos,
1003,UCjzl3ncT6GN1SyLF_3IVTFw,FALSE,FALSE,FALSE,FALSE,FALSE,FALSE,FALSE,FALSE,0,|alpha male tips,
1004,UCketCWflVRWm3AEzbno9-_w,FALSE,FALSE,FALSE,FALSE,FALSE,FALSE,FALSE,FALSE,0,|acts gay??? provocateur,
1005,UC554eY5jNUfDq3yDOJYirOQ,FALSE,FALSE,FALSE,FALSE,FALSE,FALSE,FALSE,FALSE,0,|alpha male,
1006,UCzfmH125g6CpiNGvgEasY1w,FALSE,FALSE,FALSE,FALSE,FALSE,FALSE,FALSE,FALSE,0,|cosplay dresser,
1007,UCXbKcBLGxOw--ZMpaipzOEQ,FALSE,FALSE,FALSE,FALSE,FALSE,FALSE,FALSE,FALSE,0,|no videos,
1008,UCFGVu_P82EhUc42Qi1aYTgg,FALSE,FALSE,FALSE,FALSE,FALSE,FALSE,FALSE,FALSE,0,|gamer,
1009,UC9pYOJPB5UYlMlGKKZWo-Bw,FALSE,FALSE,FALSE,FALSE,FALSE,FALSE,FALSE,FALSE,0,|space physics,
1010,UCTUjcQH88KJODhSm8mc64pg,FALSE,FALSE,FALSE,FALSE,FALSE,FALSE,FALSE,FALSE,0,|not English,
1011,UC_ZsljDWsoe-K1onqEUOFfg,FALSE,FALSE,FALSE,FALSE,FALSE,FALSE,FALSE,FALSE,0,|music,
1012,UCokub2IJPFY4xFdgz6_37Ow,FALSE,FALSE,FALSE,FALSE,FALSE,FALSE,FALSE,FALSE,0,|Jones and Tate fan + games,
1013,UCGpziSEizqck32YtQEOcqPg,FALSE,FALSE,FALSE,FALSE,FALSE,FALSE,FALSE,FALSE,0,|marlon brando fan,
1014,UCE6aQ_tLn1VlvVVw66w3rSQ,FALSE,FALSE,,,,,,,0,|podcaster comedian,
1015,UC3QAlv3wdYEhyveXPQPi-BA,FALSE,FALSE,FALSE,FALSE,FALSE,FALSE,FALSE,FALSE,0,"|""Cute-cel"" a.k.a. incel but for women",
1016,UC4USoIAL9qcsx5nCZV_QRnA,FALSE,FALSE,FALSE,FALSE,FALSE,FALSE,FALSE,FALSE,0,|provokateur vlogger,
1017,UCSU5xDZA5_41fMOQTkBbF1Q,FALSE,FALSE,FALSE,FALSE,FALSE,FALSE,FALSE,FALSE,0,|cars,
1018,UCNPl2SnE4FqafSjA7zmkN5w,FALSE,FALSE,FALSE,FALSE,FALSE,FALSE,FALSE,FALSE,0,|bball,
1019,UCxGSQNNa7SSNBXULaO1ubgg,FALSE,FALSE,FALSE,FALSE,FALSE,FALSE,FALSE,FALSE,0,|religion,
1020,UCoOjH8D2XAgjzQlneM2W0EQ,FALSE,FALSE,,,,,,,0,|docs of politics/crime/power,
1021,UCxyZVj7qOJ0ALdLMg3L6zIg,FALSE,FALSE,FALSE,FALSE,FALSE,FALSE,FALSE,FALSE,0,|not english,
1022,UCNYaxPiba3oxmeL_3jKxnYA,FALSE,FALSE,FALSE,FALSE,FALSE,FALSE,FALSE,FALSE,0,|science,
1023,UChwSVfujQ7AO6PbnPIj-suA,FALSE,FALSE,FALSE,FALSE,FALSE,FALSE,FALSE,FALSE,0,|anime,
1024,UCxDA5o5jySplWXtPtrYL6bg,FALSE,FALSE,FALSE,FALSE,FALSE,FALSE,FALSE,FALSE,0,|removed,
1025,UCK1YDs3lB2ZzX5ef1v2IT7A,TRUE,FALSE,FALSE,FALSE,FALSE,FALSE,FALSE,FALSE,0,|Sam Hyde with links to his own website,
1026,UCmdlnVFzmf7Zhqm_QE-UlJw,FALSE,FALSE,FALSE,FALSE,FALSE,FALSE,FALSE,FALSE,0,|working out,
1027,UCgKR2sekpD8cpB1Fdeo_whw,FALSE,FALSE,FALSE,FALSE,FALSE,FALSE,FALSE,FALSE,0,|not English music,
1028,UCJTv_capNWHE6-t4tMxHP1A,FALSE,FALSE,FALSE,FALSE,FALSE,FALSE,FALSE,FALSE,0,|Native American traditions,
1029,UC8MX9ECowgDMTOnFTE8EUJw,FALSE,FALSE,FALSE,FALSE,FALSE,FALSE,FALSE,FALSE,0,|ancient war histories,
1030,UCOL6gu030SF47acVCvin24Q,FALSE,FALSE,FALSE,FALSE,FALSE,FALSE,FALSE,FALSE,0,|not English music,
1031,UC9RWUo2FzwR29eI4hXiPQPg,FALSE,FALSE,FALSE,FALSE,FALSE,FALSE,FALSE,FALSE,0,|IDW/Alt-lite (anti-mainstream/SJW for sure),
1032,UCpx0fHhNCQUVqK94tCxma3A,FALSE,FALSE,FALSE,FALSE,FALSE,FALSE,FALSE,FALSE,0,|not english,
1033,UCIaH-gZIVC432YRjNVvnyCA,FALSE,FALSE,FALSE,FALSE,FALSE,FALSE,FALSE,FALSE,0,|Men's help guru,
1034,UCIM5t65m91wkhWSUOz3y1Dg,FALSE,FALSE,FALSE,FALSE,FALSE,FALSE,FALSE,FALSE,0,|not English,
1035,UC2Rpb_4HefzNix9yhMlouCw,FALSE,FALSE,FALSE,FALSE,FALSE,FALSE,FALSE,FALSE,0,|gamer,
1036,UCnHj3j0h9Hx8JpDd9gu4Thg,FALSE,FALSE,FALSE,FALSE,FALSE,FALSE,FALSE,FALSE,0,|gamer,
1037,UCn2YSCVS4EW8ltOu1SRwcrQ,FALSE,FALSE,FALSE,FALSE,FALSE,FALSE,FALSE,FALSE,0,|not english,
1038,UCKuGfUkFKsT-KIjtLTOiBWw,FALSE,FALSE,FALSE,FALSE,FALSE,FALSE,FALSE,FALSE,0,|not English,
1039,UCMAGs_CGMHF-dDXdjCI8TcA,FALSE,FALSE,FALSE,FALSE,FALSE,FALSE,FALSE,FALSE,0,"|book reading (Book of Nod, which is a creationist book)",
1040,UCqDUr9iGlRNI9fxsVOIZ2Zw,FALSE,FALSE,FALSE,FALSE,FALSE,FALSE,FALSE,FALSE,0,|music,
1041,UCCl4wm5rLmsNsI1U7UyTU8A,FALSE,FALSE,FALSE,FALSE,FALSE,FALSE,FALSE,FALSE,0,|removed,
1042,UC2cGFgeCTc1MxNEzPNcxvaA,FALSE,FALSE,FALSE,FALSE,FALSE,FALSE,FALSE,FALSE,0,|sports,
1043,UCZAENaOaceQUMd84GDc26EA,FALSE,FALSE,FALSE,FALSE,FALSE,FALSE,FALSE,FALSE,0,"|Pagan religion expert (I think this is associated with Alt-right as far as preserving European identity, but I don't think this person is specifically being racist against others)",
1044,UCZLIt722xmGPXAqTafNnM3w,FALSE,FALSE,FALSE,FALSE,FALSE,FALSE,FALSE,FALSE,0,|bio-rleated businesses?,
1045,UC8iuMvIDSrA5DwV-uHp5l_A,FALSE,FALSE,FALSE,FALSE,FALSE,FALSE,FALSE,FALSE,0,|Jamaica traveling,
1046,UCwsmjeD2R-_TLRf53JxApoA,FALSE,FALSE,FALSE,FALSE,FALSE,FALSE,FALSE,FALSE,0,|memes,
1047,UCuLqz-phnZl5PFUTk6voBqA,FALSE,FALSE,FALSE,FALSE,FALSE,FALSE,FALSE,FALSE,0,|not English,
1048,UCP4R4OAJXEwnNOE28P8ophw,FALSE,FALSE,FALSE,FALSE,FALSE,FALSE,FALSE,FALSE,0,|nuclear-related old videos,
1049,UCyh54cT7RnW9sT4HdnFjDMQ,FALSE,FALSE,FALSE,FALSE,FALSE,FALSE,FALSE,FALSE,0,|games and tv,
1050,UC3w193M5tYPJqF0Hi-7U-2g,FALSE,FALSE,FALSE,FALSE,FALSE,FALSE,FALSE,FALSE,0,|doctor|nan,
1051,UCQ0v32jT6Uf3FQ5TI4tudMg,FALSE,FALSE,FALSE,FALSE,FALSE,FALSE,FALSE,FALSE,0,|communication skills,
1052,UCMX31RavkfUHJvw03RbUZnA,FALSE,FALSE,FALSE,FALSE,FALSE,FALSE,FALSE,FALSE,0,|dark videos,
1053,UCVHxJghKAB_kA_5LMM8MD3w,FALSE,FALSE,,,,,,,0,|nan,
1054,UC-OjUg_dt-k_iN6gRFgvKtw,FALSE,FALSE,,,,,,,0,|Asian woman talking about culture/politics,
1055,UCpAZ94jA-U4mbkZ4FiR7YLg,FALSE,FALSE,FALSE,FALSE,FALSE,FALSE,FALSE,FALSE,0,|prayer,
1056,UCcPqJ6LkN92Ag2ZYRvuV0Lw,FALSE,FALSE,FALSE,FALSE,FALSE,FALSE,FALSE,FALSE,0,|life in prison,
1057,UCMENfrTzUDhIv7KfuYIcdxw,FALSE,FALSE,FALSE,FALSE,FALSE,FALSE,FALSE,FALSE,0,|not American police force,
1058,UC0XEf5dhQusNE8J14_1Qfjg,FALSE,FALSE,FALSE,FALSE,FALSE,FALSE,FALSE,FALSE,0,|not English,
1059,UCwM5jMqlj55s21PsB6MCpaA,FALSE,FALSE,FALSE,FALSE,FALSE,FALSE,FALSE,FALSE,0,|anti-Jehova's Witness but not Atheist,
1060,UCp2DvyVhOw7wkrMv7kRrtRg,FALSE,FALSE,FALSE,FALSE,FALSE,FALSE,FALSE,FALSE,0,|Evolution vs creation,
1061,UCCfdmyHNJefqvHstB1to1Kg,FALSE,FALSE,FALSE,FALSE,FALSE,FALSE,FALSE,FALSE,0,|Islam/Christianity comparisons,
1062,UCVxJvk4k4_JsUMsj_UMHssg,FALSE,FALSE,TRUE,FALSE,FALSE,FALSE,FALSE,FALSE,0,"|same anti-other-side slights/exposes as cheap political channels, but for religion",
1063,UCC_0vyFTKk1Nlodo4QsiQkw,FALSE,FALSE,FALSE,FALSE,FALSE,FALSE,FALSE,FALSE,0,|mental health,
1064,UCE6PnoL9QDYnkiUvykmlLQQ,FALSE,FALSE,TRUE,FALSE,FALSE,FALSE,FALSE,FALSE,0,"|looks like gamer on the surface, but really an atheist",
1065,UCZ9jWH_8tJ-Nmaj8dSQdEYA,FALSE,FALSE,FALSE,FALSE,FALSE,FALSE,FALSE,FALSE,0,"|history of evolution, but not anti-religion",
1066,UCECTonmmBHXfKDlqpqbHLDA,FALSE,FALSE,FALSE,FALSE,FALSE,FALSE,FALSE,FALSE,0,|church,
1067,UCllFQfA-CWIlMtseFhXPv5g,FALSE,FALSE,FALSE,FALSE,FALSE,FALSE,FALSE,FALSE,0,|music reactions,
1068,UCmz7R7v1xxvOTYKh2ZSFdFg,FALSE,FALSE,FALSE,FALSE,FALSE,FALSE,FALSE,FALSE,0,|very much religious,
1069,UCG1QXvv8CME3I6yts0IevTA,FALSE,FALSE,FALSE,FALSE,FALSE,FALSE,FALSE,FALSE,0,|comedy,
1070,UC4a9LfdavRlVMaSSWFdIciA,FALSE,FALSE,FALSE,FALSE,FALSE,FALSE,FALSE,FALSE,0,|language teacher|nan,
1071,UCFE7eMFjFGuz_wF6cCiGYwQ,FALSE,FALSE,FALSE,FALSE,FALSE,FALSE,FALSE,FALSE,0,|Christian,
1072,UCJMAYpUtZ0tFbQDPzkIOxxw,FALSE,FALSE,FALSE,FALSE,FALSE,FALSE,FALSE,FALSE,0,|music,
1073,UCkiAm7y8MQCbFwpB-52QRtg,FALSE,FALSE,FALSE,FALSE,FALSE,FALSE,FALSE,FALSE,0,|game solver,
1074,UCn2nus2ZD61u7phkC2cYkwg,FALSE,FALSE,FALSE,FALSE,FALSE,FALSE,FALSE,FALSE,0,|comedy|nan,
1075,UCa2vku6mcfnYyyXdYEFheWw,FALSE,FALSE,FALSE,FALSE,FALSE,FALSE,FALSE,FALSE,0,|anime,
1076,UCarvZGPZhP2vaxtVawtr7qQ,FALSE,FALSE,FALSE,FALSE,FALSE,FALSE,FALSE,FALSE,0,|terminated,
1077,UCUFFHXvzAMRSD8Bq4bJppxQ,FALSE,FALSE,FALSE,FALSE,FALSE,FALSE,FALSE,FALSE,0,|self-help personal vlog,
1078,UCOzIp5BtoLwWagFzy65jB-g,FALSE,FALSE,FALSE,FALSE,FALSE,FALSE,FALSE,FALSE,0,|cars,
1079,UCJ2N80TC24y13W-zZDNDzJw,FALSE,FALSE,FALSE,FALSE,FALSE,FALSE,FALSE,FALSE,0,|not English,
1080,UCdU6X8CuAnL-el696ibwNZA,FALSE,FALSE,FALSE,FALSE,FALSE,FALSE,FALSE,FALSE,0,|story narrating with political-signaling twists (E.g. Karens),
1081,UCpGBEbbsWctGAP59wXKuj-g,FALSE,FALSE,FALSE,FALSE,FALSE,FALSE,FALSE,FALSE,0,|plus-size models,
1082,UCH2S--QQtDXO449FESw9dxg,FALSE,FALSE,FALSE,FALSE,FALSE,FALSE,FALSE,FALSE,0,|living in nature|nan,
1083,UCZ6ZmIhAv5ZZThYapiTunCw,FALSE,FALSE,FALSE,FALSE,FALSE,FALSE,FALSE,FALSE,0,|music,
1084,UCMu-RvfTu9qqyHDGDtmX1GA,FALSE,FALSE,FALSE,FALSE,FALSE,FALSE,FALSE,FALSE,0,|horror game,
1085,UCrtd2wePvAl6RN_D-9jWVQQ,FALSE,FALSE,FALSE,FALSE,FALSE,FALSE,FALSE,FALSE,0,|medical lectures,
1086,UCBnsdnhdPysrE0JCjQPn-QA,FALSE,FALSE,FALSE,FALSE,FALSE,FALSE,FALSE,FALSE,0,|gaming,
1087,UCth1JdU_n065AJjWomYXmWg,FALSE,FALSE,FALSE,FALSE,FALSE,FALSE,FALSE,FALSE,0,"|""counterculture"" comedian George Carlin|nan",
1088,UCyxQ9c5XXqkxHI-Ym_exJbA,FALSE,FALSE,TRUE,FALSE,FALSE,FALSE,FALSE,FALSE,0,|Chris Hitchens,
1089,UCV-q8rkVhtR6E4wv_DVM6Lg,FALSE,FALSE,FALSE,FALSE,FALSE,FALSE,FALSE,FALSE,0,|drug trips,
1090,UC-Ic_OskSN_kGoP_zf2JU7w,FALSE,FALSE,FALSE,FALSE,FALSE,FALSE,FALSE,FALSE,0,|Bill Burr fan,
1091,UCO9DkMbRTAjQK6OnhMwLWrQ,FALSE,FALSE,FALSE,FALSE,FALSE,FALSE,FALSE,FALSE,0,|pretty religious,
1092,UCCC90EcdVcPe9BF3PvR8JIA,FALSE,FALSE,FALSE,FALSE,FALSE,FALSE,FALSE,FALSE,0,|tech,
1093,UCBh8XcZST_JTHt-IZDxT_pQ,FALSE,FALSE,FALSE,FALSE,FALSE,FALSE,FALSE,FALSE,0,|memes,
1094,UC4rqhyiTs7XyuODcECvuiiQ,FALSE,FALSE,FALSE,FALSE,FALSE,FALSE,FALSE,FALSE,0,| video games,
1095,UCkJEpR7JmS36tajD34Gp4VA,FALSE,FALSE,FALSE,FALSE,FALSE,FALSE,FALSE,FALSE,0,|psychology,
1096,UCoRWQLcsvtQlqXSDhhsz4yQ,FALSE,FALSE,FALSE,FALSE,FALSE,FALSE,FALSE,FALSE,0,|not English,
1097,UCRRr_xrOm66qaigIbwFLvbQ,FALSE,FALSE,FALSE,FALSE,FALSE,FALSE,FALSE,FALSE,0,|PhD vlogger,
1098,UCzR-rom72PHN9Zg7RML9EbA,FALSE,FALSE,FALSE,FALSE,FALSE,FALSE,FALSE,FALSE,0,|PBS animal evolution news,
1099,UCZayLPdQws3rk0AAtrHcg0g,FALSE,FALSE,FALSE,FALSE,FALSE,FALSE,FALSE,FALSE,0,|music,
1100,UC9Qixc77KhCo88E5muxUjmA,FALSE,FALSE,FALSE,FALSE,FALSE,FALSE,FALSE,FALSE,0,|psychologist on narcisism,
1101,UCIjxXVx7XVWHDfTDkxxnFBA,FALSE,FALSE,FALSE,FALSE,FALSE,FALSE,FALSE,FALSE,0,|football,
1102,UC7SeFWZYFmsm1tqWxfuOTPQ,FALSE,FALSE,FALSE,FALSE,FALSE,FALSE,FALSE,FALSE,0,|European histories,
1103,UC1X4UdGRwOqD7lsJnSDbIzA,FALSE,FALSE,FALSE,FALSE,FALSE,FALSE,FALSE,FALSE,0,|not English,
1104,UCEitZYFwLk7iMFr9gwDepxQ,FALSE,FALSE,FALSE,FALSE,FALSE,FALSE,FALSE,FALSE,0,|pop culture drama,
1105,UCL9B0PBOy45hVPcEF8OFpwQ,FALSE,FALSE,FALSE,FALSE,FALSE,FALSE,FALSE,FALSE,0,|religious,
1106,UC-hn2Xo6TNYiVvzanW3CBXQ,FALSE,FALSE,FALSE,FALSE,FALSE,FALSE,FALSE,FALSE,0,|religious,
1107,UCuyJBqr0mCwCLb7JzaQKYIw,FALSE,FALSE,FALSE,FALSE,FALSE,FALSE,FALSE,FALSE,0,|personal vlog,
1108,UCfX55Sx5hEFjoC3cNs6mCUQ,FALSE,FALSE,FALSE,FALSE,FALSE,FALSE,FALSE,FALSE,0,|coding,
1109,UCr8xNHreYlR3gOjXnd82PBQ,FALSE,FALSE,FALSE,FALSE,FALSE,FALSE,FALSE,FALSE,0,|not English school,
1110,UC5HJaVyYgo7WPCvIBchRBzQ,FALSE,FALSE,FALSE,FALSE,TRUE,FALSE,FALSE,FALSE,0,|Jon Stewart,
1111,UCa64yNcnPyPrlYusfo-xoDA,FALSE,FALSE,FALSE,FALSE,FALSE,FALSE,FALSE,FALSE,0,|music,
1112,UCqqjiYoD0nP1fR6vf5AcSfQ,FALSE,FALSE,FALSE,FALSE,TRUE,FALSE,FALSE,FALSE,0,|Amanpour and Company (bias left per AllSides),
1113,UCldMg6p4GIbiECS-yeivO3g,FALSE,FALSE,FALSE,FALSE,FALSE,FALSE,FALSE,FALSE,0,|shed tools,
1114,UCLXygBLK5K98WC84V0OGOmA,FALSE,FALSE,FALSE,FALSE,FALSE,FALSE,FALSE,FALSE,0,|dogs,
1115,UCZEyjHltMiko2se5TPkOsHA,FALSE,FALSE,FALSE,FALSE,FALSE,FALSE,FALSE,FALSE,0,|music,
1116,UCJrI0Obj4UDT5ukjXOyNz2Q,FALSE,FALSE,FALSE,FALSE,FALSE,FALSE,FALSE,FALSE,0,|not current events,
1117,UCACTeXxcYiVZ_HGzR9uELbw,FALSE,FALSE,FALSE,FALSE,FALSE,FALSE,FALSE,FALSE,0,|anime,
1118,UCP4nS6ag1-E6TzlQvaWfiZg,FALSE,FALSE,FALSE,FALSE,FALSE,FALSE,FALSE,FALSE,0,|comics,
1119,UCrrvgwzIXwdWCOja7Izin3A,FALSE,FALSE,FALSE,FALSE,FALSE,FALSE,FALSE,FALSE,0,|church,
1120,UCplwPnjH1AAB1He_7rMkHgQ,FALSE,FALSE,FALSE,FALSE,FALSE,FALSE,FALSE,FALSE,0,|histories of celebrities,
1121,UCm8zUuDV6ijGzuhZqFV1W8A,FALSE,FALSE,FALSE,FALSE,FALSE,FALSE,FALSE,FALSE,0,|computer repair,
1122,UCc2yaftWSq_dPdMWuMOfjFw,FALSE,FALSE,FALSE,FALSE,FALSE,FALSE,FALSE,FALSE,0,|teeth grills,
1123,UCDyAFv6Cbbah0IOo6aSulFA,FALSE,FALSE,FALSE,FALSE,FALSE,FALSE,FALSE,FALSE,0,|religious,
1124,UCa6DBGeztqfXOwcpUnk0Ccg,FALSE,FALSE,FALSE,FALSE,FALSE,FALSE,FALSE,FALSE,0,|music,
1125,UCbv1QALIIhKnZ0TjGv6zOYQ,FALSE,FALSE,FALSE,FALSE,FALSE,FALSE,FALSE,FALSE,0,|anime,
1126,UC8ZyfGD_qP-v75DGCzYQw6g,FALSE,FALSE,FALSE,FALSE,TRUE,FALSE,FALSE,FALSE,0,|Vice Asia,
1127,UC1r9yJErJiT3hOp5gW_JKUw,FALSE,FALSE,FALSE,FALSE,FALSE,FALSE,FALSE,FALSE,0,|music,
1128,UCA8a0rfbieUxaR_6UViemLA,FALSE,FALSE,FALSE,FALSE,FALSE,FALSE,FALSE,FALSE,0,|not English,
1129,UCqhgpmsWK9yAVrUcb_Jvdmw,FALSE,FALSE,FALSE,FALSE,TRUE,FALSE,FALSE,FALSE,0,|NAACP,
1130,UC_ggXxTxS6HOF_MgixIpYog,FALSE,FALSE,FALSE,FALSE,FALSE,FALSE,FALSE,FALSE,0,|not English chess,
1131,UCHExB-d5s0zBcbsaHEUy91Q,FALSE,FALSE,FALSE,FALSE,FALSE,FALSE,FALSE,FALSE,0,|relationships from female perspectives,
1132,UCJborosy42tsew5oaYZWV5A,FALSE,FALSE,FALSE,FALSE,FALSE,FALSE,FALSE,FALSE,0,|old stuff,
1133,UCo3nWXH_6vVJ5-xbF3bKb3Q,FALSE,FALSE,FALSE,FALSE,FALSE,FALSE,FALSE,FALSE,0,"|Conan O'brien, not on allsides or MBFC","not current conan o'brien videos but rather old clips, so not current events"
1134,UCJlYsz0wNkoaOhPKVnscKXQ,FALSE,FALSE,FALSE,FALSE,FALSE,FALSE,FALSE,FALSE,0,|music,
1135,UC12lU5ymIvSpgl8KntDQUQA,FALSE,FALSE,FALSE,FALSE,FALSE,FALSE,FALSE,FALSE,0,|history,
1136,UC8GH-BSMPM22FJI-qA87KQw,FALSE,FALSE,FALSE,FALSE,FALSE,FALSE,FALSE,FALSE,0,|bike mechanic,
1137,UC-ITe1nKavRL6-Sl2aE3LKA,FALSE,FALSE,FALSE,FALSE,FALSE,FALSE,FALSE,FALSE,0,|music,
1138,UC6wBro4B4pf9xnBh9Xi2zcQ,FALSE,FALSE,FALSE,FALSE,FALSE,FALSE,FALSE,FALSE,0,|filmmaker,
1139,UC7U968BohWeOm183tDCphRQ,FALSE,FALSE,FALSE,FALSE,FALSE,FALSE,FALSE,FALSE,0,|bike mechanic,
1140,UC-pE29OUR43BqqBxIeyo_GA,FALSE,FALSE,FALSE,FALSE,FALSE,FALSE,FALSE,FALSE,0,|cartoons,
1141,UCsN32BtMd0IoByjJRNF12cw,FALSE,FALSE,FALSE,FALSE,FALSE,TRUE,FALSE,FALSE,1,"|60 minutes, not on MBFC or allsides",
1142,UCIg72PUPnRzjF5YzyvHoAJw,FALSE,FALSE,FALSE,FALSE,FALSE,FALSE,FALSE,FALSE,0,|not English,
1143,UCVenB_yU7Y-5axI7DvUjiLQ,FALSE,FALSE,FALSE,FALSE,FALSE,FALSE,FALSE,FALSE,0,|languages,
1144,UCQCOmVByjOpoEO5xICwS_9Q,FALSE,FALSE,FALSE,FALSE,FALSE,FALSE,FALSE,FALSE,0,|gamer,
1145,UCf0NWhZI8anaOHyHxGMrqdw,FALSE,FALSE,FALSE,FALSE,FALSE,FALSE,FALSE,FALSE,0,|gospel music,
1146,UCVZjoJ7aAc_IDANjT7G10sQ,FALSE,FALSE,FALSE,FALSE,FALSE,FALSE,FALSE,FALSE,0,|vlog,
1147,UCkS_HP3m9NXOgswVAKbMeJQ,FALSE,FALSE,FALSE,FALSE,FALSE,FALSE,FALSE,FALSE,0,|history,
1148,UCdFmEprP16AQ2CQ6Y9OivDw,FALSE,FALSE,FALSE,FALSE,FALSE,FALSE,FALSE,FALSE,0,|celebrity moments,
1149,UCks44GpUzfI4OWVeVgHejVg,FALSE,FALSE,FALSE,FALSE,FALSE,FALSE,FALSE,FALSE,0,|old celebrities,
1150,UC-yfUNgaRPRc50SFpr6Bp-A,FALSE,FALSE,FALSE,FALSE,FALSE,FALSE,FALSE,FALSE,0,|Johnny Dang famous fjewelry guy,
1151,UCXyJVxSt3apCQCdzo48yn9g,FALSE,FALSE,FALSE,FALSE,FALSE,FALSE,FALSE,FALSE,0,|music,
1152,UCO24uYfXkWFWF9a8xOzlmRw,FALSE,FALSE,FALSE,FALSE,FALSE,TRUE,FALSE,FALSE,1,|culture/drag,
1153,UCJrWgtbQdWgfmxKbBg2cXbA,FALSE,FALSE,FALSE,FALSE,FALSE,FALSE,FALSE,FALSE,0,|gamer,
1154,UC8sAnv4-VVljzmLlQ-Omjfw,FALSE,FALSE,FALSE,FALSE,FALSE,FALSE,FALSE,FALSE,0,|all about communications,
1155,UCBS9Fn8-aFK6ezfvQitokOQ,FALSE,FALSE,FALSE,FALSE,FALSE,FALSE,FALSE,FALSE,0,|artists of color,
1156,UCABZ7Z6SBTp4IsARDceOq7w,FALSE,FALSE,FALSE,FALSE,FALSE,FALSE,FALSE,FALSE,0,|drama behind comedians,
1157,UC3cC3fqGreVygtVtfGIRDGg,FALSE,FALSE,FALSE,FALSE,FALSE,FALSE,FALSE,FALSE,0,|viral content,
1158,UC7IApzkaY4k4BMvgyJGK0Bw,FALSE,FALSE,FALSE,FALSE,FALSE,FALSE,FALSE,FALSE,0,|silent films,
1159,UCobopnNugl2Le_2N3byouHg,FALSE,FALSE,FALSE,FALSE,FALSE,FALSE,FALSE,FALSE,0,|cats,
1160,UC1s9576cQFdQq3QTtTxocmA,FALSE,FALSE,FALSE,FALSE,FALSE,FALSE,FALSE,FALSE,0,|real crime,
1161,UCh2j2kfiUg02cne8jW9MfFQ,FALSE,FALSE,FALSE,FALSE,FALSE,FALSE,FALSE,FALSE,0,|family vlogs,
1162,UCmZ9v4r65pF6jg_lrswDRjQ,FALSE,FALSE,FALSE,FALSE,FALSE,FALSE,FALSE,FALSE,0,|birds,
1163,UCYuXyzwA_w4-c1FJrqOnR0A,FALSE,FALSE,FALSE,FALSE,FALSE,FALSE,FALSE,FALSE,0,|crime,
1164,UCqdKijTcFmMwTuL97jgcq7w,FALSE,FALSE,FALSE,FALSE,FALSE,FALSE,FALSE,FALSE,0,|not English,
1165,UCED8pMWG-9Uno7xesInuGuQ,FALSE,FALSE,FALSE,FALSE,FALSE,FALSE,FALSE,FALSE,0,|vlog,
1166,UCpj2injjjMyfZ06Egfotvew,FALSE,FALSE,FALSE,FALSE,FALSE,FALSE,FALSE,FALSE,0,|tools,
1167,UCEVSRqPW008JbOfF1qFHP6w,FALSE,FALSE,FALSE,FALSE,FALSE,FALSE,FALSE,FALSE,0,|not English (looks religious but not US though),
1168,UCdKWfPLO_Emwqd8HnTOeJkw,FALSE,FALSE,FALSE,FALSE,FALSE,FALSE,TRUE,FALSE,0,|right-wing takes on US and international news,
1169,UCBXErHW5SiUcLYZsX2SX2gg,FALSE,FALSE,FALSE,FALSE,FALSE,FALSE,FALSE,FALSE,0,|not English,
1170,UCoHNcKmlnXjR-UEXCaJuftg,FALSE,FALSE,FALSE,FALSE,FALSE,FALSE,FALSE,FALSE,0,|basketball,
1171,UCqKElHI90NV-gHAm73mY4sA,FALSE,FALSE,FALSE,FALSE,FALSE,FALSE,FALSE,FALSE,0,|not English,
1172,UCW-LowprTxelr8wEzkouBSQ,FALSE,FALSE,FALSE,FALSE,FALSE,FALSE,FALSE,FALSE,0,|life interviews of those with military backgrounds,
1173,UCWLJV_nY95B-sXmpqB_MYjw,FALSE,FALSE,FALSE,FALSE,FALSE,FALSE,FALSE,FALSE,0,|parodies of liberal plitics,satire
1174,UCGTujnLb5iWYLPKpjLfyGZw,FALSE,FALSE,FALSE,FALSE,FALSE,FALSE,FALSE,FALSE,0,|just two finance videos,
1175,UC3cPhEuKo9FdMn6D0DNB8Iw,FALSE,FALSE,FALSE,FALSE,FALSE,FALSE,FALSE,FALSE,0,|not Engilsh,
1176,UCqO-_PeT6CMPo8KN34e-q_A,FALSE,FALSE,FALSE,FALSE,FALSE,FALSE,FALSE,FALSE,0,|agricultural life,
1177,UCCITMedGC5PA-zMrLTH5-kg,FALSE,FALSE,FALSE,FALSE,FALSE,FALSE,TRUE,FALSE,0,|Trump videos,
1178,UCdCzO-XbdKDhJQP8hruzvbA,FALSE,FALSE,FALSE,FALSE,FALSE,FALSE,FALSE,FALSE,0,|ed tech,
1179,UCrsJ-HTGj0Xzhqz5oCw2Tdg,FALSE,FALSE,FALSE,FALSE,FALSE,FALSE,FALSE,FALSE,0,|music,
1180,UCC4vs_6IdURyXrwYa74k-jw,FALSE,FALSE,FALSE,FALSE,FALSE,FALSE,FALSE,FALSE,0,|music,
1181,UC4Vtokc-SD2ACFKqSOBc8ww,FALSE,FALSE,FALSE,FALSE,FALSE,FALSE,FALSE,FALSE,0,|wedding and music,
1182,UC0CRYvGlWGlsGxBNgvkUbAg,FALSE,FALSE,FALSE,FALSE,FALSE,FALSE,FALSE,FALSE,0,|weight loss,
1183,UC1V2kcj7gqiA5p4yNU4ahrw,FALSE,FALSE,FALSE,FALSE,FALSE,FALSE,FALSE,FALSE,0,|religion,
1184,UCc0fPZVnLrAM3bfy9y8yhdg,FALSE,FALSE,FALSE,FALSE,FALSE,FALSE,FALSE,FALSE,0,|ole miss news,
1185,UCFDidMd82mpDkKijLUqHp7A,FALSE,FALSE,FALSE,FALSE,FALSE,FALSE,FALSE,FALSE,0,|sports,
1186,UCwzCMiicL-hBUzyjWiJaseg,FALSE,FALSE,FALSE,FALSE,FALSE,FALSE,FALSE,FALSE,0,|kill tony,
1187,UCkd0wwbvrhvKj3mzend5wBg,FALSE,FALSE,FALSE,FALSE,FALSE,FALSE,FALSE,FALSE,0,|guns,
1188,UCNuKRho2SAgH1oaHlzEXArg,FALSE,FALSE,FALSE,FALSE,FALSE,FALSE,FALSE,FALSE,0,|gamer,
1189,UCIe2pR6PE0dae9BunJ38F7w,FALSE,FALSE,FALSE,FALSE,FALSE,FALSE,FALSE,FALSE,0,|doctor,
1190,UCjzurbOLJU1GWbO0n32IJNA,FALSE,FALSE,FALSE,FALSE,FALSE,FALSE,FALSE,FALSE,0,|guns,
1191,UCIRXJlF6oIP2jdi7WYNLcoQ,FALSE,FALSE,FALSE,FALSE,FALSE,FALSE,FALSE,FALSE,0,|deepfakes to get politicians to say things they wouldn't,
1192,UCSsLujbtWIEFlTFlBRr_iYQ,FALSE,FALSE,FALSE,FALSE,FALSE,FALSE,FALSE,FALSE,0,|no videos,
1193,UCNVX5X6vn0DzlqWNZnHFwKw,FALSE,FALSE,FALSE,FALSE,FALSE,FALSE,TRUE,FALSE,0,|second amendment legal advocate,
1194,UCy6D16zE_mMEm1HVD20WFxA,FALSE,FALSE,FALSE,FALSE,FALSE,FALSE,FALSE,FALSE,0,|liberal if anything,
1195,UC3prwMn9aU2z5Y158ZdGyyA,FALSE,FALSE,FALSE,FALSE,FALSE,FALSE,FALSE,TRUE,1,|world news,
1196,UCZViJTyN0OXTTuPQ2mimNWw,FALSE,FALSE,FALSE,FALSE,FALSE,FALSE,TRUE,FALSE,0,|critiques liberal philosphies,
1197,UC9VZmuZwCI_au51hEQ5Q_2Q,FALSE,FALSE,FALSE,FALSE,FALSE,FALSE,FALSE,FALSE,0,|christian church,
1198,UCyI4gi0BtlKiUl6KgtuVIUw,FALSE,FALSE,FALSE,FALSE,FALSE,FALSE,FALSE,FALSE,0,|it's about canada,
1199,UC9Iz85xFThKhfEGaX2lhZWA,FALSE,FALSE,FALSE,FALSE,FALSE,FALSE,FALSE,FALSE,0,|terminated,
1200,UCPsfM4vuu_FmjQXfWCHdh4g,FALSE,FALSE,FALSE,FALSE,FALSE,FALSE,FALSE,FALSE,0,|music,
1201,UCmTe0LsfEbpkDpgrxKAWbRA,FALSE,FALSE,FALSE,FALSE,FALSE,FALSE,FALSE,FALSE,0,|Physical therapists,
1202,UCYgjbPIXcXNzxHvocj_f5LQ,FALSE,FALSE,FALSE,FALSE,FALSE,FALSE,FALSE,FALSE,0,|anti-left satire,
1203,UCoqHepalkjkyEnIP_UDdsKg,FALSE,FALSE,FALSE,FALSE,FALSE,FALSE,FALSE,FALSE,0,|not English,
1204,UC9f7TTl_i2gv2zMHN83tK9g,FALSE,FALSE,FALSE,FALSE,FALSE,FALSE,FALSE,FALSE,0,|criminology,
1205,UCWV-LeZ9dIBQyb8UuBGwdJw,FALSE,FALSE,FALSE,FALSE,FALSE,FALSE,FALSE,FALSE,0,|fox sports radio,
1206,UCQHD0Zu03Lc1sINDhg2JUVA,FALSE,FALSE,FALSE,FALSE,FALSE,FALSE,FALSE,FALSE,0,|not English,
1207,UCWCtoOXSwTcbVjOiK8iFGUg,FALSE,FALSE,FALSE,FALSE,FALSE,FALSE,FALSE,FALSE,0,|korean poker player,
1208,UCg-p3lQIqmhh7gHpyaOmOiQ,FALSE,FALSE,FALSE,FALSE,FALSE,FALSE,FALSE,FALSE,0,|korean food,
1209,UCUFQP7lFqQJ0vVPcBvSQTUw,FALSE,FALSE,FALSE,FALSE,FALSE,FALSE,FALSE,FALSE,0,|not English,
1210,UCnmcYe3DcJFIGGbwop_Or8w,FALSE,FALSE,FALSE,FALSE,FALSE,FALSE,FALSE,FALSE,0,|Christian,
1211,UCz9H2Q9VSOETHGD9MusUx9Q,FALSE,FALSE,FALSE,FALSE,FALSE,FALSE,FALSE,FALSE,0,|not English Chirstian,
1212,UCrbrZAP6_p_1Kb5Nu2vmwtg,FALSE,FALSE,FALSE,FALSE,FALSE,FALSE,FALSE,FALSE,0,|an arborist,
1213,UC3rht1s6oKV8PnW1ds47_KQ,FALSE,FALSE,FALSE,FALSE,FALSE,FALSE,FALSE,FALSE,0,|university,
1214,UC2jAc3ifBNVT03iLjXSRPwQ,FALSE,FALSE,FALSE,FALSE,FALSE,FALSE,FALSE,FALSE,0,|us gov expose conspiracy thories,
1215,UCSWg_hSWw2jMihTbbl-4psg,FALSE,FALSE,FALSE,FALSE,FALSE,FALSE,FALSE,FALSE,0,|not English,
1216,UCquS5O85Vuok47Mv_k0SvQA,FALSE,FALSE,FALSE,FALSE,FALSE,FALSE,FALSE,FALSE,0,|anti-left satire,satire
1217,UCU_W0oE_ock8bWKjALiGs8Q,FALSE,FALSE,FALSE,FALSE,FALSE,FALSE,FALSE,FALSE,0,|conversational self-help,
1218,UCXD5aOFDPO1W264sJvYc85Q,FALSE,FALSE,FALSE,FALSE,FALSE,FALSE,FALSE,FALSE,0,|motivation,
1219,UCG9PRaNVmqZc95t1a3953aw,FALSE,FALSE,FALSE,FALSE,FALSE,FALSE,FALSE,FALSE,0,|local county government videos,
1220,UCKpbHtJC3TOdh3KEjUg6wYQ,FALSE,FALSE,FALSE,FALSE,FALSE,FALSE,FALSE,FALSE,0,|not English,
1221,UCL--aVuBMl_BDGtbNOHNN2w,FALSE,FALSE,FALSE,FALSE,FALSE,FALSE,FALSE,FALSE,0,|terminated,
1222,UCEitDF2sPSRnUP26liLzTXw,FALSE,FALSE,FALSE,FALSE,FALSE,FALSE,FALSE,FALSE,0,|cars,
1223,UCugX2-uCFbKU-4iMV0oZ4rA,FALSE,FALSE,FALSE,FALSE,FALSE,FALSE,FALSE,FALSE,0,|anime,
1224,UC7YEXtLPNiGFv9VaGmdBwOw,FALSE,FALSE,FALSE,FALSE,FALSE,FALSE,FALSE,FALSE,0,|Christian,
1225,UC7bYyWCCCLHDU0ZuNzGNTtg,FALSE,FALSE,FALSE,FALSE,FALSE,FALSE,TRUE,FALSE,0,|Brett Cooper (pretty right),
1226,UCo6JSNp6SuUKf-yiaBQReNA,FALSE,FALSE,FALSE,FALSE,TRUE,FALSE,FALSE,FALSE,0,|easy from title cards,
1227,UCcvfHa-GHSOHFAjU0-Ie57A,,,FALSE,FALSE,,,,,0,"|leftist, Eastern European politcal commentary|escaping alt-right: https://www.youtube.com/watch?v=94_5mXsQTpA|",
1229,UCEuMQ0H-7VYfox21BvmjjsQ,,,FALSE,FALSE,,,,,0,|news,
1230,UC9r9HYFxEQOBXSopFS61ZWg,,,FALSE,FALSE,,,,,0,|news,
1231,UCvixJtaXuNdMPUGdOPcY8Ag,,,FALSE,FALSE,,,,,0,|news,
1232,UCTrQ7HXWRRxr7OsOtodr2_w,,,FALSE,FALSE,,,,,0,|news,
1234,UCxt2r57cLastdmrReiQJkEg,,,FALSE,FALSE,,,,,0,|culture and politics commentary,
1235,UCNUTZU0Xh8Aem_RlYkSSLrQ,,,FALSE,FALSE,,,,,0,|culture and politics commentary,
1238,UC0YvoAYGgdOfySQSLcxtu1w,,,FALSE,FALSE,,,,,0,|political commentary,
1239,UCYC4ijpFZY_CtdElWFyy-Gg,,,FALSE,FALSE,,,,,0,|Slate news,
1240,UCPPZoYsfoSekIpLcz9plX1Q,,,FALSE,FALSE,,,,,0,|political commentary,
1241,UC-3jIAlnQmbbVMV6gR7K8aQ,,,FALSE,FALSE,,,,,0,|political talk show,
1242,UC16niRr50-MSBwiO3YDb3RA,,,FALSE,FALSE,,,,,0,|BBC news,
1243,UCsCo__V-uX9-yB0nhTni4Tg,,,FALSE,FALSE,,,,,0,|Alabama politics,
1244,UCmYesELO6axBrCuSpf7S9DQ,,,FALSE,FALSE,,,,,0,|politics/economics/history,
1245,UCYyNp5I1bpkxiM7aAPmH3Ug,,,FALSE,FALSE,,,,,0,|anti-racist perspectives,
1246,UC1yBKRuGpC1tSM73A0ZjYjQ,,,FALSE,FALSE,,,,,0,|Young Turks,
1248,UCODc8Pa-_WUMaVRp9dvmNmw,,,,,FALSE,TRUE,,,1,|local news||,
1249,UC673WfesrYoCgG9VsekGlEQ,,,,,FALSE,FALSE,,,0,|right-biased according to MBFC,
1250,UCeYP27qLtfUMY1b1Cyy3WdQ,,,,,FALSE,FALSE,,,0,|atheism,
1251,UCTnhya0OmSG64vw3fVgdGDg,,,,,FALSE,FALSE,,,0,|american veterans center,not current events
1252,UCIveFvW-ARp_B_RckhweNJw,FALSE,FALSE,FALSE,FALSE,FALSE,FALSE,TRUE,FALSE,0,|steven crowder (!!!),
1254,UCbjBOso0vpWgDht9dPIVwhQ,,,,,FALSE,FALSE,,,0,|Right-wing ?,
1255,UCxQ5j4qz0YcWW5EfYGV3c-g,,,,,FALSE,FALSE,,,0,"|pretty right-leaning (words like ""Feminazis"")",
1256,UCQv44qD9R5Ae6Z3iUeZm7iQ,,,,,FALSE,TRUE,FALSE,TRUE,2,|10news.com San Diego|10news.com San Diego,
1257,UCHqC-yWZ1kri4YzwRSt6RGQ,,,,,FALSE,FALSE,,,0,|right-leaning,
1258,UC-OKkVxTcgGo34pWUC9CIIw,,,,,FALSE,FALSE,,,0,|right-leaning politics,
1260,UCDFLiE2iGUvlZMmhemzy6eA,,,,,,,FALSE,FALSE,0,|local news,least biased according to MBFC
1261,UCAzmZBRizw70GVykyfMQ_BA,,,,,,,FALSE,TRUE,1,|Indianapolis news,
1262,UCIAXaU6LIcZyoHYWqVLM4wg,,,,,,,FALSE,FALSE,0,|meme-ing the right,
1263,UCN8tDK98j963MHZ5BJ15CeA,,,,,,,FALSE,FALSE,0,|Buffalo public media,
1264,UCwHKLYLfz6M14SbBahFH5VA,,,,,,,FALSE,FALSE,0,|local news (on MBFC),
1265,UCOEvClYLRZcT5bNCCI5eMKg,,,,,,,FALSE,FALSE,0,|MBFC left-center,
1266,UCYUbNjkuE4lsr2v1Id2O1oA,,,,,,,FALSE,FALSE,0,|ABC news Bay area (def not right cuz its in bay area and ABC but could be left),
1267,UCUMZ7gohGI9HcU9VNsr2FJQ,,,,,,,FALSE,FALSE,0,|Bloomberg quicktake,
1268,UCs9-XIXPfAF465u3OVdMILg,,,,,,,FALSE,FALSE,0,|anti-trump drama,
1269,UCxCfoSInadl-4i3F70zDt1A,,,,,,,FALSE,FALSE,0,|nyc news NBC,
1270,UCHrro57kEHOCo7XAxYKD6-A,,,,,,,FALSE,FALSE,0,|philly news,
,,,,,,,,,,,,
,,,,,,,,,,,,
,,,,,,,,,,,19,