rank,video_id,channel_id,topic,strategy,on_topic,potential_other_category,update_required,notes
5,jpmLEdCeevo,UC81DuEHqyRUGhj6rMcEP6cw,alt-right,delete,FALSE,,,Japanese
6,Dx5qFachd3A,UCJhjE7wbdYAae1G25m0tHAA,alt-right,delete,FALSE,,,
14,PLspFX498zc,UCYac9irNGo3pSrvc_L8HERw,alt-right,delete,,,,
5,YGsG2aCtt8E,UCJI4ZOQ_0R1HbWmIPY3DTLg,alt-right,delete,FALSE,,,emergency responses
13,ZwqzcGVVJIc,UCCXoCcu9Rp7NPbTzIvogpZg,alt-right,delete,,,,
14,KJZ9FBc-Luo,UC4EQHfzIbkL_Skit_iKt1aA,alt-right,delete,,,,
2,zySUlGXbXvA,UCUaT_39o1x6qWjz7K2pWcgw,alt-right,delete,FALSE,,,Mr Beast reacts
5,yJxBWfZKMbk,UC3dj5GTfwq6CFXyleL9BNhQ,alt-right,delete,FALSE,,,Korean beauty
11,38gVZgE39K8,UCHnyfMqiRRG1u-2MsSQLbXA,alt-right,delete,FALSE,,,
0,7Tuhg0tyzT4,UCSNpKEljp_Yqlo-1lUpnJNg,alt-right,delete,FALSE,,,Animals and military
5,PUh6mC6Ge7M,UCk7Pn9IsVZHH1hKCMiTgvlA,alt-right,delete,FALSE,,,Korean gaming
7,AivQBXds-r0,UCSUf5_EPEfl4zlBKZHkZdmw,alt-right,delete,FALSE,,,
11,LtwKO3jIAdk,UCdqp0KK_Io7TwK5cJMBvB0Q,alt-right,delete,,,,
0,0rliFQ0qyAM,UCJLZe_NoiG0hT7QCX_9vmqw,alt-right,delete,FALSE,,,
3,6PpEQAnX5ng,UCDITPPg2yh6rVP6KCj_7S6g,alt-right,delete,FALSE,,,music
4,jK9spxXUeV8,UCidJftClM4kU1196YynvqXg,alt-right,delete,FALSE,,,tiny home tours
5,9NhopisHeZc,UCGlHivrjIrXDkAWpAjjvZrw,alt-right,delete,FALSE,,,English lessons
9,PM2f835zx88,UC0Kgvj5t_c9EMWpEDWJuR1Q,alt-right,delete,FALSE,,,DJ Khaled
13,YtUhl7q82i4,UCHYoe8kQ-7Gn9ASOlmI0k6Q,alt-right,delete,,,,
14,Kx6j7dglzbM,UCTM-p_LO8fsbLRMFqitWqBA,alt-right,delete,,,,
5,jNYp2qHskiQ,UCvWMErImdeJKAuai7uGnX4A,alt-right,dislike,FALSE,,,Vanpeth Lifestyle
8,vA2xgHkaLmM,UCIOW_qxnFZS-xOhdUeCl7-g,alt-right,dislike,FALSE,Politics-left,,Meme-ing the left (IDW???)
2,PXbjfPq_LAQ,UCMvJWHpw16t0SBbeqQ7SztA,alt-right,dislike,FALSE,,,memes
3,65nu8_HnYY8,UChMeRHAMeiYk8gsABu3eS9g,alt-right,dislike,FALSE,,,Korean kids show
9,ARBp0NKiPKU,UCPgcmbfStmXDCWh8KmpyUDA,alt-right,dislike,FALSE,,,Vlogging
10,v3vWfuyGI4E,UCDogdKl7t7NHzQ95aEwkdMw,alt-right,dislike,,,,
12,VqrH_7lQMvc,UCACaf4768OmfL-XWWIANy4g,alt-right,dislike,,,,
13,KyeM-mLV8EE,UCNTuVMv2WRVnYcgJx7DjNPQ,alt-right,dislike,,,,
2,jX4mnn54M_Q,UCtBvgENFSqmWIJ_OmCcZtRA,alt-right,dislike,FALSE,,,Kittens and music
7,xWMj-mFUDGA,UCZO_rA62WyBZCeTTW6BSjvQ,alt-right,dislike,FALSE,,,Domestic and abroad hero stories of military members
10,jFb9PkbasbU,UCWpE6ggqx67GtTfqQCeevVA,alt-right,dislike,,,,
12,58fqNL-kvaI,UC3ltptWa0xfrDweghW94Acg,alt-right,dislike,,,,
4,UuZCLAYqSEE,UCL_f53ZEJxp8TtlOkHwMV9Q,alt-right,dislike,FALSE,Politics-right,,Jordan Peterson
14,v3vWfuyGI4E,UCDogdKl7t7NHzQ95aEwkdMw,alt-right,dislike,,,,
3,RcLjaUTErnA,UChd1FPXykD4pust3ljzq6hQ,alt-right,dislike,FALSE,,,gamer
12,qLDp-aYnR1Y,UCSHZKyawb77ixDdsGog4iWA,alt-right,dislike,,,,
4,mM2a4G5f-hU,UCe-IpCdcY7Juh6XsJtfj9iw,alt-right,dislike-recommendation,FALSE,,,Comedy
8,OeMDtx7mBLc,UC6o-wWU-v2ClFMwougmK7dA,alt-right,dislike-recommendation,FALSE,Politics-left,,BBC Newsnight
10,-Z_IC3xrgJk,UCCXoCcu9Rp7NPbTzIvogpZg,alt-right,dislike-recommendation,,,,
11,mSdukBny4SQ,UCjzc6KWjzKosSGw0VkIHaaw,alt-right,dislike-recommendation,,,,
5,GN8w2EyIwLs,UCJFsqZrkiTLXpJac-jMMxFA,alt-right,dislike-recommendation,FALSE,,,French game collector
13,vEOvi4Vao_I,UCg8VTeeN4BglqmI1_CBlABg,alt-right,dislike-recommendation,,,,
14,HNOONugZ-FE,UCg4vDcovXPJTcTcYxQ9iCrw,alt-right,dislike-recommendation,,,,
11,Ooo3IOHy4x4,UCtOdHuKfct5Wv5TYdnVs-rQ,alt-right,dislike-recommendation,,,,
14,fDq_8y_drE8,UC0KkQzV-XvTLTToZbs2PrBw,alt-right,dislike-recommendation,TRUE,,,
5,B80U45JJG2k,UCSCgPvbLl_q_t2sy3pxBfnw,alt-right,dislike-recommendation,FALSE,,,music
11,YOPs3zUIMwU,UCKf0UqBiCQI4Ol0To9V0pKQ,alt-right,dislike-recommendation,,,,
4,7dWIDXcJB1E,UCdffptcvDrBiQVnDjHXRpcA,alt-right,dislike-recommendation,FALSE,,,Gavin McInnes (Alt-Lite)
3,wRJdLJlyv9A,UCBCi8RpchMBJaW5GZEgKhnA,alt-right,no-channel,FALSE,,,music
5,20yESmxCO1w,UCxBN8XjD1Cgh376DMHTPdYg,alt-right,no-channel,FALSE,,,not English
13,TFUbAAUsTOc,UCQFC6xLJy3NzxGXRkaPrlYQ,alt-right,no-channel,,,,
5,cv1Eh-yLUY0,UCI5F3u2GH1UDL83dzd08bDg,alt-right,no-channel,FALSE,,,not English (soccer news)
13,shZ46ODt164,UC4N7s7vYsTs6eRGUYh2fIEQ,alt-right,no-channel,,,,
1,KWB5PMgTNHY,UCbVcWGG3tQcRMAR9e4WNKUA,alt-right,no-channel,FALSE,,,TV show
4,1M5hvwecNcg,UCzNfiKcvNjLHljohEkO83Rg,alt-right,no-channel,FALSE,,,Arizona Cardinals news
8,fDq_8y_drE8,UC0KkQzV-XvTLTToZbs2PrBw,alt-right,no-channel,TRUE,,,Sam Hyde (link). This is their second coming channel after being banned the first time. Link to paid subscription-based TV
9,FjNPcyV8zFg,UCM7XCXnxtYJkkMN0zf0tsSw,alt-right,no-channel,FALSE,,,
11,HDcPGB0j_a0,UC6x4zJADfr5Z4w-bf8lbrcg,alt-right,no-channel,,,,
14,0SzmI4pT1cY,UCeKUSiFcCSJo1RrY_-cV_0A,alt-right,none,,,,
3,mikuECXsctY,UCTGdOxJ-uEPHerekLHfHVvg,alt-right,none,FALSE,,,videos of buses
7,GwLhaQCAk4U,UCGpsPLQNPisvIluBCL5NRuA,alt-right,none,FALSE,,,taken down
7,POg0UhVKOXM,UCy-VnRxdzpcQSnR8nPo4wWw,alt-right,none,FALSE,,,Ancient European legends explained
0,EqR5RtoM3H8,UCSIlpkjt79VuCG-IWrU4qLQ,alt-right,not-interested,FALSE,,,graph visualizations of sports/e-sports related stats
1,HB0CZ_5sPPw,UCHJuQZuzapBh-CuhRYxIZrg,alt-right,not-interested,FALSE,,,insider
3,zIxxtV6Fw4I,UCIugi05X4JKUQz3WPD-YKog,alt-right,not-interested,FALSE,Politics-right,,pro-gun
11,qOY_2nVozLA,UCXEns75ExsEwvw6UNmOQcNQ,alt-right,not-interested,,,,
1,B4UClSWEU4M,UCOQaX_La_bqLsjCohB7NHeA,alt-right,not-interested,FALSE,,,channel doesn't exist
11,AX3BeOJuMzo,UCSE6yilNScIz1SLTNQvrXMw,alt-right,not-interested,,,,
1,-PXAOZwvv04,UCLgt3zL2EKHX6xaZ0XmT1XQ,alt-right,not-interested,FALSE,,,Singapore culture/politics
8,93uCKG-DiIo,UCS1lj4kyIrWBqZ5YQHWgT5w,alt-right,not-interested,FALSE,,,David Blaine
10,J76BKzeLHfk,UCsVZh7ixefe7v0wlIkhfk9g,alt-right,not-interested,,,,
11,1zpGEfvBZAo,UCVwL23x69gt2XUPdgF2Nb4Q,alt-right,not-interested,,,,
14,jmqa23kHaGU,UCpTaewGuthzN4CuYKmgXneQ,alt-right,not-interested,FALSE,,,
10,s4ACjyobAug,UCzH2vVrSpjwHNM0U3jJM0lQ,alt-right,not-interested,,,,
12,SXuh6enDeYE,UCRzdMM6aHjAVZXEqd_NrwDQ,alt-right,not-interested,,,,
0,6L_MPhjuL60,UCLwa795M35UGttyryYK-tIw,alt-right,watch,FALSE,,,Old TV shows
3,o8Dn6je89dQ,UC7BMs7qui64f9O1LAodOC4g,alt-right,watch,FALSE,,,not in English
5,E7-Kht9Xnzc,UCpZ5qUqpW4hW4zdfuBxMSJA,alt-right,watch,FALSE,,,
12,SLJGnZ3SPQc,UCbsHYIZwk9pZIMp53ciDjOw,alt-right,watch,,,,
13,8SK4ihvA3Zg,UCD5ZtKIFmGNutSOpfvtL_zg,alt-right,watch,,,,
2,Z4iQxpwYhAg,UCZO_rA62WyBZCeTTW6BSjvQ,alt-right,watch,FALSE,,,
14,VoQU1n2XTyw,UCTvZcgH_rsvaGuZ8mU5jpnA,alt-right,watch,,,,
1,BtTaJAxrqf4,UCJZg9j7nM5F8HrAYB1arxAQ,alt-right,watch,FALSE,,,Football and WWE
2,-F7Ncj2btSg,UCRs1pHnES3QDdh43xbjOmzw,alt-right,watch,FALSE,,,crossfit
5,ty1cPrWX7vI,UC_ptyrI4N4EGBQ9vWVnrKrw,alt-right,watch,FALSE,,,personal vacation vlogs
5,g6bn6XrhYdc,UCYVuC_glCfB-jgc0w1O3EDQ,alt-right,watch,FALSE,,,music
7,POg0UhVKOXM,UCy-VnRxdzpcQSnR8nPo4wWw,alt-right,watch,FALSE,,,
12,e995vOelR5A,UCVKYCeuR3OyO-M2rfUXHDyg,alt-right,watch,,,,
1,YeRThnqKL8M,UCzHN-FjWDMsgfGPvRq7oy-Q,alt-right,watch,FALSE,some sort of politics,,FOX 6 Milwaukee
3,-ZwcU4EfJYM,UC9lqW3pQDcUuugXLIpzcUdA,alt-right,watch,FALSE,,,William Buckley Jr.
5,UgF-_TKGjBs,UCR0uWclVXSBTIGnpzl4Zqdw,alt-right,watch,FALSE,,,Not English music
7,Q1QwSJmStFM,UC2x_qNZXKDxNP1j4jvHATRQ,alt-right,watch,FALSE,some sort of politics,,Face the Nation news
11,XUFa8G56XVQ,UCXwRxm0zS0jBNTMOVI6xZJw,alt-right,watch,FALSE,,,
5,RFgJ2cPMVY8,UCKyQ0UxUM0kckMgZX1hiMcg,antitheist,delete,FALSE,,,Christian
7,xM85KtgU1Yk,UCiqcsTb6Z5_QbdBYxtH96-A,antitheist,delete,FALSE,,,Paragliding videos
2,SkkDD9tJmR0,UCWVCimOe67LOfyi9PjUeGgA,antitheist,delete,TRUE,,,former drug addict who now questions cults and religions through reporting academic research
5,9HWI73xLnv4,UCYx7brrA7urU7mi21eGxyOA,antitheist,delete,FALSE,,,Stock maerket analysis
13,Fnr1cfYL8LQ,UCNdGwhwU7EU51MuBhQFRL1g,antitheist,delete,FALSE,,,
5,x7h37VhjgHQ,UCG2nMF_FmDPBDsYigepKjbQ,antitheist,delete,FALSE,,,not English
8,V_vtYdABwA0,UCI15ZKi4kyBnueoUIvgCvoA,antitheist,delete,FALSE,,,
1,CoP5wLD9clU,UCXbXfisDHV_gDjawCKTyTIw,antitheist,delete,FALSE,,,music
4,7l6L5wFfsLU,UC0QHWhjbe5fGJEPz3sVb6nw,antitheist,delete,FALSE,,,Doctor Mike
11,LtwKO3jIAdk,UCdqp0KK_Io7TwK5cJMBvB0Q,antitheist,delete,,,,
13,lq4OiQs2z9A,UCiciOsypkXcqSFqSPd-NRVA,antitheist,delete,,,,
4,gJp7Wzdah-s,UCBHLgiiQMbPxRVAZCaAQa8g,antitheist,delete,FALSE,,,not English
7,g2cQ2kD6lzs,UCbk_QsfaFZG6PdQeCvaYXJQ,antitheist,delete,FALSE,,,Self-improvement podcast
9,sHkc83XA2dY,UC1W8ShdwtfgjRHdbl1Lctcw,antitheist,delete,FALSE,,,Restoring old videos of America
11,f3CH5LLQsSU,UCU1BkVOLFy9ydSZOjbSIUjA,antitheist,delete,,,,
5,SgI-5ZQjEy0,UCCMp2E0CtVtwzWv5IQUUDBg,antitheist,dislike,FALSE,,,channel doesn't exist
7,u1hgHTuNvdY,UClRjfLJIBl72CUkvZMJ7bKw,antitheist,dislike,FALSE,,,
8,piM1JxxtKFQ,UCyq3gA7Wg4Q3Uf0eMASQ7_A,antitheist,dislike,FALSE,,,channel doesn't exist
0,IdoD2147Fik,UCJJxaJ72jWF_gb0h0ASxaiQ,antitheist,dislike,FALSE,,,random
1,FBeSKL9zVro,UCtM5z2gkrGRuWd0JQMx76qA,antitheist,dislike,FALSE,,,restoring old tools
8,9CqmwqcmzMs,UCwO9dwHkUA39B6GUeTO-fNQ,antitheist,dislike,FALSE,,,gaming
8,3z665_LiLWI,UCTFk52S2qs92XLzfUHRznMQ,antitheist,dislike,FALSE,,,music
12,gekvMh0ZeGY,UCvDI2Sa4BxjJG6a9366hDAg,antitheist,dislike,,,,
5,Fg2rsJstKxo,UCxjkQtJzztnfhA8EqYWPovQ,antitheist,dislike,FALSE,,,banned channel
7,xd2CH5PmesU,UC0YvoAYGgdOfySQSLcxtu1w,antitheist,dislike,FALSE,politics,,political commentary
9,Thl4kNDejtA,UCFwbfx4RtT6RQU-S5tHHIxA,antitheist,dislike,,,,
13,FY4rp--Jgq4,UCnDZx7PgXWm1EXtqFkH-AeA,antitheist,dislike,,,,
14,YPqv9J6wFwE,UCSwRPvvfHwC2hq1uuJ-3DsQ,antitheist,dislike,,,,
9,3yogLC9MfkA,UC7_VH_kj0aD9vhuHmFheUYQ,antitheist,dislike-recommendation,FALSE,,,
14,4xzr_GBa8qk,UCauTfQ2Z2jB0YmOnmSPtMPg,antitheist,dislike-recommendation,,,,
1,rv4MjaF_wow,UCHnyfMqiRRG1u-2MsSQLbXA,antitheist,dislike-recommendation,FALSE,,,science guy
12,3deQXzV-qTk,UCZ54jCdWzxR-rS-i9QoQZdw,antitheist,dislike-recommendation,,,,
14,SpeSpA3e56A,UCRcgy6GzDeccI7dkbbBna3Q,antitheist,dislike-recommendation,,,,
5,dBap_Lp-0oc,UCHnyfMqiRRG1u-2MsSQLbXA,antitheist,dislike-recommendation,FALSE,,,
6,2bVA6TbSGUU,UCYC4ijpFZY_CtdElWFyy-Gg,antitheist,dislike-recommendation,FALSE,politics,,Slate news
8,gcyrrTud3x4,UCFQMO-YL87u-6Rt8hIVsRjA,antitheist,dislike-recommendation,FALSE,,,fantasy shows/books
12,nq4tT68UoCg,UCkFeoNSqYTa7trn75WM9tsg,antitheist,dislike-recommendation,,,,
1,lncLOEqc9Rw,UC9slx_T-Rjue2axR4IA9r5A,antitheist,dislike-recommendation,FALSE,,,international news
5,zVOvO5oCmps,UC4dxun8grR8anho6aZdrulA,antitheist,dislike-recommendation,FALSE,,,anti-Muslim Christian
8,g0OdmRtuQew,UCQBM4xr6y0JjQGB0puF7evQ,antitheist,dislike-recommendation,FALSE,,,one video
10,aHjygzLa2cQ,UC7YJqQIW_NACsE8wGZslsLw,antitheist,dislike-recommendation,,,,
3,iGfmQQpDv2Q,UCgmvVWc29nsa4uaGwSDF4Kw,antitheist,dislike-recommendation,FALSE,,,pro-science but not anti-religion
4,-6-Q3Mdj6Eo,UCC0_0zNfnHBNi50okydMGkw,antitheist,dislike-recommendation,TRUE,,,"counter-Christian podcast, self-prescribed Atheist (link)"
6,4QV5TmASw7I,UCEuhsgmcQRbtfiz8KMfYwIQ,antitheist,dislike-recommendation,FALSE,,,NASA
9,6Bl19IKkKjU,UCezvRYYMyyBDH8g0IwA3Caw,antitheist,dislike-recommendation,,,,
11,Fh3rbs9xPyU,UC6Ii2PPnHDkjLTJJQgOw7sQ,antitheist,dislike-recommendation,,,,
14,pO-0oM21Uhg,UCEq_Dr1GHvnNPQNfgOzhZ8Q,antitheist,dislike-recommendation,,,,
5,TzElm7R4RSY,UC8voy4IrQS7HEL1rCq5XLsw,antitheist,no-channel,FALSE,,,not English
6,Y9qlni5LA9Q,UC0bCUnP5RrkJZUtd3bBz6Kw,antitheist,no-channel,FALSE,politics,,WPTV News
4,IuDuKOSQXgk,UCPPZoYsfoSekIpLcz9plX1Q,antitheist,no-channel,FALSE,politics,,political commentary
10,4bEGLbCNRqw,UC5SjlJYvTNBFnQA94dWE64g,antitheist,no-channel,,,,
12,_wbS_todg9w,UCW0dnvm9NRJYbmKxhtnpWqQ,antitheist,no-channel,,,,
0,2bVA6TbSGUU,UCYC4ijpFZY_CtdElWFyy-Gg,antitheist,no-channel,FALSE,,,
3,b7UHXPQU1cM,UC--OJHMnaRmBtQJaa1RIcbQ,antitheist,no-channel,FALSE,,,gamer
7,dbeD8Z1Wh1g,UCcJL2ld6kxy_nuV1u7PVQ0g,antitheist,no-channel,FALSE,,,gamer
11,aFlromB6SnU,UCFbtcTaMFnOAP0pFO1L8hVw,antitheist,no-channel,,,,
4,vKHnippMPeA,UCiiD_FskvOW1liT7aGf8gvg,antitheist,no-channel,FALSE,,,music
5,vqPEm5FykNU,UCynceZutARWiCggpqQsmSdg,antitheist,no-channel,FALSE,,,Chinese
9,iGfmQQpDv2Q,UCgmvVWc29nsa4uaGwSDF4Kw,antitheist,no-channel,FALSE,,,
13,eB9am3HGQs0,UCIPrTRL2hvIMS1qu2AGEj9w,antitheist,no-channel,FALSE,,,
14,N274EurzpAA,UCYwVxWpjeKFWwu8TML-Te9A,antitheist,no-channel,,,,
0,m25S93GWl6U,UC8q-Dp7u3aW7kKiy_9IKmsA,antitheist,none,TRUE,,,Anti-JW who doesn't have a religion now (link)
10,cI0zN1nG3PQ,UCPhADRTIwDxB0vVSU33CijA,antitheist,none,,,,
8,8XNQM4aaYiQ,UCCR23SnRcuAqafV1lH1le5w,antitheist,none,TRUE,,,self-described atheist (explicit in thier description!)
14,aQ1Mtu_HZLc,UCNvzD7Z-g64bPXxGzaQaa4g,antitheist,none,,,,
3,eB9am3HGQs0,UCIPrTRL2hvIMS1qu2AGEj9w,antitheist,none,FALSE,,,old TV shows
14,PZ7lDrwYdZc,UCcf1t1tH-Pp5bmu4hbAytwA,antitheist,not-interested,,,,
0,AxLlUuWpadU,UCu82lq4IgdKhZPQJ9lK_-rw,antitheist,not-interested,FALSE,,,Johnny Depp clips
3,zXb0X_eM4sY,UCZIv78thfup6-JB5HxqT3Pg,antitheist,not-interested,FALSE,,,comedy
4,LKK63fl7J7U,UCaSmDhQNWPogseoH-rRtEoA,antitheist,not-interested,FALSE,,,tribal people react
5,hgh7UAAnqy8,UCk1Cqmpj3vtS9O58Gr9kyvA,antitheist,not-interested,FALSE,,,lifestyle videos
8,f1EQdWp0Ggo,UCKaY_IzDOy-7RuBFHJBKq7g,antitheist,not-interested,FALSE,,,personal family videos
13,9kgRHg3TaAI,UCCpGmaf-qV_-O7knbTlazLA,antitheist,not-interested,,,,
14,mhd9FXYdf4s,UCflg8pIElTb9qdFVaDC7gMQ,antitheist,not-interested,,,,
1,v-22XdFGxyE,UC-3jIAlnQmbbVMV6gR7K8aQ,antitheist,not-interested,FALSE,politics,,political talk show
5,0h1XlsskYmY,UCuTn8_8SfB68nNitTaC63IA,antitheist,not-interested,FALSE,,,random
10,pkSYR9HSmfw,UCSa0ZM0W0r_HgEWdNXBYdEA,antitheist,not-interested,,,,
14,TClRRMFZ7Sw,UCy0tKL1T7wFoYcxCe0xjN6Q,antitheist,not-interested,,,,
2,t17O2AKa2FU,UC16niRr50-MSBwiO3YDb3RA,antitheist,not-interested,FALSE,politics,,BBC news
5,R7fAKU_FgKw,UCpTaewGuthzN4CuYKmgXneQ,antitheist,not-interested,FALSE,,,recipes
7,EyF_XafkUCk,UCViHLxa_e42w21g4B1TkEfA,antitheist,not-interested,FALSE,,,show/movie reviews
8,RGNTYPmeLXk,UClykrxsUcLVY428ONkAUbJg,antitheist,not-interested,FALSE,,,nature/agriculture
10,FmDe9hQfXco,UCk2hNddcrBOJ_vwlFohhP-Q,antitheist,not-interested,,,,
2,vT8rJKHwBl4,UCsCo__V-uX9-yB0nhTni4Tg,antitheist,watch,FALSE,politics,,Alabama politics
3,lJW32LY-kqA,UCCMGnPgnTRf1gVLQziHGPIw,antitheist,watch,FALSE,,,not English
11,IlgtAzQhfOs,UC51KgmIyNO6uqxb68sjgIXw,antitheist,watch,FALSE,,,
12,RkWqb11wPdc,UCQAWn7vlYt1XB-nxxQww-wQ,antitheist,watch,,,,
1,n_8V3oxl0FM,UC9l0MbwmC88-wv9M8qORxwA,antitheist,watch,FALSE,,,"ex-Scientology member (but not self-proclaimed atheist: ""I am not myself a humanist, atheist, christian, agnostic, satanist, scientologist, nor anything else. Believe what you like, it doesn't matter."")"
11,5qEO-CzHBU0,UCF4LEacx9sDvAbEJnlaJfKQ,antitheist,watch,FALSE,politics,,local news KPIX CBS SF Bay Area
4,KjZT26xRpZs,UCVUWJN0Fz4JwCvoZwQKr84A,antitheist,watch,FALSE,,,dog videos
7,hzVDgYRoSeo,UC8p1vwvWtl6T73JiExfWs1g,antitheist,watch,FALSE,politics,,CBS News
13,X2iOe7DAc1Q,UCBu0KdNokE4MqdkacvH37_A,antitheist,watch,,,,
14,QjsfRDv2AOY,UCMYlXK0jyerVnc3dmz-vjCA,antitheist,watch,,,,
7,ozdL1lEA3Bg,UCYUZ0gWRp_HQCVEz0OovuAg,antitheist,watch,FALSE,,,crime stories
4,2yJMIL40P7I,UCt-pDGjLBAItRIz10C38VHQ,antitheist,watch,FALSE,,,toy reviews
13,8N8d5oUrMw0,UCpR_4YnLJAphcr0VI5yR5SA,antitheist,watch,,,,
14,TaE7i_OdOew,UCBu0KdNokE4MqdkacvH37_A,antitheist,watch,,,,
3,u9X5SQCDnio,UCV-oV8yecSfMZnzdKAhO_4A,politics-left,delete,FALSE,,,"""beautiful moments"" but uses sex appeal in title cards "
11,okpRE79cNS4,UCVnjt9mMx46gMUeTtONXimQ,politics-left,delete,FALSE,politics,***,local news
12,aH9sJicxW3M,UC-RxXi2Xws6Uk22vp-sLbGA,politics-left,delete,,,,
4,2isYuQZMbdU,UCX6OQ3DkcsbYNE6H8uQQuVA,politics-left,delete,FALSE,,,Mr. Beast
2,l5XP6T7xqek,UCSm-R5OcwjKSeQZFC6VROVw,politics-left,delete,FALSE,,,cool cars
4,0rliFQ0qyAM,UCJLZe_NoiG0hT7QCX_9vmqw,politics-left,delete,FALSE,,,Personal challenges
6,RAIGgXfyIoE,UC5hk6O61heulo6Ld-ZNP6WA,politics-left,delete,FALSE,,,ridiculous MTV 
10,VrKW58MS12g,UCY1kMZp36IQSyNx_9h4mpCg,politics-left,delete,,,,
13,okpRE79cNS4,UCVnjt9mMx46gMUeTtONXimQ,politics-left,delete,,,,
14,aH9sJicxW3M,UC-RxXi2Xws6Uk22vp-sLbGA,politics-left,delete,,,,
3,wxTh9WPAwJQ,UCWkDZy71Gu5UNbEfZYpBP3w,politics-left,delete,FALSE,,,English teacher
9,AivQBXds-r0,UCSUf5_EPEfl4zlBKZHkZdmw,politics-left,delete,FALSE,,,famous young vlogger
2,-jqg5-BBumI,UCgIMbGazP0uBDy9JVCqBUaA,politics-left,dislike,FALSE,,,New York Mets
3,aV_DKZyLK08,UCZKI2MCvkyXN1CMQz3_vH-Q,politics-left,dislike,FALSE,,,religious
6,HeGVeBWECu8,UCt8jfvd9skBAOT6XJwc_mJg,politics-left,dislike,FALSE,,,Family feud
7,OdE9o3mfzTo,UCozhpe8AaGOMxLsQQWfC1cw,politics-left,dislike,FALSE,,,cats
3,gK_rdWSkrwI,UC2KX4Ty39jJ0-wBr4ROsTIQ,politics-left,dislike,FALSE,,,not english
4,8cW22x8jQUo,UC84h1wDMJllUwHD5bbgtYug,politics-left,dislike,FALSE,,,cats
7,shN1gMpH-sg,UCmHQeP-Mnw0CfGOrPptEqQQ,politics-left,dislike,FALSE,,,celebrity news
9,Z7BqVCSJO7M,UCvJJ_dzjViJCoLf5uKUTwoA,politics-left,dislike,TRUE,,,CNBC
4,L2QdEWrb4YU,UCY-0eE6fX-tkicr2mh8e_kA,politics-left,dislike,FALSE,,,book tv
9,JZk6VzSLe4Y,UCrp_UI8XtuYfpiqluWLD7Lw,politics-left,dislike,TRUE,,,
0,4d7WDsrlzGg,UCDIPsk87a6D3QqS0DeAUMPA,politics-left,dislike,TRUE,,,"Michael McIntee at the Uptake.org (definnitely pretty left from issues covered and goals, such as promoting social/racial justice)"
1,YDQvv5D4wYs,UCqG9incBfICz75gDPGM7RlA,politics-left,dislike,FALSE,,,black culture tv
5,6GKCEzsSM-E,UC_esrg5XDlU1AKjc4yFFWhA,politics-left,dislike,FALSE,,,fitness
4,wmXt2Xe2eec,UCEHnH8TLTOQ1x9JrBeNojlw,politics-left,dislike,FALSE,,,bird owner
5,9xtqm2W7sog,UCw65f7SizlMScEOolfDtu9g,politics-left,dislike,TRUE,,,Black agenda report
8,Mz8pGEhmZWw,UCWlIGsKGsvgFJHkiZml4O1A,politics-left,dislike,FALSE,,,death stories
14,0AjUhe846k8,UCiAcuTMKc_WBQGFjtPnjxJQ,politics-left,dislike,,,,
0,2s_u01rDtWM,UCAxm7cstvjQn02xPLCffSuQ,politics-left,dislike-recommendation,FALSE,,,some traveler's home videos
2,p15GwVo4RSA,UCbjBOso0vpWgDht9dPIVwhQ,politics-left,dislike-recommendation,FALSE,politics-right,,Right-wing ?
5,_NS2HR6nw20,UCMrZK0aDy9SK5SiP0oLTH_Q,politics-left,dislike-recommendation,FALSE,,,music
8,9jXwWCyMJyc,UC_AgdslCdhZScRqH8GzEybg,politics-left,dislike-recommendation,FALSE,,,life and culture from a vlogger
6,8V2iZcKTkpU,UCyri-PL3l4Dn9IooWXQAqfA,politics-left,dislike-recommendation,FALSE,,,not American
12,u1hgHTuNvdY,UClRjfLJIBl72CUkvZMJ7bKw,politics-left,dislike-recommendation,FALSE,,,Al capone
3,ouRtgHvtlE4,UCgXfssZEtwg2NkYCb4aJs1Q,politics-left,dislike-recommendation,FALSE,,,
5,yKxBpkbHnpg,UCJHObTFu75LOjJcmeAU5THA,politics-left,dislike-recommendation,FALSE,,,"financial news. No explicit political stance (analyzes current finacial events, recommends advice, but does not give opinion)"
7,3WP0x0or2P0,UCiQaJnMzlfzzG3VESgyZChA,politics-left,dislike-recommendation,TRUE,,,seantor Cardin's YouTube channel (Maryland)
8,dXf5x39txIY,UCJJj2V_7rdz1XmJ4ocTTVIA,politics-left,dislike-recommendation,FALSE,,,Movie/show reviews
9,rz007EbGh44,UCo9oQdIk1MfcnzypG3UnURA,politics-left,dislike-recommendation,TRUE,,,The Rational National- memeing/gossiping the right
0,VwzNgVXaD3w,UCxzcBfvmeLmUNjlyM7FMgFg,politics-left,dislike-recommendation,FALSE,,,Larry King
2,RV3JBkmmWgU,UC4yHhzzwt6yHNx0qv_2A-oA,politics-left,dislike-recommendation,FALSE,,,music
5,cIOADnzJFAI,UCSrSalXYmmGGdJilpEXJI5w,politics-left,dislike-recommendation,FALSE,,,college
7,JA-9AWVi_e4,UCbcaJmfiW8s-p6T4NxoSbQA,politics-left,dislike-recommendation,FALSE,,,goose channel
0,hF7hTaJq1Ec,UCUZAUoL2_bd9cR8R5T_iSlQ,politics-left,dislike-recommendation,FALSE,politics-right,,right wing
3,qFCgrP9yTdI,UCDwdDKYq0kcEAlziX5EEP3g,politics-left,dislike-recommendation,FALSE,,,Korean
3,Bdxn47_VXlo,UCLdxKhzTFBH85cjiSfMVeFQ,politics-left,no-channel,FALSE,,,Poi artists
6,V_vtYdABwA0,UCI15ZKi4kyBnueoUIvgCvoA,politics-left,no-channel,FALSE,,,basketball
0,2-uQ70LZEyc,UCto7D1L-MiRoOziCXK9uT5Q,politics-left,no-channel,FALSE,,,gamer
1,o8WCb_eOtio,UCVTyTA7-g9nopHeHbeuvpRA,politics-left,no-channel,FALSE,,,seth meyers
3,gK_rdWSkrwI,UC2KX4Ty39jJ0-wBr4ROsTIQ,politics-left,no-channel,FALSE,,,
4,KIrYZOpA6kE,UCpYF_3dMxbTukeCG2GsgPbA,politics-left,no-channel,FALSE,,,lifetime movies
3,h14dfWNUpDk,UChQcDfPBTntToJsQu0UZFmg,politics-left,no-channel,FALSE,,,not english
5,VMB9GTZ8CpY,UCXxxhymlqPIAXZE8dEgIPmw,politics-left,no-channel,FALSE,,,painters and Greek ppl
7,KMnjzluzSdI,UCUUUpaMp8DV6KUOfQwoIiLg,politics-left,no-channel,FALSE,,,Drag queen shows
10,Dx5qFachd3A,UCJhjE7wbdYAae1G25m0tHAA,politics-left,no-channel,FALSE,,,music
2,9jXwWCyMJyc,UC_AgdslCdhZScRqH8GzEybg,politics-left,no-channel,FALSE,,,
3,Kbenvv9rshI,UCgQ_mhiCNQZ1OrzTh_ODZhg,politics-left,no-channel,FALSE,,,old shows
10,NmsCcpaJ80E,UCdrt-uIAAdVVzaSVZ0NFMUA,politics-left,no-channel,FALSE,,,Reverend (not covering news)
11,2Vwal-FySkQ,UCKAs3wF6aKOpUhEhNYTiaAA,politics-left,no-channel,,,,
8,FjNPcyV8zFg,UCM7XCXnxtYJkkMN0zf0tsSw,politics-left,none,FALSE,,,music
10,p15GwVo4RSA,UCbjBOso0vpWgDht9dPIVwhQ,politics-left,none,,,,
3,K6aiO26qV00,UCm0E8djOS9gZ9cGyQHQwO0w,politics-left,none,FALSE,,,bird noises
3,840vzeJzToM,UCF5QCZAsFBUl_Oc520qoQVw,politics-left,none,FALSE,,,anime stuff
8,3WP0x0or2P0,UCiQaJnMzlfzzG3VESgyZChA,politics-left,none,TRUE,,,Senator Cardin (Maryland)
9,U3n7w_Lz09M,UCAehOwpmELvYCoioBgfUrYg,politics-left,none,FALSE,,,University projects
0,oDQyj8C8PoE,UCgIi12EA6BQ8HKL8QUccsOQ,politics-left,none,FALSE,,,"seems to ""meme"" the right a lot (mostly religious)"
2,h82Ag1u86bI,UCEbaDyWfvi9FYZFHvgExf2g,politics-left,none,FALSE,,,not English (mostly religious)
5,VCuAxtdmMP4,UCJm2TgUqtK1_NLBrjNQ1P-w,politics-left,none,TRUE,,,"Second Thought (supports climate change, better labor conditions)"
7,329yHXDvuYw,UCVTyTA7-g9nopHeHbeuvpRA,politics-left,none,FALSE,,,
2,oDQyj8C8PoE,UCgIi12EA6BQ8HKL8QUccsOQ,politics-left,none,FALSE,,,
5,eu16QyvgBac,UCIHdDJ0tjn_3j-FS7s_X1kQ,politics-left,none,FALSE,political-right,,"culture and financial urban myths (if anything, political right because pro-Elon and pro-Tate)"
1,khKVJlpJ06w,UCunTtvzuaNz5qhSiz_Gs_Cg,politics-left,not-interested,FALSE,,,orchestra
7,ZN41d7Txcq0,UCsooa4yRKGN_zEE8iknghZA,politics-left,not-interested,FALSE,,,ted ed
0,rP28MoLfe5A,UCzn_kMKbB-fn2MU6eblK6Hg,politics-left,not-interested,FALSE,,,male gaze
1,waNM0VF4ZBQ,UCOkbN_OvF8HipF1i3T-eF7g,politics-left,not-interested,FALSE,,,mostly funny content
3,2CmZIbqDB4c,UC2jDGHLWKW2x7ZJLYQyDwBQ,politics-left,not-interested,FALSE,,,interracial family
4,xpVQ3l5P0A4,UC7q-GcHyjCHkTpXCUTLzy7Q,politics-left,not-interested,FALSE,,,Philosophers
7,zLlidcjJ_3Y,UCNdGwhwU7EU51MuBhQFRL1g,politics-left,not-interested,FALSE,,,
8,CzPUyhGRrPw,UC7kI8WjpCfFoMSNDuRh_4lA,politics-left,not-interested,FALSE,,,music
9,eXzKkXQCY_Q,UCWrVJm6SwuxlNfOAJm0zIpQ,politics-left,not-interested,FALSE,,,skater
10,sC83_7hfiN0,UCRq9b2cT5pqYfp8zY0L2ohA,politics-left,not-interested,,,,
3,qDyWlJTk7jM,UC5UkClCcWjPGW5KCfbH0RlQ,politics-left,not-interested,FALSE,,,Food network
4,k0pRokiqC9Y,UCqXDICSaXJA1tsOZKLL8jDQ,politics-left,not-interested,FALSE,,,not english
0,Kz-zhuy2paw,UCT-tP7Q3t_YpvJsIbdIQCsg,politics-left,not-interested,FALSE,,,family vlog
2,ISVxi9PBj70,UCxQ5j4qz0YcWW5EfYGV3c-g,politics-left,not-interested,FALSE,political-right,,"pretty right-leaning (words like ""Feminazis"")"
3,18I49LmVQoE,UCVWejjrYApwv_PvdJp_2M6A,politics-left,not-interested,FALSE,,,train videos
5,O9epnUBQHXI,UC7_VH_kj0aD9vhuHmFheUYQ,politics-left,not-interested,FALSE,,,animals
6,alasBxZsb40,UCu2ap-zb8cxw-Pjzhcul1aQ,politics-left,not-interested,FALSE,,,old late night show
7,U7FuXrOgk4U,UC8MAjpnz3V57ePWnbkis6sg,politics-left,not-interested,FALSE,,,not english music
8,tdd93lspM6w,UC1YqxUTsDsMMkRO1-RugP0A,politics-left,not-interested,FALSE,,,ocean videos
10,6GKCEzsSM-E,UC_esrg5XDlU1AKjc4yFFWhA,politics-left,not-interested,FALSE,,,
0,ss6U_E3lGYk,UCQv44qD9R5Ae6Z3iUeZm7iQ,politics-left,not-interested,FALSE,politics,***,10news.com San Diego
2,LOSufbxsWvU,UC1_KPue8b1ZrHekaTkJucDQ,politics-left,not-interested,FALSE,,,NAACP but not political
3,WOO1hkhET7s,UCaK1Swbi9avy2yDODgpajGA,politics-left,not-interested,FALSE,,,anime
5,VDBaobp9lMU,UCUQbSc1HywX9kFyFX3UP2VA,politics-left,not-interested,FALSE,,,music
6,2nKEQZLor28,UC6A_LC-A5NVJ2vw9A0OjCug,politics-left,not-interested,FALSE,,,old movies
7,CaFUx_LDxN4,UC5uqISKNdMFBVzHwIOzZmIg,politics-left,not-interested,FALSE,,,music
8,7iBig24hXg8,UCfHTrA_ceeXZePMJRtuCuNQ,politics-left,not-interested,FALSE,,,animal facts
3,o2ml8QdwLhA,UCn9pdifs6sQmKz6lFVY_5ww,politics-left,watch,FALSE,,,dancing
2,5maqK7e3TWM,UC7WJmvsRaoU7ATWgSpG4pPg,politics-left,watch,FALSE,,,music
5,_749FvcCHZU,UCuWjKLSMsUqC8_J6Ld0RdQA,politics-left,watch,FALSE,,,Raiders football
9,Pw3fSp4cQ7Q,UCG4OUzWjr-wkHhevtajbmwg,politics-left,watch,FALSE,,,snow blower videos
0,LZMt7E_4jlI,UCpZ5qUqpW4hW4zdfuBxMSJA,politics-left,watch,FALSE,,,interesting facts
1,fNDuwvnwaVM,UCMtFAi84ehTSYSE9XoHefig,politics-left,watch,FALSE,,,Stephen Colbert
2,Dx5qFachd3A,UCJhjE7wbdYAae1G25m0tHAA,politics-left,watch,FALSE,,,
4,d0I7XjPHlkI,UCvQECJukTDE2i6aCoMnS-Vg,politics-left,watch,FALSE,,,science pop culture
3,DGP_en0y8kk,UCk_V82EtAkLZoxU26ND6HpQ,politics-left,watch,FALSE,,,doesn't exist
4,TksiC3UwZCk,UC3U3H8QvFoU7B5TG0xaeDNg,politics-left,watch,FALSE,,,old photos
5,JcB8lddxzyo,UC7Kk1UNRnV3AVuu0CKnniCQ,politics-left,watch,FALSE,,,old movies
7,0ER2GMrJ96M,UCNJFXYXkXt_P8bJUxb21MpA,politics-left,watch,FALSE,,,music
8,FD5gN2W37Uc,UCMtFAi84ehTSYSE9XoHefig,politics-left,watch,FALSE,,,
7,l5XP6T7xqek,UCSm-R5OcwjKSeQZFC6VROVw,politics-right,delete,FALSE,,,
7,P366EwlduJw,UCNnQqoYFCqLID3GAMkGtS6A,politics-right,delete,FALSE,,,music
10,EqhsvSCW4uI,UCksmpNjecyJ2zRJM-2tLMxg,politics-right,delete,,,,
10,oVEwzD9IhSo,UC0QHWhjbe5fGJEPz3sVb6nw,politics-right,delete,FALSE,,,
13,v3vWfuyGI4E,UCDogdKl7t7NHzQ95aEwkdMw,politics-right,delete,,,,
3,zE-a5eqvlv8,UCX-USfenzQlhrEJR1zD5IYw,politics-right,delete,FALSE,,,music
4,sF3aZAVOcmk,UCZ5LTHymnX5rzmB7dNOaoIQ,politics-right,delete,FALSE,,,music
10,-yFeZekJxZ8,UCi5iWloxIFmvZ5Za1yyqLmg,politics-right,delete,,,,
1,WQIqSjbFHr8,UCRV957SlkMGmldZYa5rhRog,politics-right,delete,FALSE,,,music
3,jZyhaqpZ2MY,UCKzcixdEG8TmC2FKNhdVRPQ,politics-right,delete,FALSE,,,industrial tools
9,w3tENzcssDU,UCJka5SDh36_N4pjJd69efkg,politics-right,delete,FALSE,,,nfl
13,LmqUIkbEosY,UCu4XcDBdnZkV6-5z2f16M0g,politics-right,delete,,,,
14,Dx5qFachd3A,UCJhjE7wbdYAae1G25m0tHAA,politics-right,delete,FALSE,,,
0,Fl-2c-65cg0,UClW9rOydULtIYaieUJCC4oQ,politics-right,dislike,FALSE,,,Christian
4,q_IqfIJEO_4,UCJvRvGL9zH1uBZ-E9uIs5yQ,politics-right,dislike,FALSE,,,industrial trucks
13,2-uQ70LZEyc,UCto7D1L-MiRoOziCXK9uT5Q,politics-right,dislike,FALSE,,,
14,iIoR3FGH7hw,UC3TL2lUPabRGPbg4HqcuEyQ,politics-right,dislike,,,,
3,LBr0GYbPGWY,UCQkxqLTGPEPPNrKbhXCeA7A,politics-right,dislike,FALSE,,,not english
8,5eVt3i-Lq-w,UCrGykYUv6lHbZhIOuSOnHHQ,politics-right,dislike,FALSE,,,removed
0,M4jcCmVmHUY,UCUpQIjV2gHhQW82vtNbdOSQ,politics-right,dislike,FALSE,,,florida women's hall of fame
7,6NtdooZE4xA,UCDFLiE2iGUvlZMmhemzy6eA,politics-right,dislike,FALSE,politics,***,local news
0,mz4uY2iX3QI,UCAzmZBRizw70GVykyfMQ_BA,politics-right,dislike-recommendation,FALSE,politics,***,Indianapolis news
7,FISvkNWrNAw,UC193r5YXcpQJV34N99ZbhzQ,politics-right,dislike-recommendation,TRUE,,,pro-gun gun channel
9,PEDmMoDWewg,UC8BS31SZ_-lhi9iRZ1vRqIA,politics-right,dislike-recommendation,FALSE,,,Freedom Pact (but not mostly current events)
10,7geKSeSSRa4,UChxwvZ-7WcmNAhl6Gv2thoA,politics-right,dislike-recommendation,,,,
3,8TkqDiknvjg,UCL8O1K8TK81uv75Fd6i6sJw,politics-right,dislike-recommendation,FALSE,,,not English
5,JCTQeQxJmGY,UCeINOVY1byiPZpcSmpbqeRg,politics-right,dislike-recommendation,FALSE,,,Christianity
8,oH_2_ZDtP8w,UCHgI_MItRWEKLX7lKz7Xn0g,politics-right,dislike-recommendation,FALSE,,,top 5 unknowns
4,4ZvThCWkGx8,UCsPF0ndwSw55vc8dXjdCetg,politics-right,dislike-recommendation,FALSE,,,Chinese Christianity
2,lrfuZitxwgk,UCyu_LN8BrHfSqgCgU67qCcg,politics-right,dislike-recommendation,FALSE,,,not English
5,7AUMxxefHN4,UCHE92x768p8h-fMrqhsnE1Q,politics-right,dislike-recommendation,FALSE,,,Earthquake analysis
7,I6a6EYOYpOY,UCp8W1bzofvzB8MfZSkYW2xw,politics-right,dislike-recommendation,FALSE,,,not English
9,PVe-cmH9AHk,UCFtjvDZ35-rldNXURrfKSKQ,politics-right,dislike-recommendation,FALSE,,,Bruce Lee
6,yVm7PmqeR_U,UCAfcdqiPUDqIr3Pv_AGIjZQ,politics-right,no-channel,FALSE,,,car repair
1,4J5Zx5YotBU,UCEaVYnwbWa6Jzu1xfqk3RQg,politics-right,no-channel,FALSE,,,"Bill of Rights Institute (not current events, but educational about bill of rights)"
4,LBr0GYbPGWY,UCQkxqLTGPEPPNrKbhXCeA7A,politics-right,no-channel,FALSE,,,
6,tzBPBF_ZlKU,UCXwRxm0zS0jBNTMOVI6xZJw,politics-right,no-channel,FALSE,politics-left,,local news
7,MbkBy7OCxP0,UCIAXaU6LIcZyoHYWqVLM4wg,politics-right,no-channel,FALSE,politics-left,,meme-ing the right
10,-B02c3ZYsCQ,UCnxGkOGNMqQEUMvroOWps6Q,politics-right,no-channel,,,,
12,VzZG8kVSbW4,UCcidP2YLRiC2sclvahy-Q1w,politics-right,no-channel,FALSE,,,
4,ENGhPQcnIm8,UCixrmTfMM_YjeDHtXXcsg4w,politics-right,no-channel,FALSE,,,Chinese shows
6,KuQ8nG1kl8M,UCYZ5xUIvJTgcqbAQCI69-IA,politics-right,no-channel,FALSE,,,dogs
7,V_vo34IklFA,UCnQC_G5Xsjhp9fEJKuIcrSw,politics-right,no-channel,TRUE,,,Ben Shapiro
13,n_8V3oxl0FM,UC9l0MbwmC88-wv9M8qORxwA,politics-right,no-channel,FALSE,,,
10,lUh5try7DUQ,UCDvJcb8Adv-_bOrtnRLmiDw,politics-right,none,,,,
2,LBr0GYbPGWY,UCQkxqLTGPEPPNrKbhXCeA7A,politics-right,none,FALSE,,,
1,uJ4sQ5HdW3U,UCTjuOh3tolH2E2YeuMJcYZg,politics-right,none,FALSE,,,not English
14,htcIXBbA_K4,UCzTWdr_9IVWWmeStz5qDjoA,politics-right,none,,,,
1,jreBmGkuEBc,UC5AQEUAwCh1sGDvkQtkDWUQ,politics-right,none,FALSE,,***,"Theo Von (political ideas link). He invites Right-leaning people (Joe Rogan, Mike Row) sometimes in addition to left"
2,-vxy-itMufk,UCcPvcC-9AFJ2DGa42mR7A-Q,politics-right,none,FALSE,,,music
11,TFUbAAUsTOc,UCQFC6xLJy3NzxGXRkaPrlYQ,politics-right,none,,,,
14,FISvkNWrNAw,UC193r5YXcpQJV34N99ZbhzQ,politics-right,none,TRUE,,,
7,eHk_Y8bu13w,UCIGssa4o9aOlfSyOLuQmkEA,politics-right,not-interested,FALSE,,,old political interviews/speeches
8,-EiICzIk6CM,UC-TY8Ym2ApEFV0NWG_hDaGQ,politics-right,not-interested,FALSE,,,nature news
9,8tH9qGhg7YM,UCSUu1lih2RifWkKtDOJdsBA,politics-right,not-interested,FALSE,,,nasa space launches
13,Ong9hsqEBhc,UCry2gCVdntv6r661sKUiKXw,politics-right,not-interested,,,,
8,hIdsjNGCGz4,UCFPRJAk5PTylG45BpLI5Xqw,politics-right,not-interested,FALSE,,,movie
10,dT-pZhKkU_c,UC4PooiX37Pld1T8J5SYT-SQ,politics-right,not-interested,,,,
3,sHBIp3PlPWU,UCoTBw2Hnw0agvwD0KeLeJWg,politics-right,not-interested,FALSE,,,not English
4,VzZG8kVSbW4,UCcidP2YLRiC2sclvahy-Q1w,politics-right,not-interested,FALSE,,,sermons
5,JCTQeQxJmGY,UCeINOVY1byiPZpcSmpbqeRg,politics-right,not-interested,FALSE,,,
7,oBLm0uxE62k,UC0fWyGqW2XovKQ8rfZjpBZg,politics-right,not-interested,FALSE,,,scary animal stuff
1,IlgtAzQhfOs,UC51KgmIyNO6uqxb68sjgIXw,politics-right,not-interested,FALSE,,,remote traveler
3,_wWuACN_H_w,UCEJ5DkrIHqp6Zk6ZWIctBvA,politics-right,not-interested,FALSE,,,Christianity
5,Vp6GB4hwiCU,UCAlZ-9e75wau2hY_wWFliNA,politics-right,not-interested,FALSE,,,military news
1,bTG4yhtZ2Rg,UChaEeYV0iibwFqrmFYTweVA,politics-right,not-interested,FALSE,,,police body cams
3,Nu14bMmp5jQ,UCl5D4Tu7y6K96VMW5VLdJFA,politics-right,not-interested,FALSE,,,not English
7,k0lcF4RR_2E,UCPxvIlOWOaQW55OWTNfnPNQ,politics-right,not-interested,FALSE,,,agricultural tech
8,je1NIf8GeeY,UCqFzWxSCi39LnW1JKFR3efg,politics-right,not-interested,FALSE,,,SNL
12,d-gf7aPfncE,UCF8HUTbUwPKh2Q-KpGOCVGw,politics-right,not-interested,,,,
2,CcyB8FrbbBk,UCNxRbvq5PfT7YcXUi42t10A,politics-right,watch,FALSE,,,tech solutions
4,Tq0LLB-X4is,UCN8tDK98j963MHZ5BJ15CeA,politics-right,watch,FALSE,politics-left,,Buffalo public media
7,E7-Kht9Xnzc,UCpZ5qUqpW4hW4zdfuBxMSJA,politics-right,watch,FALSE,,,
8,D7B_GDHm0jU,UCxcTeAKWJca6XyJ37_ZoKIQ,politics-right,watch,FALSE,,,Pat McAfee
2,cMOlyCfRDp0,UCsXvnpvsr3Y7yup_eXvkqOw,politics-right,watch,FALSE,,,not English
9,anxeBFDvqyE,UC2kkU18MIJpUaCdokZj3_kQ,politics-right,watch,FALSE,,***,"trolling liberals, Zeducation"
13,xQigh3BEnpU,UCj70Q3DUTZVqB51SfdrYpeg,politics-right,watch,,,,
0,QgLuZaPeRa4,UCLFndeI09kfxpjP9hdLkNrg,politics-right,watch,FALSE,,,tractor videos
2,jLhOKe4wQV8,UCHL1dO7FqLnXLZZ9xtWU8sQ,politics-right,watch,FALSE,,,Miami Dolphins
4,UJwNJyAymZg,UC_UQ1-0AIscLf9G-rAs4zKw,politics-right,watch,FALSE,,,TSA catches
10,n_8V3oxl0FM,UC9l0MbwmC88-wv9M8qORxwA,politics-right,watch,FALSE,,,
1,3lbrAHYC12w,UCwHKLYLfz6M14SbBahFH5VA,politics-right,watch,FALSE,politics-left,,local news (on MBFC)
2,mUeuMPcwjUw,UCGfKLaQbUmgxq3r2Zn3oCDg,politics-right,watch,FALSE,,,Christianity
14,J1_67ZqDeyc,UCktceZtn0Kxd53qjjM2KzqA,politics-right,watch,,,,
2,JLxMAM8hqRg,UCv-WFkw7BpAqSzHfJBqhuIw,politics-right,watch,FALSE,,,soccer mtaches
5,REILS-9aTMM,UCBx8oobBZc72tOFOMAEzthA,politics-right,watch,FALSE,,,music
7,u6-mBp0dRms,UC_0r3EheCnp-wVvndYDGviQ,politics-right,watch,FALSE,,,true crime
8,3TSBftO5Vjs,UCuXT13wiqK56NR7QSfDWpvg,politics-right,watch,FALSE,,,local news (on MBFC)